ISO-10303-21;
HEADER;
FILE_DESCRIPTION (( 'STEP AP203' ),
    '1' );
FILE_NAME ('Same_Sky_SJ3-35013A-SMT-TR.step',
    '2024-10-01T21:05:28',
    ( '' ),
    ( '' ),
    'SwSTEP 2.0',
    'SolidWorks 2024',
    '' );
FILE_SCHEMA (( 'CONFIG_CONTROL_DESIGN' ));
ENDSEC;

DATA;
#1 = VECTOR ( 'NONE', #8323, 39.37007874015748143 ) ;
#2 = ORIENTED_EDGE ( 'NONE', *, *, #4618, .T. ) ;
#3 = ORIENTED_EDGE ( 'NONE', *, *, #1714, .F. ) ;
#4 = DIRECTION ( 'NONE',  ( 0.000000000000000000, 0.000000000000000000, 1.000000000000000000 ) ) ;
#5 = LINE ( 'NONE', #3547, #6430 ) ;
#6 = EDGE_CURVE ( 'NONE', #10258, #10354, #1429, .T. ) ;
#7 = DIRECTION ( 'NONE',  ( 0.000000000000000000, 0.000000000000000000, 1.000000000000000000 ) ) ;
#8 = DIRECTION ( 'NONE',  ( 0.000000000000000000, 0.000000000000000000, 1.000000000000000000 ) ) ;
#9 = DIRECTION ( 'NONE',  ( -1.000000000000000000, -0.000000000000000000, -0.000000000000000000 ) ) ;
#10 = DIRECTION ( 'NONE',  ( 0.000000000000000000, 0.000000000000000000, -1.000000000000000000 ) ) ;
#11 = DIRECTION ( 'NONE',  ( 1.000000000000000000, 0.000000000000000000, 0.000000000000000000 ) ) ;
#12 = ORIENTED_EDGE ( 'NONE', *, *, #8380, .T. ) ;
#13 = EDGE_LOOP ( 'NONE', ( #1622, #1636, #10172, #2206 ) ) ;
#14 = CARTESIAN_POINT ( 'NONE',  ( 0.04133844390172180389, 0.09842519685039370636, 0.1555118110254527508 ) ) ;
#15 = ORIENTED_EDGE ( 'NONE', *, *, #1822, .F. ) ;
#16 = LINE ( 'NONE', #4539, #1485 ) ;
#17 = ORIENTED_EDGE ( 'NONE', *, *, #10071, .T. ) ;
#18 = CIRCLE ( 'NONE', #2242, 0.01574803149606296415 ) ;
#19 = ADVANCED_FACE ( 'NONE', ( #455 ), #5628, .T. ) ;
#20 = VECTOR ( 'NONE', #8980, 39.37007874015748143 ) ;
#21 = DIRECTION ( 'NONE',  ( 0.000000000000000000, -1.000000000000000000, 0.000000000000000000 ) ) ;
#22 = ADVANCED_BREP_SHAPE_REPRESENTATION ( 'Same_Sky_SJ3-35013A-SMT-TR', ( #5584, #7287, #9436, #1736, #1775, #7305 ), #5923 ) ;
#23 = LINE ( 'NONE', #6303, #6049 ) ;
#24 = EDGE_CURVE ( 'NONE', #1715, #10378, #9251, .T. ) ;
#25 = CARTESIAN_POINT ( 'NONE',  ( 0.02559055118110236532, 0.03849588474344308592, 0.3892758814524934219 ) ) ;
#26 = CARTESIAN_POINT ( 'NONE',  ( 0.1181102362204724532, 0.01771653543307086937, 0.1791338582677165503 ) ) ;
#27 = DIRECTION ( 'NONE',  ( 0.000000000000000000, 0.000000000000000000, 1.000000000000000000 ) ) ;
#28 = CARTESIAN_POINT ( 'NONE',  ( 0.1259842519685039353, -0.08070866141732283006, 0.2173228346456692883 ) ) ;
#29 = FACE_OUTER_BOUND ( 'NONE', #641, .T. ) ;
#30 = VECTOR ( 'NONE', #9697, 39.37007874015748143 ) ;
#31 = VERTEX_POINT ( 'NONE', #5929 ) ;
#32 = VECTOR ( 'NONE', #4082, 39.37007874015748143 ) ;
#33 = CARTESIAN_POINT ( 'NONE',  ( -0.1313389175166362888, -0.09842519685039370636, 0.2016895358813007577 ) ) ;
#34 = ORIENTED_EDGE ( 'NONE', *, *, #6256, .F. ) ;
#35 = ADVANCED_FACE ( 'NONE', ( #6803 ), #1481, .T. ) ;
#36 = LINE ( 'NONE', #6375, #9925 ) ;
#37 = VECTOR ( 'NONE', #11060, 39.37007874015748143 ) ;
#38 = CARTESIAN_POINT ( 'NONE',  ( 0.09842519685035439059, -1.280553747030123384E-17, -0.09055118110236221041 ) ) ;
#39 = VECTOR ( 'NONE', #896, 39.37007874015748143 ) ;
#40 = VERTEX_POINT ( 'NONE', #499 ) ;
#41 = DIRECTION ( 'NONE',  ( -1.000000000000000000, 0.000000000000000000, 0.000000000000000000 ) ) ;
#42 = CARTESIAN_POINT ( 'NONE',  ( 0.02551897535624016514, 0.09601394894775590327, 0.03796623609449606418 ) ) ;
#43 = VECTOR ( 'NONE', #7332, 39.37007874015748143 ) ;
#44 = EDGE_LOOP ( 'NONE', ( #9722, #10245, #7411, #7154 ) ) ;
#45 = ORIENTED_EDGE ( 'NONE', *, *, #8886, .T. ) ;
#46 = EDGE_CURVE ( 'NONE', #4822, #2777, #5677, .T. ) ;
#47 = DIRECTION ( 'NONE',  ( 1.000000000000000000, 0.000000000000000000, 0.000000000000000000 ) ) ;
#48 = ORIENTED_EDGE ( 'NONE', *, *, #4985, .F. ) ;
#49 = CIRCLE ( 'NONE', #4681, 0.007874015748031482076 ) ;
#50 = LINE ( 'NONE', #3648, #8103 ) ;
#51 = DIRECTION ( 'NONE',  ( 0.000000000000000000, 0.000000000000000000, 1.000000000000000000 ) ) ;
#52 = DIRECTION ( 'NONE',  ( 0.000000000000000000, 1.000000000000000000, 0.000000000000000000 ) ) ;
#53 = CARTESIAN_POINT ( 'NONE',  ( 0.1082677165354330728, -0.05118110236220473758, 0.1574803149606299191 ) ) ;
#54 = VERTEX_POINT ( 'NONE', #9293 ) ;
#55 = DIRECTION ( 'NONE',  ( 0.000000000000000000, 0.000000000000000000, 1.000000000000000000 ) ) ;
#56 = AXIS2_PLACEMENT_3D ( 'NONE', #10377, #8954, #10703 ) ;
#57 = EDGE_CURVE ( 'NONE', #3146, #2388, #3887, .T. ) ;
#58 = ADVANCED_FACE ( 'NONE', ( #6615 ), #10227, .T. ) ;
#59 = ORIENTED_EDGE ( 'NONE', *, *, #2756, .T. ) ;
#60 = VERTEX_POINT ( 'NONE', #10173 ) ;
#61 = FACE_OUTER_BOUND ( 'NONE', #8909, .T. ) ;
#62 = VERTEX_POINT ( 'NONE', #2238 ) ;
#63 = DIRECTION ( 'NONE',  ( 1.000000000000000000, 0.000000000000000000, 0.000000000000000000 ) ) ;
#64 = DIRECTION ( 'NONE',  ( 0.000000000000000000, 1.000000000000000000, 0.000000000000000000 ) ) ;
#65 = CARTESIAN_POINT ( 'NONE',  ( -0.1313389175166534972, -0.08858267716535435377, 0.3297527701046850113 ) ) ;
#66 = LINE ( 'NONE', #3606, #945 ) ;
#67 = CIRCLE ( 'NONE', #7314, 0.09842519685039370636 ) ;
#68 = DIRECTION ( 'NONE',  ( -1.000000000000000000, 0.000000000000000000, 0.000000000000000000 ) ) ;
#69 = CARTESIAN_POINT ( 'NONE',  ( -0.03149606299212598381, 0.08464566929133858497, 0.3267716535433071168 ) ) ;
#70 = LINE ( 'NONE', #9849, #10300 ) ;
#71 = ORIENTED_EDGE ( 'NONE', *, *, #1847, .F. ) ;
#72 = ORIENTED_EDGE ( 'NONE', *, *, #10454, .F. ) ;
#73 = ORIENTED_EDGE ( 'NONE', *, *, #7874, .F. ) ;
#74 = EDGE_CURVE ( 'NONE', #6790, #8977, #2178, .T. ) ;
#75 = ORIENTED_EDGE ( 'NONE', *, *, #2428, .F. ) ;
#76 = VECTOR ( 'NONE', #3032, 39.37007874015748143 ) ;
#77 = CARTESIAN_POINT ( 'NONE',  ( 0.1181102362204724532, 0.05905511811023622659, 0.3523622047244094890 ) ) ;
#78 = DIRECTION ( 'NONE',  ( 0.000000000000000000, 0.000000000000000000, 1.000000000000000000 ) ) ;
#79 = CARTESIAN_POINT ( 'NONE',  ( -0.1131889763779527630, -0.05905511811023622659, 0.1712598425196850405 ) ) ;
#80 = CARTESIAN_POINT ( 'NONE',  ( 0.02164873709120480882, -0.09601485083876813709, 0.1041105237603663081 ) ) ;
#81 = DIRECTION ( 'NONE',  ( 0.000000000000000000, -1.000000000000000000, 0.000000000000000000 ) ) ;
#82 = CARTESIAN_POINT ( 'NONE',  ( 0.1082677165354330728, 0.03937007874015484299, 0.1811023622047244208 ) ) ;
#83 = LINE ( 'NONE', #5538, #120 ) ;
#84 = CARTESIAN_POINT ( 'NONE',  ( -0.04133858267716536417, 0.09888308585972441223, 0.1712598425196850405 ) ) ;
#85 = AXIS2_PLACEMENT_3D ( 'NONE', #9620, #8748, #269 ) ;
#86 = VERTEX_POINT ( 'NONE', #9353 ) ;
#87 = EDGE_CURVE ( 'NONE', #6249, #1501, #2937, .T. ) ;
#88 = VERTEX_POINT ( 'NONE', #3928 ) ;
#89 = VERTEX_POINT ( 'NONE', #5614 ) ;
#90 = PLANE ( 'NONE',  #1355 ) ;
#91 = VECTOR ( 'NONE', #1859, 39.37007874015748143 ) ;
#92 = AXIS2_PLACEMENT_3D ( 'NONE', #4841, #3861, #8354 ) ;
#93 = LINE ( 'NONE', #5326, #7339 ) ;
#94 = VERTEX_POINT ( 'NONE', #8489 ) ;
#95 = DIRECTION ( 'NONE',  ( 0.000000000000000000, 1.000000000000000000, 0.000000000000000000 ) ) ;
#96 = DIRECTION ( 'NONE',  ( -1.000000000000000000, 0.000000000000000000, 0.000000000000000000 ) ) ;
#97 = DIRECTION ( 'NONE',  ( 1.000000000000000000, 0.000000000000000000, 0.000000000000000000 ) ) ;
#98 = EDGE_CURVE ( 'NONE', #8336, #6500, #379, .T. ) ;
#99 = VECTOR ( 'NONE', #8385, 39.37007874015748143 ) ;
#100 = VECTOR ( 'NONE', #5080, 39.37007874015748143 ) ;
#101 = EDGE_CURVE ( 'NONE', #11270, #5906, #1299, .T. ) ;
#102 = ORIENTED_EDGE ( 'NONE', *, *, #8073, .F. ) ;
#103 = ORIENTED_EDGE ( 'NONE', *, *, #1917, .F. ) ;
#104 = LINE ( 'NONE', #6220, #11408 ) ;
#105 = VECTOR ( 'NONE', #9215, 39.37007874015748854 ) ;
#106 = CIRCLE ( 'NONE', #10889, 0.07086614173228347746 ) ;
#107 = CARTESIAN_POINT ( 'NONE',  ( -0.1244494698206299321, -0.06692913385826770867, 0.09055118110236221041 ) ) ;
#108 = DIRECTION ( 'NONE',  ( 0.000000000000000000, -1.000000000000000000, 0.000000000000000000 ) ) ;
#109 = CARTESIAN_POINT ( 'NONE',  ( 0.04734251968503937202, 0.09153543307086615954, 0.2106299212598425064 ) ) ;
#110 = EDGE_CURVE ( 'NONE', #5030, #7185, #4270, .T. ) ;
#111 = CARTESIAN_POINT ( 'NONE',  ( 0.1082677165354330728, 0.03937007874015484299, 0.08661417322834646937 ) ) ;
#112 = ORIENTED_EDGE ( 'NONE', *, *, #2719, .T. ) ;
#113 = DIRECTION ( 'NONE',  ( -1.000000000000000000, 0.000000000000000000, 0.000000000000000000 ) ) ;
#114 = VECTOR ( 'NONE', #3260, 39.37007874015748143 ) ;
#115 = ORIENTED_EDGE ( 'NONE', *, *, #1983, .T. ) ;
#116 = AXIS2_PLACEMENT_3D ( 'NONE', #2434, #572, #7572 ) ;
#117 = VERTEX_POINT ( 'NONE', #4910 ) ;
#118 = ORIENTED_EDGE ( 'NONE', *, *, #8957, .T. ) ;
#119 = LINE ( 'NONE', #5399, #3079 ) ;
#120 = VECTOR ( 'NONE', #10738, 39.37007874015748143 ) ;
#121 = FACE_OUTER_BOUND ( 'NONE', #7797, .T. ) ;
#122 = CARTESIAN_POINT ( 'NONE',  ( -0.03149606299212598381, 0.08464566929133858497, 0.1968503937007874127 ) ) ;
#123 = CARTESIAN_POINT ( 'NONE',  ( -0.1082677165354330728, 0.000000000000000000, 0.3188976377952755792 ) ) ;
#124 = DIRECTION ( 'NONE',  ( 0.000000000000000000, 1.000000000000000000, 0.000000000000000000 ) ) ;
#125 = ADVANCED_FACE ( 'NONE', ( #7374 ), #10984, .F. ) ;
#126 = CARTESIAN_POINT ( 'NONE',  ( -0.01133147030765540263, -0.09785374651725546602, 0.3153540156838674502 ) ) ;
#127 = EDGE_CURVE ( 'NONE', #2909, #5961, #11049, .T. ) ;
#128 = DIRECTION ( 'NONE',  ( 0.000000000000000000, 0.000000000000000000, -1.000000000000000000 ) ) ;
#129 = ORIENTED_EDGE ( 'NONE', *, *, #4001, .F. ) ;
#130 = ORIENTED_EDGE ( 'NONE', *, *, #967, .F. ) ;
#131 = ORIENTED_EDGE ( 'NONE', *, *, #9452, .F. ) ;
#132 = DIRECTION ( 'NONE',  ( -1.000000000000000000, -0.000000000000000000, -0.000000000000000000 ) ) ;
#133 = ORIENTED_EDGE ( 'NONE', *, *, #5831, .T. ) ;
#134 = CARTESIAN_POINT ( 'NONE',  ( -0.05208482784647124747, 0.09842519685039372024, 0.3365808570626717677 ) ) ;
#135 = CARTESIAN_POINT ( 'NONE',  ( 0.000000000000000000, 0.000000000000000000, -0.09055130052448821798 ) ) ;
#136 = DIRECTION ( 'NONE',  ( 0.000000000000000000, 0.000000000000000000, 1.000000000000000000 ) ) ;
#137 = DIRECTION ( 'NONE',  ( 0.000000000000000000, 0.000000000000000000, -1.000000000000000000 ) ) ;
#138 = DIRECTION ( 'NONE',  ( 0.000000000000000000, 0.000000000000000000, -1.000000000000000000 ) ) ;
#139 = CARTESIAN_POINT ( 'NONE',  ( 0.07322834645669720754, 0.08464566929133858497, 0.2381889763779512226 ) ) ;
#140 = CARTESIAN_POINT ( 'NONE',  ( -0.02559055118110433250, 0.08316328890936933171, 0.1712598425196850405 ) ) ;
#141 = CARTESIAN_POINT ( 'NONE',  ( 0.1082677165354330728, -0.05905511811023622659, 0.1692913385826771699 ) ) ;
#142 = ORIENTED_EDGE ( 'NONE', *, *, #8525, .F. ) ;
#143 = ORIENTED_EDGE ( 'NONE', *, *, #2979, .T. ) ;
#144 = FACE_OUTER_BOUND ( 'NONE', #2202, .T. ) ;
#145 = DIRECTION ( 'NONE',  ( -0.8285309289405726751, 0.000000000000000000, 0.5599433005125354912 ) ) ;
#146 = ORIENTED_EDGE ( 'NONE', *, *, #2663, .T. ) ;
#147 = CARTESIAN_POINT ( 'NONE',  ( -0.03811510900259495321, 0.08858267716535439540, 0.3326771653543308394 ) ) ;
#148 = ADVANCED_FACE ( 'NONE', ( #4851 ), #6441, .F. ) ;
#149 = CARTESIAN_POINT ( 'NONE',  ( 0.000000000000000000, 0.08464566929133858497, 0.2834645669291339098 ) ) ;
#150 = CARTESIAN_POINT ( 'NONE',  ( -0.1417322834645669549, 0.009842519685039369942, 0.08661417322834646937 ) ) ;
#151 = EDGE_LOOP ( 'NONE', ( #10384, #3113, #1282, #7238 ) ) ;
#152 = ORIENTED_EDGE ( 'NONE', *, *, #2154, .T. ) ;
#153 = VECTOR ( 'NONE', #1517, 39.37007874015748143 ) ;
#154 = LINE ( 'NONE', #2714, #5068 ) ;
#155 = EDGE_CURVE ( 'NONE', #612, #5252, #8425, .T. ) ;
#156 = VERTEX_POINT ( 'NONE', #5553 ) ;
#157 = LINE ( 'NONE', #5623, #6598 ) ;
#158 = ADVANCED_FACE ( 'NONE', ( #3992 ), #7549, .F. ) ;
#159 = CARTESIAN_POINT ( 'NONE',  ( 0.1278955555526377907, -0.09159608583385828173, 0.2165067731237401982 ) ) ;
#160 = CARTESIAN_POINT ( 'NONE',  ( -0.02937773522420721040, 0.1135819979870311969, 0.03003739061367194374 ) ) ;
#161 = CARTESIAN_POINT ( 'NONE',  ( -0.09901574803149608417, 0.01968503937007873988, 0.3838582677165355284 ) ) ;
#162 = VERTEX_POINT ( 'NONE', #1120 ) ;
#163 = CARTESIAN_POINT ( 'NONE',  ( -0.1422251440816940105, -0.09842519685039370636, 0.3223955678324820218 ) ) ;
#164 = ORIENTED_EDGE ( 'NONE', *, *, #7347, .T. ) ;
#165 = ORIENTED_EDGE ( 'NONE', *, *, #2582, .F. ) ;
#166 = EDGE_CURVE ( 'NONE', #2712, #3579, #3121, .T. ) ;
#167 = DIRECTION ( 'NONE',  ( 0.000000000000000000, 0.000000000000000000, -1.000000000000000000 ) ) ;
#168 = CARTESIAN_POINT ( 'NONE',  ( 0.09052222341979548892, 0.002590049548134565165, -0.09842519477324822297 ) ) ;
#169 = CARTESIAN_POINT ( 'NONE',  ( 0.000000000000000000, -0.09842519685039370636, 0.4133858267716535861 ) ) ;
#170 = EDGE_CURVE ( 'NONE', #7185, #3290, #8244, .T. ) ;
#171 = CARTESIAN_POINT ( 'NONE',  ( 0.1417322834645669549, 0.009842519685039369942, 0.05511811023622047168 ) ) ;
#172 = DIRECTION ( 'NONE',  ( 1.000000000000000000, 0.000000000000000000, 0.000000000000000000 ) ) ;
#173 = CARTESIAN_POINT ( 'NONE',  ( -0.01929276175359638176, -0.09659993411341195879, 0.3233160857966594914 ) ) ;
#174 = DIRECTION ( 'NONE',  ( 0.000000000000000000, 1.000000000000000000, 0.000000000000000000 ) ) ;
#175 = ORIENTED_EDGE ( 'NONE', *, *, #7381, .F. ) ;
#176 = LINE ( 'NONE', #1214, #9303 ) ;
#177 = ORIENTED_EDGE ( 'NONE', *, *, #4956, .T. ) ;
#178 = ORIENTED_EDGE ( 'NONE', *, *, #233, .F. ) ;
#179 = DIRECTION ( 'NONE',  ( -0.000000000000000000, -0.000000000000000000, -1.000000000000000000 ) ) ;
#180 = ORIENTED_EDGE ( 'NONE', *, *, #3081, .F. ) ;
#181 = LINE ( 'NONE', #6530, #1867 ) ;
#182 = EDGE_CURVE ( 'NONE', #1137, #840, #6964, .T. ) ;
#183 = CARTESIAN_POINT ( 'NONE',  ( 0.000000000000000000, 0.06303179748775590563, 0.3608977871496457102 ) ) ;
#184 = LINE ( 'NONE', #1045, #6975 ) ;
#185 = VECTOR ( 'NONE', #10007, 39.37007874015748143 ) ;
#186 = DIRECTION ( 'NONE',  ( -1.000000000000000000, 0.000000000000000000, 0.000000000000000000 ) ) ;
#187 = CARTESIAN_POINT ( 'NONE',  ( 0.1259842519685039353, -0.08070866141732283006, 0.09133858267716535306 ) ) ;
#188 = CARTESIAN_POINT ( 'NONE',  ( -0.1244494698206299321, -0.08267716535433072833, 0.05118110236220473758 ) ) ;
#189 = CARTESIAN_POINT ( 'NONE',  ( 0.02559055118110236879, 0.05634701029051766841, 0.3749112753754849092 ) ) ;
#190 = LINE ( 'NONE', #3734, #10720 ) ;
#191 = CARTESIAN_POINT ( 'NONE',  ( 0.06482784625098425568, 0.09350393700787401619, 0.07596455767401574799 ) ) ;
#192 = ORIENTED_EDGE ( 'NONE', *, *, #8073, .T. ) ;
#193 = AXIS2_PLACEMENT_3D ( 'NONE', #9258, #4190, #1724 ) ;
#194 = CIRCLE ( 'NONE', #2423, 0.005905511811023620231 ) ;
#195 = ORIENTED_EDGE ( 'NONE', *, *, #5511, .F. ) ;
#196 = EDGE_CURVE ( 'NONE', #2758, #10596, #10228, .T. ) ;
#197 = CARTESIAN_POINT ( 'NONE',  ( -0.1406312231058267637, -0.08858267716535435377, 0.08669421523181103373 ) ) ;
#198 = ADVANCED_FACE ( 'NONE', ( #7726 ), #613, .F. ) ;
#199 = CARTESIAN_POINT ( 'NONE',  ( 0.03149606299212598381, 0.07534629536877952838, 0.3799212598425197318 ) ) ;
#200 = ORIENTED_EDGE ( 'NONE', *, *, #2432, .T. ) ;
#201 = DIRECTION ( 'NONE',  ( 0.000000000000000000, 0.000000000000000000, 1.000000000000000000 ) ) ;
#202 = VECTOR ( 'NONE', #4968, 39.37007874015748143 ) ;
#203 = DIRECTION ( 'NONE',  ( 1.000000000000000000, 0.000000000000000000, 0.000000000000000000 ) ) ;
#204 = CARTESIAN_POINT ( 'NONE',  ( -0.1082677165354330728, 0.0009842519685039369942, 0.3838582677165355284 ) ) ;
#205 = CARTESIAN_POINT ( 'NONE',  ( 0.02779386542054330944, 0.09638978962283464846, 0.03247232735967716527 ) ) ;
#206 = EDGE_LOOP ( 'NONE', ( #1138, #270, #9269, #6310 ) ) ;
#207 = ORIENTED_EDGE ( 'NONE', *, *, #10248, .F. ) ;
#208 = VECTOR ( 'NONE', #3924, 39.37007874015748143 ) ;
#209 = AXIS2_PLACEMENT_3D ( 'NONE', #9391, #8636, #647 ) ;
#210 = CARTESIAN_POINT ( 'NONE',  ( -0.1449020737449485674, -0.09842519685039372024, 0.3505747840353271583 ) ) ;
#211 = EDGE_CURVE ( 'NONE', #6063, #8787, #4226, .T. ) ;
#212 = ORIENTED_EDGE ( 'NONE', *, *, #7380, .F. ) ;
#213 = DIRECTION ( 'NONE',  ( 1.000000000000000000, 0.000000000000000000, 0.000000000000000000 ) ) ;
#214 = CARTESIAN_POINT ( 'NONE',  ( 2.651794250122221954E-18, -0.09521821916964566535, 0.1200787401574803237 ) ) ;
#215 = CARTESIAN_POINT ( 'NONE',  ( -0.03078277101997057771, 0.1130589777965539389, 0.03001562979530677383 ) ) ;
#216 = VECTOR ( 'NONE', #2499, 39.37007874015747433 ) ;
#217 = AXIS2_PLACEMENT_3D ( 'NONE', #3952, #9197, #2196 ) ;
#218 = DIRECTION ( 'NONE',  ( 0.000000000000000000, 0.000000000000000000, 1.000000000000000000 ) ) ;
#219 = ORIENTED_EDGE ( 'NONE', *, *, #4897, .T. ) ;
#220 = DIRECTION ( 'NONE',  ( 0.000000000000000000, 0.000000000000000000, 1.000000000000000000 ) ) ;
#221 = VERTEX_POINT ( 'NONE', #1536 ) ;
#222 = EDGE_CURVE ( 'NONE', #7756, #7978, #4621, .T. ) ;
#223 = VERTEX_POINT ( 'NONE', #9645 ) ;
#224 = AXIS2_PLACEMENT_3D ( 'NONE', #8387, #10136, #9377 ) ;
#225 = DIRECTION ( 'NONE',  ( 0.000000000000000000, 0.000000000000000000, 1.000000000000000000 ) ) ;
#226 = CARTESIAN_POINT ( 'NONE',  ( 0.1292884171597638021, -0.08782200005594488490, 0.2164887675829133828 ) ) ;
#227 = DIRECTION ( 'NONE',  ( -1.000000000000000000, 0.000000000000000000, 0.000000000000000000 ) ) ;
#228 = LINE ( 'NONE', #3772, #6326 ) ;
#229 = FACE_BOUND ( 'NONE', #5415, .T. ) ;
#230 = DIRECTION ( 'NONE',  ( -0.000000000000000000, 0.000000000000000000, 1.000000000000000000 ) ) ;
#231 = DIRECTION ( 'NONE',  ( 0.000000000000000000, -1.000000000000000000, 0.000000000000000000 ) ) ;
#232 = AXIS2_PLACEMENT_3D ( 'NONE', #6045, #5213, #8783 ) ;
#233 = EDGE_CURVE ( 'NONE', #240, #3737, #5027, .T. ) ;
#234 = VERTEX_POINT ( 'NONE', #727 ) ;
#235 = LINE ( 'NONE', #2846, #10608 ) ;
#236 = ORIENTED_EDGE ( 'NONE', *, *, #7098, .T. ) ;
#237 = ORIENTED_EDGE ( 'NONE', *, *, #9453, .T. ) ;
#238 = CARTESIAN_POINT ( 'NONE',  ( -0.1181102362204724532, 0.000000000000000000, 0.07086614173228347746 ) ) ;
#239 = CARTESIAN_POINT ( 'NONE',  ( -0.1003937007874015491, 0.08858267716535435377, 0.1801181102362204856 ) ) ;
#240 = VERTEX_POINT ( 'NONE', #3349 ) ;
#241 = VECTOR ( 'NONE', #8211, 39.37007874015748143 ) ;
#242 = CARTESIAN_POINT ( 'NONE',  ( 0.1082677165354330728, 0.08070866141732283006, 0.1102362204724409434 ) ) ;
#243 = CARTESIAN_POINT ( 'NONE',  ( 0.02559055118110236879, 0.03950335200123063217, 0.3806958486131890029 ) ) ;
#244 = DIRECTION ( 'NONE',  ( 0.000000000000000000, 0.000000000000000000, -1.000000000000000000 ) ) ;
#245 = PLANE ( 'NONE',  #10466 ) ;
#246 = CARTESIAN_POINT ( 'NONE',  ( 0.1427909053053474930, -0.08812772974917322533, 0.08349859971619123800 ) ) ;
#247 = DIRECTION ( 'NONE',  ( 1.000000000000000000, 0.000000000000000000, 0.000000000000000000 ) ) ;
#248 = LINE ( 'NONE', #2324, #10263 ) ;
#249 = EDGE_CURVE ( 'NONE', #4290, #5693, #5976, .T. ) ;
#250 = ORIENTED_EDGE ( 'NONE', *, *, #9299, .T. ) ;
#251 = CIRCLE ( 'NONE', #7503, 0.005905511811023620231 ) ;
#252 = PLANE ( 'NONE',  #3364 ) ;
#253 = EDGE_LOOP ( 'NONE', ( #7226, #11268, #6785, #6987 ) ) ;
#254 = ORIENTED_EDGE ( 'NONE', *, *, #2962, .F. ) ;
#255 = CARTESIAN_POINT ( 'NONE',  ( -0.1393455678156299282, -0.08858267716535435377, 0.3129921259842520231 ) ) ;
#256 = CARTESIAN_POINT ( 'NONE',  ( 0.005740174135612176667, -0.09842519685039395616, 0.3129921259842509129 ) ) ;
#257 = VERTEX_POINT ( 'NONE', #7899 ) ;
#258 = CIRCLE ( 'NONE', #7322, 0.007874015748031499423 ) ;
#259 = FACE_OUTER_BOUND ( 'NONE', #3044, .T. ) ;
#260 = DIRECTION ( 'NONE',  ( 0.000000000000000000, 0.000000000000000000, -1.000000000000000000 ) ) ;
#261 = DIRECTION ( 'NONE',  ( 0.000000000000000000, 1.000000000000000000, 0.000000000000000000 ) ) ;
#262 = CARTESIAN_POINT ( 'NONE',  ( 0.1181102362204724671, 0.08679999035904174820, 0.2854330708661417249 ) ) ;
#263 = EDGE_CURVE ( 'NONE', #94, #3915, #8774, .T. ) ;
#264 = EDGE_CURVE ( 'NONE', #6544, #8502, #7784, .T. ) ;
#265 = CARTESIAN_POINT ( 'NONE',  ( 0.000000000000000000, 0.08464566929133858497, 0.000000000000000000 ) ) ;
#266 = AXIS2_PLACEMENT_3D ( 'NONE', #3327, #11258, #8526 ) ;
#267 = VERTEX_POINT ( 'NONE', #10463 ) ;
#268 = DIRECTION ( 'NONE',  ( 0.000000000000000000, 0.000000000000000000, -1.000000000000000000 ) ) ;
#269 = DIRECTION ( 'NONE',  ( -1.000000000000000000, 0.000000000000000000, 0.000000000000000000 ) ) ;
#270 = ORIENTED_EDGE ( 'NONE', *, *, #10159, .F. ) ;
#271 = CARTESIAN_POINT ( 'NONE',  ( 0.1082677165354330728, 0.05905511811023622659, 0.1791338582677165503 ) ) ;
#272 = AXIS2_PLACEMENT_3D ( 'NONE', #10091, #3788, #2918 ) ;
#273 = DIRECTION ( 'NONE',  ( 0.000000000000000000, 0.000000000000000000, 1.000000000000000000 ) ) ;
#274 = VECTOR ( 'NONE', #1872, 39.37007874015748143 ) ;
#275 = CARTESIAN_POINT ( 'NONE',  ( -0.02726579711243151682, 0.09900151339277711571, 0.03135707105292559471 ) ) ;
#276 = ADVANCED_FACE ( 'NONE', ( #783 ), #9529, .T. ) ;
#277 = CARTESIAN_POINT ( 'NONE',  ( -0.06318897637795276023, 0.09153543307086615954, 0.2106299212598425064 ) ) ;
#278 = ORIENTED_EDGE ( 'NONE', *, *, #7943, .F. ) ;
#279 = CARTESIAN_POINT ( 'NONE',  ( -0.1082677165354330728, 0.08070866141732283006, 0.1102362204724409434 ) ) ;
#280 = ORIENTED_EDGE ( 'NONE', *, *, #46, .F. ) ;
#281 = VECTOR ( 'NONE', #7393, 39.37007874015748143 ) ;
#282 = EDGE_LOOP ( 'NONE', ( #1716, #2524, #5327, #3490 ) ) ;
#283 = AXIS2_PLACEMENT_3D ( 'NONE', #1974, #419, #10908 ) ;
#284 = CARTESIAN_POINT ( 'NONE',  ( -0.1082677165354330728, -0.02362204724409448786, 0.07086614173228347746 ) ) ;
#285 = PLANE ( 'NONE',  #10715 ) ;
#286 = DIRECTION ( 'NONE',  ( 1.000000000000000000, 0.000000000000000000, 0.000000000000000000 ) ) ;
#287 = CARTESIAN_POINT ( 'NONE',  ( -0.1181102362204724532, -0.02362204724409448786, 0.07086614173228347746 ) ) ;
#288 = CARTESIAN_POINT ( 'NONE',  ( -0.1181102362204724532, 0.0009842519685039369942, 0.3169291338582677642 ) ) ;
#289 = CARTESIAN_POINT ( 'NONE',  ( -0.1131889763779527630, -0.05905511811023622659, 0.2283464566929133688 ) ) ;
#290 = EDGE_CURVE ( 'NONE', #5428, #976, #6037, .T. ) ;
#291 = AXIS2_PLACEMENT_3D ( 'NONE', #4221, #8656, #11328 ) ;
#292 = CARTESIAN_POINT ( 'NONE',  ( 0.1406312231058267637, -0.09842519685039370636, 0.05503806823275591426 ) ) ;
#293 = CIRCLE ( 'NONE', #5130, 0.06102362204724411099 ) ;
#294 = ORIENTED_EDGE ( 'NONE', *, *, #10827, .F. ) ;
#295 = CARTESIAN_POINT ( 'NONE',  ( 0.02559055118110236879, 0.05483689538807531155, 0.1077116919577219140 ) ) ;
#296 = ORIENTED_EDGE ( 'NONE', *, *, #4091, .F. ) ;
#297 = ORIENTED_EDGE ( 'NONE', *, *, #4305, .F. ) ;
#298 = ORIENTED_EDGE ( 'NONE', *, *, #8640, .F. ) ;
#299 = DIRECTION ( 'NONE',  ( -1.000000000000000000, 0.000000000000000000, 0.000000000000000000 ) ) ;
#300 = EDGE_CURVE ( 'NONE', #4391, #979, #5149, .T. ) ;
#301 = DIRECTION ( 'NONE',  ( -1.000000000000000000, 0.000000000000000000, 0.000000000000000000 ) ) ;
#302 = VECTOR ( 'NONE', #6830, 39.37007874015748143 ) ;
#303 = LINE ( 'NONE', #7465, #665 ) ;
#304 = EDGE_CURVE ( 'NONE', #9668, #6563, #2415, .T. ) ;
#305 = LINE ( 'NONE', #9275, #10705 ) ;
#306 = CARTESIAN_POINT ( 'NONE',  ( -0.07293825113963266216, 0.09350393700787401619, 0.1240157480315029204 ) ) ;
#307 = CARTESIAN_POINT ( 'NONE',  ( -0.02559055118110236879, 0.04906316780076148271, 0.3915280050971950421 ) ) ;
#308 = FACE_OUTER_BOUND ( 'NONE', #3250, .T. ) ;
#309 = EDGE_CURVE ( 'NONE', #6278, #8502, #545, .T. ) ;
#310 = EDGE_LOOP ( 'NONE', ( #7302, #3310, #1313, #1747 ) ) ;
#311 = CARTESIAN_POINT ( 'NONE',  ( 0.1406663324992913355, -0.08813603796283467351, 0.2164279190585826906 ) ) ;
#312 = VERTEX_POINT ( 'NONE', #5855 ) ;
#313 = PLANE ( 'NONE',  #1543 ) ;
#314 = CARTESIAN_POINT ( 'NONE',  ( 0.000000000000000000, -0.09842519685039370636, 0.01476377952755905665 ) ) ;
#315 = EDGE_CURVE ( 'NONE', #11251, #9037, #4972, .T. ) ;
#316 = EDGE_LOOP ( 'NONE', ( #6854, #4199, #7009, #7958 ) ) ;
#317 = CARTESIAN_POINT ( 'NONE',  ( 0.1003937007874015630, 0.08070866141732283006, 0.2362204724409449064 ) ) ;
#318 = LINE ( 'NONE', #2873, #6904 ) ;
#319 = CARTESIAN_POINT ( 'NONE',  ( -0.07293825113964567952, 0.08858267716535435377, 0.1240157480314960647 ) ) ;
#320 = EDGE_CURVE ( 'NONE', #1077, #11099, #4096, .T. ) ;
#321 = CARTESIAN_POINT ( 'NONE',  ( 0.000000000000000000, 0.06156455950039370351, 0.1870824264912204771 ) ) ;
#322 = CARTESIAN_POINT ( 'NONE',  ( 0.02756472462467715948, 0.09824342228933072296, 0.03157783177038583217 ) ) ;
#323 = ORIENTED_EDGE ( 'NONE', *, *, #166, .T. ) ;
#324 = DIRECTION ( 'NONE',  ( 0.000000000000000000, 0.000000000000000000, 1.000000000000000000 ) ) ;
#325 = ORIENTED_EDGE ( 'NONE', *, *, #4174, .T. ) ;
#326 = ORIENTED_EDGE ( 'NONE', *, *, #6552, .F. ) ;
#327 = DIRECTION ( 'NONE',  ( 0.000000000000000000, 1.000000000000000000, 0.000000000000000000 ) ) ;
#328 = DIRECTION ( 'NONE',  ( 0.000000000000000000, 0.000000000000000000, 1.000000000000000000 ) ) ;
#329 = EDGE_CURVE ( 'NONE', #7992, #10493, #4818, .T. ) ;
#330 = EDGE_CURVE ( 'NONE', #1297, #6512, #5645, .T. ) ;
#331 = ORIENTED_EDGE ( 'NONE', *, *, #10326, .F. ) ;
#332 = CARTESIAN_POINT ( 'NONE',  ( -0.1082677165354331006, 0.09842519685039370636, 0.2381889763779527491 ) ) ;
#333 = CARTESIAN_POINT ( 'NONE',  ( -0.04133830512629921988, 0.09842519721870078564, 0.1555118110236220763 ) ) ;
#334 = CARTESIAN_POINT ( 'NONE',  ( -0.02553338994102253082, 0.09432994216175330515, 0.04028167079484230167 ) ) ;
#335 = CARTESIAN_POINT ( 'NONE',  ( 0.07086614173228347746, 8.678599364036364441E-18, -0.09055130052448821798 ) ) ;
#336 = ORIENTED_EDGE ( 'NONE', *, *, #5083, .T. ) ;
#337 = CIRCLE ( 'NONE', #4785, 0.01771653543307086243 ) ;
#338 = DIRECTION ( 'NONE',  ( 0.000000000000000000, 0.000000000000000000, 1.000000000000000000 ) ) ;
#339 = ORIENTED_EDGE ( 'NONE', *, *, #1037, .F. ) ;
#340 = EDGE_LOOP ( 'NONE', ( #10729, #458, #1039, #8232 ) ) ;
#341 = EDGE_CURVE ( 'NONE', #10550, #6767, #8273, .T. ) ;
#342 = EDGE_CURVE ( 'NONE', #5563, #10600, #10954, .T. ) ;
#343 = LINE ( 'NONE', #5569, #8295 ) ;
#344 = DIRECTION ( 'NONE',  ( 1.000000000000000000, 0.000000000000000000, 0.000000000000000000 ) ) ;
#345 = FACE_OUTER_BOUND ( 'NONE', #7456, .T. ) ;
#346 = DIRECTION ( 'NONE',  ( -1.000000000000000000, 0.000000000000000000, 0.000000000000000000 ) ) ;
#347 = CARTESIAN_POINT ( 'NONE',  ( 0.1259842519685039353, -0.08858267716535435377, 0.3562992125984252301 ) ) ;
#348 = LINE ( 'NONE', #10896, #3682 ) ;
#349 = DIRECTION ( 'NONE',  ( 0.000000000000000000, 0.000000000000000000, 1.000000000000000000 ) ) ;
#350 = ORIENTED_EDGE ( 'NONE', *, *, #6792, .T. ) ;
#351 = EDGE_LOOP ( 'NONE', ( #6875, #1956, #5058, #1121 ) ) ;
#352 = VERTEX_POINT ( 'NONE', #295 ) ;
#353 = VERTEX_POINT ( 'NONE', #5321 ) ;
#354 = ORIENTED_EDGE ( 'NONE', *, *, #7212, .T. ) ;
#355 = DIRECTION ( 'NONE',  ( 0.000000000000000000, 0.000000000000000000, -1.000000000000000000 ) ) ;
#356 = DIRECTION ( 'NONE',  ( 0.000000000000000000, -1.000000000000000000, 0.000000000000000000 ) ) ;
#357 = EDGE_CURVE ( 'NONE', #10176, #6278, #8155, .T. ) ;
#358 = CARTESIAN_POINT ( 'NONE',  ( -0.02164873709120481576, -0.09601485083876813709, 0.09273986994042122955 ) ) ;
#359 = CARTESIAN_POINT ( 'NONE',  ( 0.1393455678156299282, -0.09842519685039370636, 0.3562992125984252301 ) ) ;
#360 = CARTESIAN_POINT ( 'NONE',  ( -0.1181102362204724532, 0.08267716535433072833, 0.3838582677165355284 ) ) ;
#361 = CARTESIAN_POINT ( 'NONE',  ( 0.1118175704128803322, -0.09135936002943170764, 0.3562992125984252301 ) ) ;
#362 = CARTESIAN_POINT ( 'NONE',  ( 0.1313389175166500278, -0.08858267716536462333, 0.2016895358812967887 ) ) ;
#363 = ORIENTED_EDGE ( 'NONE', *, *, #1815, .T. ) ;
#364 = EDGE_CURVE ( 'NONE', #8520, #40, #1470, .T. ) ;
#365 = CARTESIAN_POINT ( 'NONE',  ( 0.1247338742060236094, -0.09138630525771654356, 0.2165116484353937221 ) ) ;
#366 = ORIENTED_EDGE ( 'NONE', *, *, #1208, .F. ) ;
#367 = AXIS2_PLACEMENT_3D ( 'NONE', #7019, #10579, #6144 ) ;
#368 = DIRECTION ( 'NONE',  ( 0.000000000000000000, 0.000000000000000000, 1.000000000000000000 ) ) ;
#369 = EDGE_CURVE ( 'NONE', #223, #5766, #176, .T. ) ;
#370 = CARTESIAN_POINT ( 'NONE',  ( 0.04148596327578740056, 0.08858267716535435377, 0.1712598425196850405 ) ) ;
#371 = ORIENTED_EDGE ( 'NONE', *, *, #8939, .F. ) ;
#372 = CARTESIAN_POINT ( 'NONE',  ( -0.1287401574803149207, -0.09842519685039370636, 0.3365678719727093759 ) ) ;
#373 = DIRECTION ( 'NONE',  ( -0.4516689612928088682, 0.000000000000000000, -0.8921856025540174651 ) ) ;
#374 = PLANE ( 'NONE',  #9612 ) ;
#375 = LINE ( 'NONE', #6553, #208 ) ;
#376 = CARTESIAN_POINT ( 'NONE',  ( 0.03167188035755905823, 0.1130551116938189049, 0.03008310576729134045 ) ) ;
#377 = ORIENTED_EDGE ( 'NONE', *, *, #7661, .F. ) ;
#378 = AXIS2_PLACEMENT_3D ( 'NONE', #1978, #1103, #10913 ) ;
#379 = LINE ( 'NONE', #9174, #3342 ) ;
#380 = ADVANCED_FACE ( 'NONE', ( #8885 ), #8830, .F. ) ;
#381 = EDGE_LOOP ( 'NONE', ( #5221, #6108, #11493, #529 ) ) ;
#382 = ORIENTED_EDGE ( 'NONE', *, *, #8411, .F. ) ;
#383 = PLANE ( 'NONE',  #3033 ) ;
#384 = CIRCLE ( 'NONE', #4835, 0.007874015748031482076 ) ;
#385 = FACE_OUTER_BOUND ( 'NONE', #7567, .T. ) ;
#386 = VECTOR ( 'NONE', #4962, 39.37007874015748143 ) ;
#387 = ORIENTED_EDGE ( 'NONE', *, *, #1302, .T. ) ;
#388 = CARTESIAN_POINT ( 'NONE',  ( 3.616083068348419702E-19, -0.1141732283464567121, 0.08464566929133864048 ) ) ;
#389 = CARTESIAN_POINT ( 'NONE',  ( 0.02559055118110235491, 0.07913730538093369238, 0.04089263473649504266 ) ) ;
#390 = CARTESIAN_POINT ( 'NONE',  ( -0.03131386574190705985, 0.1042574872423747273, 0.02828160418314355426 ) ) ;
#391 = LINE ( 'NONE', #10062, #10459 ) ;
#392 = VECTOR ( 'NONE', #11248, 39.37007874015748143 ) ;
#393 = EDGE_CURVE ( 'NONE', #11174, #1122, #9966, .T. ) ;
#394 = VECTOR ( 'NONE', #6860, 39.37007874015748143 ) ;
#395 = ORIENTED_EDGE ( 'NONE', *, *, #196, .F. ) ;
#396 = DIRECTION ( 'NONE',  ( -1.000000000000000000, 0.000000000000000000, 0.000000000000000000 ) ) ;
#397 = EDGE_LOOP ( 'NONE', ( #5540, #9005, #1471, #3697 ) ) ;
#398 = ORIENTED_EDGE ( 'NONE', *, *, #838, .T. ) ;
#399 = CIRCLE ( 'NONE', #1509, 0.06102362204535349138 ) ;
#400 = CARTESIAN_POINT ( 'NONE',  ( 0.04148596335311025007, 0.09350393700787401619, 0.02952755905511811330 ) ) ;
#401 = VECTOR ( 'NONE', #2081, 39.37007874015748854 ) ;
#402 = CARTESIAN_POINT ( 'NONE',  ( 0.1313389175166535527, -0.08858267716535435377, 0.06597324254562993151 ) ) ;
#403 = CARTESIAN_POINT ( 'NONE',  ( -0.05413385826771653642, -0.09842519685039370636, 0.000000000000000000 ) ) ;
#404 = LINE ( 'NONE', #4069, #6892 ) ;
#405 = CARTESIAN_POINT ( 'NONE',  ( 0.1181102362204724532, -0.08290962770855649089, 0.3562992125984252856 ) ) ;
#406 = DIRECTION ( 'NONE',  ( 1.000000000000000000, 0.000000000000000000, 0.000000000000000000 ) ) ;
#407 = CARTESIAN_POINT ( 'NONE',  ( 0.1352392668857873848, -0.09842519685039370636, 0.07086614173228347746 ) ) ;
#408 = VERTEX_POINT ( 'NONE', #7956 ) ;
#409 = ADVANCED_FACE ( 'NONE', ( #1967, #9086 ), #3516, .F. ) ;
#410 = ORIENTED_EDGE ( 'NONE', *, *, #2948, .F. ) ;
#411 = FACE_OUTER_BOUND ( 'NONE', #9583, .T. ) ;
#412 = ADVANCED_FACE ( 'NONE', ( #10080 ), #1089, .F. ) ;
#413 = ORIENTED_EDGE ( 'NONE', *, *, #6268, .F. ) ;
#414 = AXIS2_PLACEMENT_3D ( 'NONE', #5536, #3732, #138 ) ;
#415 = EDGE_LOOP ( 'NONE', ( #10109, #7695, #1940, #6527 ) ) ;
#416 = ORIENTED_EDGE ( 'NONE', *, *, #3976, .T. ) ;
#417 = CARTESIAN_POINT ( 'NONE',  ( 0.1138614892113993665, 0.09344217885705691229, 0.3838582677165354173 ) ) ;
#418 = CARTESIAN_POINT ( 'NONE',  ( 0.000000000000000000, 0.08095377066255905751, 0.1102362204724409434 ) ) ;
#419 = DIRECTION ( 'NONE',  ( 1.000000000000000000, 0.000000000000000000, 0.000000000000000000 ) ) ;
#420 = CARTESIAN_POINT ( 'NONE',  ( 0.1082677165354330728, 0.08070866141732283006, 0.03149606299212598381 ) ) ;
#421 = DIRECTION ( 'NONE',  ( 1.000000000000000000, 0.000000000000000000, 0.000000000000000000 ) ) ;
#422 = VECTOR ( 'NONE', #8960, 39.37007874015748143 ) ;
#423 = LINE ( 'NONE', #9456, #7477 ) ;
#424 = CARTESIAN_POINT ( 'NONE',  ( 0.1406312231058070850, -0.08858267716535435377, 0.09055118110236221041 ) ) ;
#425 = ORIENTED_EDGE ( 'NONE', *, *, #6732, .T. ) ;
#426 = EDGE_CURVE ( 'NONE', #6675, #10190, #235, .T. ) ;
#427 = CARTESIAN_POINT ( 'NONE',  ( 0.000000000000000000, 0.09153543307086615954, 0.2834645669291339098 ) ) ;
#428 = ORIENTED_EDGE ( 'NONE', *, *, #2643, .T. ) ;
#429 = VECTOR ( 'NONE', #10670, 39.37007874015748143 ) ;
#430 = CARTESIAN_POINT ( 'NONE',  ( 0.02559055118110236879, 0.09472723263650224823, 0.3484251968503968011 ) ) ;
#431 = CARTESIAN_POINT ( 'NONE',  ( 0.1082677165354330728, 0.09842519685039370636, 0.000000000000000000 ) ) ;
#432 = ORIENTED_EDGE ( 'NONE', *, *, #11240, .T. ) ;
#433 = FACE_OUTER_BOUND ( 'NONE', #3356, .T. ) ;
#434 = LINE ( 'NONE', #3921, #8005 ) ;
#435 = CARTESIAN_POINT ( 'NONE',  ( -0.1185651836366535539, -0.05905511811023621271, 0.09842519685039370636 ) ) ;
#436 = CARTESIAN_POINT ( 'NONE',  ( 0.09594951366374016022, -0.004724409448818898440, 0.1811023622047244208 ) ) ;
#437 = CARTESIAN_POINT ( 'NONE',  ( 0.03308958462138582995, 0.09497166455279533459, 0.02943278030658267805 ) ) ;
#438 = VECTOR ( 'NONE', #6444, 39.37007874015748854 ) ;
#439 = VERTEX_POINT ( 'NONE', #2587 ) ;
#440 = ADVANCED_FACE ( 'NONE', ( #10901 ), #2908, .T. ) ;
#441 = CARTESIAN_POINT ( 'NONE',  ( -0.1422251440816950929, -0.08813714464149606520, 0.3223955678324835761 ) ) ;
#442 = ORIENTED_EDGE ( 'NONE', *, *, #4826, .F. ) ;
#443 = VERTEX_POINT ( 'NONE', #1150 ) ;
#444 = DIRECTION ( 'NONE',  ( 0.000000000000000000, 1.000000000000000000, 0.000000000000000000 ) ) ;
#445 = AXIS2_PLACEMENT_3D ( 'NONE', #3340, #2466, #10513 ) ;
#446 = FACE_OUTER_BOUND ( 'NONE', #7798, .T. ) ;
#447 = ORIENTED_EDGE ( 'NONE', *, *, #7253, .T. ) ;
#448 = CARTESIAN_POINT ( 'NONE',  ( 0.000000000000000000, 0.09842519685039370636, 0.4330708661417322913 ) ) ;
#449 = ADVANCED_FACE ( 'NONE', ( #4762 ), #11450, .T. ) ;
#450 = PLANE ( 'NONE',  #11176 ) ;
#451 = CARTESIAN_POINT ( 'NONE',  ( -0.03318090419499749449, 0.1008374885101248897, 0.02858375140549904853 ) ) ;
#452 = EDGE_CURVE ( 'NONE', #8395, #1989, #9700, .T. ) ;
#453 = DIRECTION ( 'NONE',  ( 0.000000000000000000, 0.000000000000000000, -1.000000000000000000 ) ) ;
#454 = CIRCLE ( 'NONE', #11256, 0.007874015748031499423 ) ;
#455 = FACE_OUTER_BOUND ( 'NONE', #1561, .T. ) ;
#456 = DIRECTION ( 'NONE',  ( 0.3422818791955080653, 0.000000000000000000, -0.9395973154359219537 ) ) ;
#457 = VERTEX_POINT ( 'NONE', #6173 ) ;
#458 = ORIENTED_EDGE ( 'NONE', *, *, #3954, .F. ) ;
#459 = VECTOR ( 'NONE', #9363, 39.37007874015748143 ) ;
#460 = FACE_OUTER_BOUND ( 'NONE', #7266, .T. ) ;
#461 = EDGE_CURVE ( 'NONE', #4663, #11114, #3433, .T. ) ;
#462 = CARTESIAN_POINT ( 'NONE',  ( 0.07677165354331430547, 0.09842519685039370636, 0.3838582677165318646 ) ) ;
#463 = DIRECTION ( 'NONE',  ( 0.000000000000000000, 1.000000000000000000, 0.000000000000000000 ) ) ;
#464 = DIRECTION ( 'NONE',  ( 0.000000000000000000, -1.000000000000000000, 0.000000000000000000 ) ) ;
#465 = DIRECTION ( 'NONE',  ( 0.000000000000000000, 1.000000000000000000, 0.000000000000000000 ) ) ;
#466 = DIRECTION ( 'NONE',  ( 0.000000000000000000, -1.000000000000000000, 0.000000000000000000 ) ) ;
#467 = CARTESIAN_POINT ( 'NONE',  ( -0.1078210773329134065, -0.05118110236220473758, 0.2283464566929133688 ) ) ;
#468 = EDGE_LOOP ( 'NONE', ( #4537, #10102, #8124, #3255 ) ) ;
#469 = ORIENTED_EDGE ( 'NONE', *, *, #8603, .T. ) ;
#470 = CARTESIAN_POINT ( 'NONE',  ( -0.09055118110236221041, 0.09842519685039370636, 0.01476377952755905665 ) ) ;
#471 = VECTOR ( 'NONE', #4528, 39.37007874015748143 ) ;
#472 = ORIENTED_EDGE ( 'NONE', *, *, #10832, .T. ) ;
#473 = AXIS2_PLACEMENT_3D ( 'NONE', #7177, #8984, #9858 ) ;
#474 = ORIENTED_EDGE ( 'NONE', *, *, #1495, .T. ) ;
#475 = ORIENTED_EDGE ( 'NONE', *, *, #3954, .T. ) ;
#476 = EDGE_LOOP ( 'NONE', ( #6217, #1539, #9445, #10435 ) ) ;
#477 = DIRECTION ( 'NONE',  ( 0.000000000000000000, 0.000000000000000000, 1.000000000000000000 ) ) ;
#478 = LINE ( 'NONE', #9450, #3794 ) ;
#479 = DIRECTION ( 'NONE',  ( 0.000000000000000000, 0.000000000000000000, 1.000000000000000000 ) ) ;
#480 = EDGE_CURVE ( 'NONE', #5031, #6297, #3489, .T. ) ;
#481 = ADVANCED_FACE ( 'NONE', ( #6230 ), #752, .F. ) ;
#482 = FACE_OUTER_BOUND ( 'NONE', #2626, .T. ) ;
#483 = CARTESIAN_POINT ( 'NONE',  ( 0.04133844390172180389, 0.09842519685039370636, 0.1555118110254527508 ) ) ;
#484 = VECTOR ( 'NONE', #3532, 39.37007874015748854 ) ;
#485 = PLANE ( 'NONE',  #1880 ) ;
#486 = DIRECTION ( 'NONE',  ( 0.000000000000000000, 0.000000000000000000, 1.000000000000000000 ) ) ;
#487 = ORIENTED_EDGE ( 'NONE', *, *, #3047, .T. ) ;
#488 = DIRECTION ( 'NONE',  ( 0.000000000000000000, 0.000000000000000000, 1.000000000000000000 ) ) ;
#489 = VECTOR ( 'NONE', #1740, 39.37007874015748143 ) ;
#490 = ORIENTED_EDGE ( 'NONE', *, *, #1575, .T. ) ;
#491 = CARTESIAN_POINT ( 'NONE',  ( -0.1259842519685039353, -0.08070866141732283006, 0.09055118110236221041 ) ) ;
#492 = DIRECTION ( 'NONE',  ( 0.000000000000000000, -6.987080667128808018E-15, 1.000000000000000000 ) ) ;
#493 = ADVANCED_FACE ( 'NONE', ( #2558 ), #11474, .T. ) ;
#494 = DIRECTION ( 'NONE',  ( -1.000000000000000000, 0.000000000000000000, 0.000000000000000000 ) ) ;
#495 = DIRECTION ( 'NONE',  ( 0.000000000000000000, 0.000000000000000000, 1.000000000000000000 ) ) ;
#496 = CARTESIAN_POINT ( 'NONE',  ( -0.03026909246810232518, 0.08817188234050772622, 0.3372072990192903075 ) ) ;
#497 = VECTOR ( 'NONE', #6202, 39.37007874015748143 ) ;
#498 = DIRECTION ( 'NONE',  ( 0.000000000000000000, 0.000000000000000000, 1.000000000000000000 ) ) ;
#499 = CARTESIAN_POINT ( 'NONE',  ( -1.325897125061111362E-18, -0.1220472440944882220, 0.1122047244094488277 ) ) ;
#500 = ORIENTED_EDGE ( 'NONE', *, *, #9686, .F. ) ;
#501 = ORIENTED_EDGE ( 'NONE', *, *, #4161, .F. ) ;
#502 = CARTESIAN_POINT ( 'NONE',  ( 0.1417322834645669549, -0.004724409448818898440, 0.05511811023622047168 ) ) ;
#503 = DIRECTION ( 'NONE',  ( 0.000000000000000000, -1.000000000000000000, 0.000000000000000000 ) ) ;
#504 = ADVANCED_FACE ( 'NONE', ( #9782 ), #6116, .F. ) ;
#505 = VERTEX_POINT ( 'NONE', #1787 ) ;
#506 = CARTESIAN_POINT ( 'NONE',  ( -0.1428063554291660597, -0.09842519685039370636, 0.1841537371050158967 ) ) ;
#507 = DIRECTION ( 'NONE',  ( 1.000000000000000000, 0.000000000000000000, 0.000000000000000000 ) ) ;
#508 = CARTESIAN_POINT ( 'NONE',  ( -0.02667339677318660701, 0.09955159756308995522, 0.03115996579517674517 ) ) ;
#509 = DIRECTION ( 'NONE',  ( -1.000000000000000000, 0.000000000000000000, 0.000000000000000000 ) ) ;
#510 = ORIENTED_EDGE ( 'NONE', *, *, #4153, .T. ) ;
#511 = ORIENTED_EDGE ( 'NONE', *, *, #6802, .F. ) ;
#512 = EDGE_CURVE ( 'NONE', #1617, #9389, #7357, .T. ) ;
#513 = DIRECTION ( 'NONE',  ( 0.000000000000000000, 0.000000000000000000, 1.000000000000000000 ) ) ;
#514 = ORIENTED_EDGE ( 'NONE', *, *, #3095, .T. ) ;
#515 = VERTEX_POINT ( 'NONE', #1672 ) ;
#516 = EDGE_CURVE ( 'NONE', #976, #4468, #5231, .T. ) ;
#517 = DIRECTION ( 'NONE',  ( -1.000000000000000000, 0.000000000000000000, 0.000000000000000000 ) ) ;
#518 = CARTESIAN_POINT ( 'NONE',  ( 0.05413385826771653642, -0.06889763779527559306, 0.4133858267716535861 ) ) ;
#519 = FACE_OUTER_BOUND ( 'NONE', #5815, .T. ) ;
#520 = DIRECTION ( 'NONE',  ( 0.000000000000000000, 0.000000000000000000, 1.000000000000000000 ) ) ;
#521 = PERSON_AND_ORGANIZATION ( #2389, #10845 ) ;
#522 = CARTESIAN_POINT ( 'NONE',  ( -0.1181102362204724671, -0.05905511811023623353, 0.1771653543307087075 ) ) ;
#523 = FACE_OUTER_BOUND ( 'NONE', #1721, .T. ) ;
#524 = ORIENTED_EDGE ( 'NONE', *, *, #7836, .F. ) ;
#525 = ORIENTED_EDGE ( 'NONE', *, *, #4205, .F. ) ;
#526 = LINE ( 'NONE', #3268, #5385 ) ;
#527 = ORIENTED_EDGE ( 'NONE', *, *, #4460, .F. ) ;
#528 = EDGE_CURVE ( 'NONE', #5893, #10959, #7096, .T. ) ;
#529 = ORIENTED_EDGE ( 'NONE', *, *, #2503, .T. ) ;
#530 = ORIENTED_EDGE ( 'NONE', *, *, #7556, .T. ) ;
#531 = DIRECTION ( 'NONE',  ( 1.000000000000000000, 0.000000000000000000, 0.000000000000000000 ) ) ;
#532 = DIRECTION ( 'NONE',  ( 0.000000000000000000, 1.000000000000000000, 0.000000000000000000 ) ) ;
#533 = ADVANCED_FACE ( 'NONE', ( #2669 ), #5341, .F. ) ;
#534 = DIRECTION ( 'NONE',  ( 0.000000000000000000, 0.000000000000000000, -1.000000000000000000 ) ) ;
#535 = CARTESIAN_POINT ( 'NONE',  ( 0.02545515961522046983, 0.09364270342177165307, 0.04130476648314960336 ) ) ;
#536 = CYLINDRICAL_SURFACE ( 'NONE', #6797, 0.01574803149606299885 ) ;
#537 = CARTESIAN_POINT ( 'NONE',  ( 0.1238066421755118218, -0.05905511811023622659, 0.3562992125984252301 ) ) ;
#538 = CARTESIAN_POINT ( 'NONE',  ( -0.1126788010355029152, 0.09458052921260548529, 0.3838582677165354173 ) ) ;
#539 = EDGE_LOOP ( 'NONE', ( #5634, #9981, #142, #4930 ) ) ;
#540 = ADVANCED_FACE ( 'NONE', ( #4467 ), #805, .T. ) ;
#541 = PLANE ( 'NONE',  #4466 ) ;
#542 = VERTEX_POINT ( 'NONE', #9615 ) ;
#543 = DIRECTION ( 'NONE',  ( 0.000000000000000000, 0.000000000000000000, -1.000000000000000000 ) ) ;
#544 = PLANE ( 'NONE',  #10881 ) ;
#545 = B_SPLINE_CURVE_WITH_KNOTS ( 'NONE', 3,
 ( #10290, #6848, #3237, #4277, #10408, #7841, #2298, #5088, #9413, #11394 ),
 .UNSPECIFIED., .F., .F.,
 ( 4, 2, 2, 2, 4 ),
 ( 0.000000000000000000, 0.2500000000000001110, 0.3750000000000000555, 0.5000000000000000000, 1.000000000000000000 ),
 .UNSPECIFIED. ) ;
#546 = LINE ( 'NONE', #2047, #3818 ) ;
#547 = DIRECTION ( 'NONE',  ( 0.000000000000000000, 0.000000000000000000, 1.000000000000000000 ) ) ;
#548 = DIRECTION ( 'NONE',  ( 0.000000000000000000, 0.000000000000000000, 1.000000000000000000 ) ) ;
#549 = ORIENTED_EDGE ( 'NONE', *, *, #5369, .F. ) ;
#550 = CARTESIAN_POINT ( 'NONE',  ( 0.1082677165354330728, 0.000000000000000000, 0.3858267716535433989 ) ) ;
#551 = EDGE_CURVE ( 'NONE', #9245, #8532, #3597, .T. ) ;
#552 = EDGE_CURVE ( 'NONE', #443, #3966, #10491, .T. ) ;
#553 = ORIENTED_EDGE ( 'NONE', *, *, #1868, .F. ) ;
#554 = VERTEX_POINT ( 'NONE', #9555 ) ;
#555 = CARTESIAN_POINT ( 'NONE',  ( 0.000000000000000000, 0.09842519685039370636, 0.4330708661417322913 ) ) ;
#556 = CARTESIAN_POINT ( 'NONE',  ( 0.1053849092636472001, 0.08798615304915703705, 0.3838582677165355839 ) ) ;
#557 = ORIENTED_EDGE ( 'NONE', *, *, #6591, .T. ) ;
#558 = CARTESIAN_POINT ( 'NONE',  ( -0.07322834645669291931, 0.08464566929133858497, 0.1122047244094488277 ) ) ;
#559 = VECTOR ( 'NONE', #6005, 39.37007874015748143 ) ;
#560 = LINE ( 'NONE', #7676, #757 ) ;
#561 = CARTESIAN_POINT ( 'NONE',  ( -0.1082677165354330728, 0.05905511811023622659, 0.2145669291338582751 ) ) ;
#562 = FACE_OUTER_BOUND ( 'NONE', #7924, .T. ) ;
#563 = ORIENTED_EDGE ( 'NONE', *, *, #9580, .T. ) ;
#564 = EDGE_CURVE ( 'NONE', #7699, #7444, #8691, .T. ) ;
#565 = ORIENTED_EDGE ( 'NONE', *, *, #789, .T. ) ;
#566 = VECTOR ( 'NONE', #2594, 39.37007874015748143 ) ;
#567 = CARTESIAN_POINT ( 'NONE',  ( -0.1082677165354330728, -0.05905511811023622659, 0.1968503937007874127 ) ) ;
#568 = VECTOR ( 'NONE', #2748, 39.37007874015748143 ) ;
#569 = ORIENTED_EDGE ( 'NONE', *, *, #3753, .T. ) ;
#570 = EDGE_LOOP ( 'NONE', ( #8315, #751, #1273, #5370 ) ) ;
#571 = VERTEX_POINT ( 'NONE', #7808 ) ;
#572 = DIRECTION ( 'NONE',  ( 0.000000000000000000, 0.000000000000000000, 1.000000000000000000 ) ) ;
#573 = FACE_OUTER_BOUND ( 'NONE', #7839, .T. ) ;
#574 = CARTESIAN_POINT ( 'NONE',  ( -0.02558985919357481195, 0.07390066619857990626, 0.3557932077031044082 ) ) ;
#575 = DIRECTION ( 'NONE',  ( 0.000000000000000000, 0.000000000000000000, -1.000000000000000000 ) ) ;
#576 = AXIS2_PLACEMENT_3D ( 'NONE', #9754, #936, #2750 ) ;
#577 = AXIS2_PLACEMENT_3D ( 'NONE', #2293, #3344, #6899 ) ;
#578 = PERSON_AND_ORGANIZATION ( #2389, #10845 ) ;
#579 = CARTESIAN_POINT ( 'NONE',  ( -0.03149606299212598381, 0.06845653158925198156, 0.3267716535433071168 ) ) ;
#580 = DIRECTION ( 'NONE',  ( 0.000000000000000000, 1.000000000000000000, 0.000000000000000000 ) ) ;
#581 = VERTEX_POINT ( 'NONE', #3380 ) ;
#582 = VERTEX_POINT ( 'NONE', #2502 ) ;
#583 = PLANE ( 'NONE',  #10617 ) ;
#584 = ADVANCED_FACE ( 'NONE', ( #8742 ), #4308, .T. ) ;
#585 = ORIENTED_EDGE ( 'NONE', *, *, #2199, .T. ) ;
#586 = EDGE_LOOP ( 'NONE', ( #5077, #8667, #1258, #9021 ) ) ;
#587 = ORIENTED_EDGE ( 'NONE', *, *, #1991, .T. ) ;
#588 = VERTEX_POINT ( 'NONE', #8142 ) ;
#589 = AXIS2_PLACEMENT_3D ( 'NONE', #7753, #9493, #4360 ) ;
#590 = CARTESIAN_POINT ( 'NONE',  ( -0.1082677165354330728, 0.09842519685039370636, 0.1200787401574803098 ) ) ;
#591 = VECTOR ( 'NONE', #7993, 39.37007874015748143 ) ;
#592 = PLANE ( 'NONE',  #6041 ) ;
#593 = PLANE ( 'NONE',  #8674 ) ;
#594 = CARTESIAN_POINT ( 'NONE',  ( -0.003149606299212598815, 0.08858267716535435377, 0.2854330708661417804 ) ) ;
#595 = PLANE ( 'NONE',  #3447 ) ;
#596 = CARTESIAN_POINT ( 'NONE',  ( 0.1082677165354330728, -0.08070866141732283006, 0.3562992125984252301 ) ) ;
#597 = EDGE_CURVE ( 'NONE', #8842, #7992, #3654, .T. ) ;
#598 = CARTESIAN_POINT ( 'NONE',  ( -0.1213460738382040188, -0.09842519685039369248, 0.3129921259842520231 ) ) ;
#599 = AXIS2_PLACEMENT_3D ( 'NONE', #7449, #520, #9139 ) ;
#600 = ORIENTED_EDGE ( 'NONE', *, *, #10202, .F. ) ;
#601 = VERTEX_POINT ( 'NONE', #279 ) ;
#602 = PLANE ( 'NONE',  #7451 ) ;
#603 = ORIENTED_EDGE ( 'NONE', *, *, #10362, .T. ) ;
#604 = DIRECTION ( 'NONE',  ( 1.000000000000000000, 0.000000000000000000, 0.000000000000000000 ) ) ;
#605 = AXIS2_PLACEMENT_3D ( 'NONE', #5188, #7002, #8755 ) ;
#606 = LINE ( 'NONE', #3341, #1567 ) ;
#607 = DIRECTION ( 'NONE',  ( -1.000000000000000000, 0.000000000000000000, 0.000000000000000000 ) ) ;
#608 = CARTESIAN_POINT ( 'NONE',  ( 0.07322834645669291931, 0.09842519685039370636, 0.1122047244094488277 ) ) ;
#609 = EDGE_CURVE ( 'NONE', #4822, #2777, #10973, .T. ) ;
#610 = DIRECTION ( 'NONE',  ( 0.000000000000000000, 1.000000000000000000, 0.000000000000000000 ) ) ;
#611 = DIRECTION ( 'NONE',  ( -1.000000000000000000, 0.000000000000000000, 0.000000000000000000 ) ) ;
#612 = VERTEX_POINT ( 'NONE', #163 ) ;
#613 = PLANE ( 'NONE',  #1656 ) ;
#614 = VECTOR ( 'NONE', #8975, 39.37007874015748143 ) ;
#615 = VERTEX_POINT ( 'NONE', #6337 ) ;
#616 = EDGE_LOOP ( 'NONE', ( #4217, #8733, #7624, #7126, #1804, #8556, #4023, #1816, #10588, #3481, #6548, #6649 ) ) ;
#617 = CARTESIAN_POINT ( 'NONE',  ( 0.000000000000000000, -0.09521821916964566535, 0.09842519685039370636 ) ) ;
#618 = CARTESIAN_POINT ( 'NONE',  ( 0.04133847858876191911, 0.08858267716535433989, 0.02952755906100491129 ) ) ;
#619 = ORIENTED_EDGE ( 'NONE', *, *, #263, .T. ) ;
#620 = VECTOR ( 'NONE', #11101, 39.37007874015748143 ) ;
#621 = EDGE_CURVE ( 'NONE', #6700, #2751, #10941, .T. ) ;
#622 = EDGE_CURVE ( 'NONE', #6806, #10311, #3524, .T. ) ;
#623 = LINE ( 'NONE', #1544, #2427 ) ;
#624 = DIRECTION ( 'NONE',  ( 0.000000000000000000, 0.7318681006979860237, -0.6814463171671870656 ) ) ;
#625 = DIRECTION ( 'NONE',  ( -1.000000000000000000, 0.000000000000000000, 0.000000000000000000 ) ) ;
#626 = VECTOR ( 'NONE', #6098, 39.37007874015748143 ) ;
#627 = EDGE_LOOP ( 'NONE', ( #557, #1020, #6763, #3058 ) ) ;
#628 = EDGE_LOOP ( 'NONE', ( #7485, #7401, #3515, #9949, #2155, #2443 ) ) ;
#629 = VERTEX_POINT ( 'NONE', #1196 ) ;
#630 = CARTESIAN_POINT ( 'NONE',  ( 0.1181102362204724532, 0.02362204724409448786, 0.03149606299212598381 ) ) ;
#631 = EDGE_CURVE ( 'NONE', #4987, #11167, #3704, .T. ) ;
#632 = CARTESIAN_POINT ( 'NONE',  ( 0.02559055118110236879, 0.06664858698625986122, 0.3714566929133858442 ) ) ;
#633 = CARTESIAN_POINT ( 'NONE',  ( -0.1181102362204724532, -0.08070866141732283006, 0.3562992125984252301 ) ) ;
#634 = VECTOR ( 'NONE', #604, 39.37007874015748143 ) ;
#635 = CARTESIAN_POINT ( 'NONE',  ( 0.09052258918996901327, 0.002577017449928149448, -0.09842519270339930570 ) ) ;
#636 = LINE ( 'NONE', #11304, #11006 ) ;
#637 = CARTESIAN_POINT ( 'NONE',  ( 0.1181102362204724532, -0.06692913385826770867, 0.1771653543307087075 ) ) ;
#638 = ORIENTED_EDGE ( 'NONE', *, *, #5042, .F. ) ;
#639 = ORIENTED_EDGE ( 'NONE', *, *, #2741, .T. ) ;
#640 = PLANE ( 'NONE',  #10793 ) ;
#641 = EDGE_LOOP ( 'NONE', ( #5515, #1933, #10764, #7882 ) ) ;
#642 = ORIENTED_EDGE ( 'NONE', *, *, #10982, .F. ) ;
#643 = ORIENTED_EDGE ( 'NONE', *, *, #9300, .F. ) ;
#644 = AXIS2_PLACEMENT_3D ( 'NONE', #7350, #6476, #5838 ) ;
#645 = ORIENTED_EDGE ( 'NONE', *, *, #5311, .T. ) ;
#646 = CIRCLE ( 'NONE', #8263, 0.007874015748031516770 ) ;
#647 = DIRECTION ( 'NONE',  ( 0.000000000000000000, 0.000000000000000000, -1.000000000000000000 ) ) ;
#648 = LINE ( 'NONE', #2211, #10122 ) ;
#649 = CARTESIAN_POINT ( 'NONE',  ( -0.1101770824163615659, -0.08995645655289280507, 0.3562992125984252856 ) ) ;
#650 = ADVANCED_FACE ( 'NONE', ( #4687 ), #2073, .F. ) ;
#651 = DIRECTION ( 'NONE',  ( 0.000000000000000000, 0.000000000000000000, 1.000000000000000000 ) ) ;
#652 = DIRECTION ( 'NONE',  ( 1.000000000000000000, 0.000000000000000000, 0.000000000000000000 ) ) ;
#653 = CARTESIAN_POINT ( 'NONE',  ( -0.02545759550732283605, 0.09355553807606302452, 0.04138812675704724164 ) ) ;
#654 = CARTESIAN_POINT ( 'NONE',  ( -0.1259842519685039353, -0.08070866141732283006, 0.3121259842519685801 ) ) ;
#655 = VECTOR ( 'NONE', #4893, 39.37007874015748143 ) ;
#656 = DIRECTION ( 'NONE',  ( 0.000000000000000000, 0.000000000000000000, -1.000000000000000000 ) ) ;
#657 = AXIS2_PLACEMENT_3D ( 'NONE', #3401, #2529, #8653 ) ;
#658 = ORIENTED_EDGE ( 'NONE', *, *, #4552, .T. ) ;
#659 = VERTEX_POINT ( 'NONE', #7208 ) ;
#660 = CARTESIAN_POINT ( 'NONE',  ( 0.1131889763779527630, -0.05905511811023622659, 0.1003937007874015630 ) ) ;
#661 = VERTEX_POINT ( 'NONE', #5452 ) ;
#662 = ADVANCED_FACE ( 'NONE', ( #10761 ), #9188, .F. ) ;
#663 = DIRECTION ( 'NONE',  ( -1.000000000000000000, 0.000000000000000000, 0.000000000000000000 ) ) ;
#664 = VECTOR ( 'NONE', #3105, 39.37007874015748143 ) ;
#665 = VECTOR ( 'NONE', #3104, 39.37007874015748143 ) ;
#666 = DIRECTION ( 'NONE',  ( 0.000000000000000000, 0.000000000000000000, -1.000000000000000000 ) ) ;
#667 = EDGE_CURVE ( 'NONE', #9716, #1443, #4627, .T. ) ;
#668 = DIRECTION ( 'NONE',  ( 0.000000000000000000, 0.000000000000000000, -1.000000000000000000 ) ) ;
#669 = CARTESIAN_POINT ( 'NONE',  ( -0.1131889763779527630, 0.02066929133858268208, 0.3523622047244094890 ) ) ;
#670 = LINE ( 'NONE', #4223, #6084 ) ;
#671 = CARTESIAN_POINT ( 'NONE',  ( -0.1082677165354331006, -0.05905511811023623353, 0.3838582677165355284 ) ) ;
#672 = EDGE_LOOP ( 'NONE', ( #2949, #4056, #3030, #9618, #7855, #8392 ) ) ;
#673 = DIRECTION ( 'NONE',  ( 1.000000000000000000, 0.000000000000000000, 0.000000000000000000 ) ) ;
#674 = VECTOR ( 'NONE', #10925, 39.37007874015748143 ) ;
#675 = VECTOR ( 'NONE', #4355, 39.37007874015748143 ) ;
#676 = ORIENTED_EDGE ( 'NONE', *, *, #1019, .F. ) ;
#677 = VERTEX_POINT ( 'NONE', #1831 ) ;
#678 = EDGE_CURVE ( 'NONE', #10807, #7325, #5513, .T. ) ;
#679 = CARTESIAN_POINT ( 'NONE',  ( -0.1181102362204724948, 0.08679999035904174820, 0.2854330708661417804 ) ) ;
#680 = DIRECTION ( 'NONE',  ( 1.000000000000000000, 0.000000000000000000, 0.000000000000000000 ) ) ;
#681 = ORIENTED_EDGE ( 'NONE', *, *, #5843, .T. ) ;
#682 = AXIS2_PLACEMENT_3D ( 'NONE', #10520, #4164, #8769 ) ;
#683 = EDGE_CURVE ( 'NONE', #10596, #5630, #8259, .T. ) ;
#684 = LINE ( 'NONE', #3246, #5780 ) ;
#685 = DIRECTION ( 'NONE',  ( 0.000000000000000000, 0.000000000000000000, -1.000000000000000000 ) ) ;
#686 = VERTEX_POINT ( 'NONE', #2725 ) ;
#687 = LINE ( 'NONE', #4238, #7662 ) ;
#688 = EDGE_CURVE ( 'NONE', #3768, #6767, #2774, .T. ) ;
#689 = EDGE_CURVE ( 'NONE', #10872, #7141, #5395, .T. ) ;
#690 = EDGE_LOOP ( 'NONE', ( #3665, #2615, #6274, #10125 ) ) ;
#691 = EDGE_LOOP ( 'NONE', ( #10479, #3813, #7966, #2 ) ) ;
#692 = VERTEX_POINT ( 'NONE', #10819 ) ;
#693 = CARTESIAN_POINT ( 'NONE',  ( 0.04133598451196850154, 0.09842519685039370636, 0.3326771655686600049 ) ) ;
#694 = CARTESIAN_POINT ( 'NONE',  ( -0.1181102362204724532, -0.08267716535433072833, 0.05118110236220473758 ) ) ;
#695 = CARTESIAN_POINT ( 'NONE',  ( -0.02594428996501399812, 0.09643864307085438237, 0.1673727568319829107 ) ) ;
#696 = FACE_OUTER_BOUND ( 'NONE', #8606, .T. ) ;
#697 = FACE_OUTER_BOUND ( 'NONE', #4912, .T. ) ;
#698 = VERTEX_POINT ( 'NONE', #6453 ) ;
#699 = EDGE_LOOP ( 'NONE', ( #6269, #782, #2598, #5276 ) ) ;
#700 = CARTESIAN_POINT ( 'NONE',  ( -0.1082677165354330728, 0.03937007874015747977, 0.2263779527559055260 ) ) ;
#701 = EDGE_CURVE ( 'NONE', #2236, #3845, #8088, .T. ) ;
#702 = EDGE_CURVE ( 'NONE', #3271, #2853, #9072, .T. ) ;
#703 = VERTEX_POINT ( 'NONE', #1134 ) ;
#704 = ORIENTED_EDGE ( 'NONE', *, *, #6277, .F. ) ;
#705 = DIRECTION ( 'NONE',  ( 0.000000000000000000, 0.000000000000000000, -1.000000000000000000 ) ) ;
#706 = CARTESIAN_POINT ( 'NONE',  ( -0.07322834645668968578, 0.08464566929133858497, 0.1122047244094499935 ) ) ;
#707 = CARTESIAN_POINT ( 'NONE',  ( -1.325897125061132162E-18, -0.1220472440944882220, 0.3484251968503936925 ) ) ;
#708 = FACE_OUTER_BOUND ( 'NONE', #3781, .T. ) ;
#709 = DIRECTION ( 'NONE',  ( -1.000000000000000000, 0.000000000000000000, 0.000000000000000000 ) ) ;
#710 = PLANE ( 'NONE',  #11396 ) ;
#711 = CARTESIAN_POINT ( 'NONE',  ( 0.1181102362204724671, -0.08070866141733654131, 0.2165354330708695874 ) ) ;
#712 = LINE ( 'NONE', #1631, #795 ) ;
#713 = ORIENTED_EDGE ( 'NONE', *, *, #2613, .F. ) ;
#714 = ORIENTED_EDGE ( 'NONE', *, *, #5695, .F. ) ;
#715 = CIRCLE ( 'NONE', #8724, 0.007874015748031495954 ) ;
#716 = ADVANCED_FACE ( 'NONE', ( #3827 ), #1286, .T. ) ;
#717 = CYLINDRICAL_SURFACE ( 'NONE', #7654, 0.01574803149606299191 ) ;
#718 = ORIENTED_EDGE ( 'NONE', *, *, #10648, .F. ) ;
#719 = FACE_OUTER_BOUND ( 'NONE', #7791, .T. ) ;
#720 = B_SPLINE_CURVE_WITH_KNOTS ( 'NONE', 3,
 ( #11486, #598, #4152, #7708, #11264, #3282 ),
 .UNSPECIFIED., .F., .F.,
 ( 4, 2, 4 ),
 ( 0.000000000000000000, 0.5000000000000000000, 1.000000000000000000 ),
 .UNSPECIFIED. ) ;
#721 = CARTESIAN_POINT ( 'NONE',  ( 0.07283464566929134798, 0.08858267716535435377, 0.2362204724409449341 ) ) ;
#722 = DIRECTION ( 'NONE',  ( 0.000000000000000000, 0.000000000000000000, -1.000000000000000000 ) ) ;
#723 = LINE ( 'NONE', #11389, #5975 ) ;
#724 = DIRECTION ( 'NONE',  ( 1.000000000000000000, 0.000000000000000000, 0.000000000000000000 ) ) ;
#725 = CYLINDRICAL_SURFACE ( 'NONE', #8590, 0.04578276980082677389 ) ;
#726 = ORIENTED_EDGE ( 'NONE', *, *, #5884, .F. ) ;
#727 = CARTESIAN_POINT ( 'NONE',  ( -0.07342519685039373967, 0.08464566929133858497, 0.3858267716535433989 ) ) ;
#728 = EDGE_CURVE ( 'NONE', #8720, #6790, #5694, .T. ) ;
#729 = ORIENTED_EDGE ( 'NONE', *, *, #5964, .T. ) ;
#730 = ORIENTED_EDGE ( 'NONE', *, *, #11475, .T. ) ;
#731 = CARTESIAN_POINT ( 'NONE',  ( 0.1181102362204724532, -0.08070866141732283006, 0.3562992125984252301 ) ) ;
#732 = FACE_OUTER_BOUND ( 'NONE', #7156, .T. ) ;
#733 = ORIENTED_EDGE ( 'NONE', *, *, #6213, .T. ) ;
#734 = CARTESIAN_POINT ( 'NONE',  ( 0.03619878112050799179, 0.09842519685212998415, 0.02952945699164572987 ) ) ;
#735 = CARTESIAN_POINT ( 'NONE',  ( -0.02587685430891648389, 0.08560396574302484018, 0.1676670281913107408 ) ) ;
#736 = EDGE_CURVE ( 'NONE', #8891, #9598, #5750, .T. ) ;
#737 = AXIS2_PLACEMENT_3D ( 'NONE', #3056, #9993, #4792 ) ;
#738 = ADVANCED_FACE ( 'NONE', ( #1256 ), #8441, .F. ) ;
#739 = ORIENTED_EDGE ( 'NONE', *, *, #3095, .F. ) ;
#740 = VERTEX_POINT ( 'NONE', #7565 ) ;
#741 = VERTEX_POINT ( 'NONE', #3012 ) ;
#742 = VECTOR ( 'NONE', #5526, 39.37007874015748143 ) ;
#743 = FACE_OUTER_BOUND ( 'NONE', #10796, .T. ) ;
#744 = CARTESIAN_POINT ( 'NONE',  ( -0.02559056070958179788, 0.09472192415432414969, 0.03971589717572398398 ) ) ;
#745 = CARTESIAN_POINT ( 'NONE',  ( 0.1082677165354330728, 0.08464566929133858497, 0.2263779527559055260 ) ) ;
#746 = DIRECTION ( 'NONE',  ( 0.000000000000000000, 0.9051451319796838257, -0.4251026817763923771 ) ) ;
#747 = ADVANCED_FACE ( 'NONE', ( #4008 ), #8376, .F. ) ;
#748 = DIRECTION ( 'NONE',  ( 1.000000000000000000, 0.000000000000000000, 0.000000000000000000 ) ) ;
#749 = EDGE_LOOP ( 'NONE', ( #4079, #7296, #4141, #6526 ) ) ;
#750 = VECTOR ( 'NONE', #396, 39.37007874015748143 ) ;
#751 = ORIENTED_EDGE ( 'NONE', *, *, #3297, .T. ) ;
#752 = PLANE ( 'NONE',  #6146 ) ;
#753 = ORIENTED_EDGE ( 'NONE', *, *, #7715, .T. ) ;
#754 = ORIENTED_EDGE ( 'NONE', *, *, #9777, .F. ) ;
#755 = FACE_OUTER_BOUND ( 'NONE', #7082, .T. ) ;
#756 = PLANE ( 'NONE',  #4904 ) ;
#757 = VECTOR ( 'NONE', #6856, 39.37007874015748143 ) ;
#758 = CARTESIAN_POINT ( 'NONE',  ( 0.000000000000000000, 0.000000000000000000, 0.4133858267716535861 ) ) ;
#759 = AXIS2_PLACEMENT_3D ( 'NONE', #7368, #10924, #2932 ) ;
#760 = CARTESIAN_POINT ( 'NONE',  ( 0.04488721138055117715, 0.09922416559885827159, 0.03033444894455905941 ) ) ;
#761 = CARTESIAN_POINT ( 'NONE',  ( 0.1313389175166535527, -0.09842519685041276056, 0.2016895358812992034 ) ) ;
#762 = LINE ( 'NONE', #2623, #2645 ) ;
#763 = EDGE_CURVE ( 'NONE', #5045, #8842, #7646, .T. ) ;
#764 = CARTESIAN_POINT ( 'NONE',  ( 0.02661417322834646118, 0.04527559055118110520, 0.2170084889991732435 ) ) ;
#765 = EDGE_CURVE ( 'NONE', #11164, #3579, #6685, .T. ) ;
#766 = LINE ( 'NONE', #4322, #8052 ) ;
#767 = VERTEX_POINT ( 'NONE', #11001 ) ;
#768 = ORIENTED_EDGE ( 'NONE', *, *, #2713, .F. ) ;
#769 = AXIS2_PLACEMENT_3D ( 'NONE', #1623, #4369, #3493 ) ;
#770 = DIRECTION ( 'NONE',  ( 0.000000000000000000, -1.000000000000000000, 0.000000000000000000 ) ) ;
#771 = ORIENTED_EDGE ( 'NONE', *, *, #2327, .F. ) ;
#772 = CARTESIAN_POINT ( 'NONE',  ( -0.05539187368666973615, 0.09842519685039370636, 0.3413493071083531505 ) ) ;
#773 = CYLINDRICAL_SURFACE ( 'NONE', #3624, 0.01377952755905510404 ) ;
#774 = DIRECTION ( 'NONE',  ( 0.000000000000000000, 0.000000000000000000, 1.000000000000000000 ) ) ;
#775 = LINE ( 'NONE', #11115, #1754 ) ;
#776 = CIRCLE ( 'NONE', #942, 0.01771653543307086243 ) ;
#777 = DIRECTION ( 'NONE',  ( -1.000000000000000000, -0.000000000000000000, -0.000000000000000000 ) ) ;
#778 = VECTOR ( 'NONE', #4521, 39.37007874015748143 ) ;
#779 = CARTESIAN_POINT ( 'NONE',  ( -0.1082677165354330728, -0.09842519685039370636, 0.01476377952755905665 ) ) ;
#780 = EDGE_CURVE ( 'NONE', #6932, #979, #10241, .T. ) ;
#781 = CARTESIAN_POINT ( 'NONE',  ( 0.04133774990314520448, 0.08858267716535435377, 0.1555118110444094481 ) ) ;
#782 = ORIENTED_EDGE ( 'NONE', *, *, #9073, .F. ) ;
#783 = FACE_OUTER_BOUND ( 'NONE', #397, .T. ) ;
#784 = ORIENTED_EDGE ( 'NONE', *, *, #869, .F. ) ;
#785 = VECTOR ( 'NONE', #172, 39.37007874015748143 ) ;
#786 = DIRECTION ( 'NONE',  ( 0.000000000000000000, -1.000000000000000000, 0.000000000000000000 ) ) ;
#787 = DIRECTION ( 'NONE',  ( 0.000000000000000000, -1.000000000000000000, 0.000000000000000000 ) ) ;
#788 = ORIENTED_EDGE ( 'NONE', *, *, #2612, .F. ) ;
#789 = EDGE_CURVE ( 'NONE', #4275, #10383, #10640, .T. ) ;
#790 = DIRECTION ( 'NONE',  ( 0.000000000000000000, 1.000000000000000000, 0.000000000000000000 ) ) ;
#791 = CARTESIAN_POINT ( 'NONE',  ( 0.1082677165354330728, 0.000000000000000000, 0.1968503937007874127 ) ) ;
#792 = VECTOR ( 'NONE', #8686, 39.37007874015748143 ) ;
#793 = VERTEX_POINT ( 'NONE', #11063 ) ;
#794 = EDGE_LOOP ( 'NONE', ( #11048, #11222, #1504, #4078 ) ) ;
#795 = VECTOR ( 'NONE', #7823, 39.37007874015748143 ) ;
#796 = EDGE_CURVE ( 'NONE', #1390, #10305, #8519, .T. ) ;
#797 = VERTEX_POINT ( 'NONE', #9384 ) ;
#798 = DIRECTION ( 'NONE',  ( 1.000000000000000000, 0.000000000000000000, 0.000000000000000000 ) ) ;
#799 = FACE_OUTER_BOUND ( 'NONE', #3901, .T. ) ;
#800 = LINE ( 'NONE', #4357, #2261 ) ;
#801 = CARTESIAN_POINT ( 'NONE',  ( 0.09055447425397636363, 0.0008829248196807001512, -0.09842519465124324740 ) ) ;
#802 = CARTESIAN_POINT ( 'NONE',  ( -0.02559055118110237573, 0.04436975472625984823, 0.3930080970366142679 ) ) ;
#803 = VECTOR ( 'NONE', #2419, 39.37007874015748143 ) ;
#804 = ORIENTED_EDGE ( 'NONE', *, *, #5680, .F. ) ;
#805 = PLANE ( 'NONE',  #9487 ) ;
#806 = ORIENTED_EDGE ( 'NONE', *, *, #9367, .F. ) ;
#807 = ORIENTED_EDGE ( 'NONE', *, *, #2347, .F. ) ;
#808 = DIRECTION ( 'NONE',  ( 0.000000000000000000, 1.000000000000000000, 0.000000000000000000 ) ) ;
#809 = EDGE_CURVE ( 'NONE', #6172, #7772, #194, .T. ) ;
#810 = DIRECTION ( 'NONE',  ( 0.000000000000000000, 0.000000000000000000, 1.000000000000000000 ) ) ;
#811 = VECTOR ( 'NONE', #3169, 39.37007874015748854 ) ;
#812 = CYLINDRICAL_SURFACE ( 'NONE', #7540, 0.005142621160748004315 ) ;
#813 = LINE ( 'NONE', #4420, #8864 ) ;
#814 = CARTESIAN_POINT ( 'NONE',  ( 0.03149606299212598381, 0.09842519685039370636, 0.3543307086614174151 ) ) ;
#815 = DIRECTION ( 'NONE',  ( 0.000000000000000000, -1.000000000000000000, 0.000000000000000000 ) ) ;
#816 = FACE_OUTER_BOUND ( 'NONE', #2602, .T. ) ;
#817 = CARTESIAN_POINT ( 'NONE',  ( 0.1064850297291204673, 0.09842519685039370636, 0.2854330708661417804 ) ) ;
#818 = ORIENTED_EDGE ( 'NONE', *, *, #10838, .F. ) ;
#819 = ORIENTED_EDGE ( 'NONE', *, *, #2787, .T. ) ;
#820 = VECTOR ( 'NONE', #328, 39.37007874015748143 ) ;
#821 = ORIENTED_EDGE ( 'NONE', *, *, #11371, .F. ) ;
#822 = EDGE_CURVE ( 'NONE', #3431, #8620, #526, .T. ) ;
#823 = LINE ( 'NONE', #7947, #4518 ) ;
#824 = EDGE_CURVE ( 'NONE', #3931, #5649, #7079, .T. ) ;
#825 = DIRECTION ( 'NONE',  ( 1.000000000000000000, 0.000000000000000000, 0.000000000000000000 ) ) ;
#826 = AXIS2_PLACEMENT_3D ( 'NONE', #9918, #9042, #1047 ) ;
#827 = CARTESIAN_POINT ( 'NONE',  ( 0.1090373898523706447, -0.08587388088681510712, 0.2165354332608268040 ) ) ;
#828 = DIRECTION ( 'NONE',  ( -0.5812381937190961301, 0.000000000000000000, 0.8137334712067350040 ) ) ;
#829 = VECTOR ( 'NONE', #4596, 39.37007874015748143 ) ;
#830 = DIRECTION ( 'NONE',  ( 1.000000000000000000, 0.000000000000000000, 0.000000000000000000 ) ) ;
#831 = DIRECTION ( 'NONE',  ( -1.000000000000000000, 0.000000000000000000, 0.000000000000000000 ) ) ;
#832 = DIRECTION ( 'NONE',  ( 0.000000000000000000, 0.000000000000000000, -1.000000000000000000 ) ) ;
#833 = ORIENTED_EDGE ( 'NONE', *, *, #4499, .F. ) ;
#834 = CARTESIAN_POINT ( 'NONE',  ( 1.687505431895959881E-19, -0.1220472440944882220, 0.09842519685039370636 ) ) ;
#835 = VECTOR ( 'NONE', #913, 39.37007874015748143 ) ;
#836 = ORIENTED_EDGE ( 'NONE', *, *, #4276, .T. ) ;
#837 = CARTESIAN_POINT ( 'NONE',  ( -0.1428063554291648107, -0.09842519685039370636, 0.2094395362842944031 ) ) ;
#838 = EDGE_CURVE ( 'NONE', #8045, #1149, #1330, .T. ) ;
#839 = CARTESIAN_POINT ( 'NONE',  ( 0.05538272907568463077, 0.08858267716535438152, 0.3413157261236335893 ) ) ;
#840 = VERTEX_POINT ( 'NONE', #5945 ) ;
#841 = VECTOR ( 'NONE', #10090, 39.37007874015748143 ) ;
#842 = LINE ( 'NONE', #9057, #5575 ) ;
#843 = CIRCLE ( 'NONE', #6625, 0.007874015748031499423 ) ;
#844 = CARTESIAN_POINT ( 'NONE',  ( 0.02547713594818110452, 0.09580723080137797110, 0.03836409795670078782 ) ) ;
#845 = ORIENTED_EDGE ( 'NONE', *, *, #2515, .F. ) ;
#846 = EDGE_LOOP ( 'NONE', ( #3936, #5646, #4430, #10128 ) ) ;
#847 = CARTESIAN_POINT ( 'NONE',  ( -0.02559055118110236879, 0.03967634165172461563, 0.3944881889763204308 ) ) ;
#848 = ADVANCED_FACE ( 'NONE', ( #411 ), #7636, .T. ) ;
#849 = VECTOR ( 'NONE', #8511, 39.37007874015748143 ) ;
#850 = ORIENTED_EDGE ( 'NONE', *, *, #7542, .T. ) ;
#851 = LINE ( 'NONE', #7033, #8856 ) ;
#852 = CARTESIAN_POINT ( 'NONE',  ( -0.1313389175166535527, -0.09842519685039370636, 0.3395385684779921864 ) ) ;
#853 = CARTESIAN_POINT ( 'NONE',  ( -0.03425292736966927681, 0.1112436988000638227, 0.02994032285030923460 ) ) ;
#854 = CARTESIAN_POINT ( 'NONE',  ( -0.1082677165354330728, -0.08070866141732283006, 0.3307086614173229133 ) ) ;
#855 = VECTOR ( 'NONE', #1759, 39.37007874015748143 ) ;
#856 = ADVANCED_FACE ( 'NONE', ( #10322 ), #4076, .F. ) ;
#857 = ORIENTED_EDGE ( 'NONE', *, *, #6287, .T. ) ;
#858 = CARTESIAN_POINT ( 'NONE',  ( 0.02559055034911773482, 0.09340858812917152143, 0.04105305495531192533 ) ) ;
#859 = ORIENTED_EDGE ( 'NONE', *, *, #3201, .F. ) ;
#860 = EDGE_CURVE ( 'NONE', #11081, #4778, #8572, .T. ) ;
#861 = ORIENTED_EDGE ( 'NONE', *, *, #1888, .F. ) ;
#862 = CARTESIAN_POINT ( 'NONE',  ( -0.1082677165354330728, 0.09842519685039370636, 0.2470472440944881942 ) ) ;
#863 = FACE_OUTER_BOUND ( 'NONE', #4497, .T. ) ;
#864 = DIRECTION ( 'NONE',  ( 0.000000000000000000, 0.000000000000000000, 1.000000000000000000 ) ) ;
#865 = DIRECTION ( 'NONE',  ( 0.000000000000000000, 0.000000000000000000, 1.000000000000000000 ) ) ;
#866 = DIRECTION ( 'NONE',  ( -1.000000000000000000, 0.000000000000000000, 0.000000000000000000 ) ) ;
#867 = CARTESIAN_POINT ( 'NONE',  ( 0.02559055118110236879, 0.06508318454389765140, 0.2027559055118110243 ) ) ;
#868 = LINE ( 'NONE', #4425, #9734 ) ;
#869 = EDGE_CURVE ( 'NONE', #7021, #9047, #1502, .T. ) ;
#870 = ORIENTED_EDGE ( 'NONE', *, *, #1038, .T. ) ;
#871 = CARTESIAN_POINT ( 'NONE',  ( 0.02559055118110236879, 0.08887361786740158309, 0.04527559034011811867 ) ) ;
#872 = ORIENTED_EDGE ( 'NONE', *, *, #3562, .T. ) ;
#873 = LINE ( 'NONE', #4431, #591 ) ;
#874 = ORIENTED_EDGE ( 'NONE', *, *, #3528, .T. ) ;
#875 = DIRECTION ( 'NONE',  ( 0.000000000000000000, -1.000000000000000000, 0.000000000000000000 ) ) ;
#876 = LINE ( 'NONE', #3673, #5303 ) ;
#877 = CARTESIAN_POINT ( 'NONE',  ( 0.02559055118110236879, 0.03967634165172461563, 0.3944881889763204308 ) ) ;
#878 = LINE ( 'NONE', #931, #5857 ) ;
#879 = CARTESIAN_POINT ( 'NONE',  ( 0.05748031496062992740, 0.09842519685039370636, 0.3543307086614174151 ) ) ;
#880 = CARTESIAN_POINT ( 'NONE',  ( 0.1185568754229921334, -0.06692913385826770867, 0.2244094488188976555 ) ) ;
#881 = CARTESIAN_POINT ( 'NONE',  ( 0.03149606299212798222, 0.06348234447478975917, 0.03149606299211614446 ) ) ;
#882 = EDGE_CURVE ( 'NONE', #352, #5506, #5772, .T. ) ;
#883 = ORIENTED_EDGE ( 'NONE', *, *, #5731, .F. ) ;
#884 = AXIS2_PLACEMENT_3D ( 'NONE', #10336, #1456, #2457 ) ;
#885 = DIRECTION ( 'NONE',  ( 0.000000000000000000, 0.000000000000000000, -1.000000000000000000 ) ) ;
#886 = ORIENTED_EDGE ( 'NONE', *, *, #6389, .F. ) ;
#887 = DIRECTION ( 'NONE',  ( 0.8285309289396659560, 0.000000000000000000, 0.5599433005138768626 ) ) ;
#888 = PLANE ( 'NONE',  #4536 ) ;
#889 = VERTEX_POINT ( 'NONE', #4998 ) ;
#890 = DIRECTION ( 'NONE',  ( 1.000000000000000000, 0.000000000000000000, 0.000000000000000000 ) ) ;
#891 = CARTESIAN_POINT ( 'NONE',  ( 0.000000000000000000, 0.09842519685039370636, 0.02952755412827165471 ) ) ;
#892 = EDGE_CURVE ( 'NONE', #5621, #10750, #6646, .T. ) ;
#893 = ADVANCED_FACE ( 'NONE', ( #5763 ), #583, .F. ) ;
#894 = ORIENTED_EDGE ( 'NONE', *, *, #1983, .F. ) ;
#895 = ORIENTED_EDGE ( 'NONE', *, *, #3974, .T. ) ;
#896 = DIRECTION ( 'NONE',  ( 0.000000000000000000, 0.000000000000000000, 1.000000000000000000 ) ) ;
#897 = LINE ( 'NONE', #7252, #2831 ) ;
#898 = ORIENTED_EDGE ( 'NONE', *, *, #10792, .F. ) ;
#899 = DIRECTION ( 'NONE',  ( 0.000000000000000000, 0.000000000000000000, 1.000000000000000000 ) ) ;
#900 = CARTESIAN_POINT ( 'NONE',  ( 0.1302809951179527692, -0.09922749052996061858, 0.2165050770690551685 ) ) ;
#901 = CARTESIAN_POINT ( 'NONE',  ( -0.04013430769237698315, 0.09770188231379296762, 0.02952755905511811330 ) ) ;
#902 = ADVANCED_FACE ( 'NONE', ( #8631 ), #640, .T. ) ;
#903 = DIRECTION ( 'NONE',  ( -1.000000000000000000, 0.000000000000000000, 0.000000000000000000 ) ) ;
#904 = ORIENTED_EDGE ( 'NONE', *, *, #3427, .F. ) ;
#905 = CARTESIAN_POINT ( 'NONE',  ( -0.09842519685039370636, 0.09842519685039370636, 0.2165354330708661457 ) ) ;
#906 = VECTOR ( 'NONE', #7039, 39.37007874015748143 ) ;
#907 = ORIENTED_EDGE ( 'NONE', *, *, #5215, .F. ) ;
#908 = ORIENTED_EDGE ( 'NONE', *, *, #4264, .T. ) ;
#909 = PLANE ( 'NONE',  #10871 ) ;
#910 = ORIENTED_EDGE ( 'NONE', *, *, #765, .F. ) ;
#911 = LINE ( 'NONE', #8037, #2519 ) ;
#912 = CARTESIAN_POINT ( 'NONE',  ( -0.1393455678156299282, -0.07874015748031495954, 0.3562992125984252301 ) ) ;
#913 = DIRECTION ( 'NONE',  ( -1.000000000000000000, 0.000000000000000000, 0.000000000000000000 ) ) ;
#914 = FACE_OUTER_BOUND ( 'NONE', #4645, .T. ) ;
#915 = CARTESIAN_POINT ( 'NONE',  ( 0.000000000000000000, 0.05557062161383548998, 0.07628418892670782436 ) ) ;
#916 = VECTOR ( 'NONE', #5258, 39.37007874015748143 ) ;
#917 = DIRECTION ( 'NONE',  ( 0.000000000000000000, 0.000000000000000000, -1.000000000000000000 ) ) ;
#918 = EDGE_CURVE ( 'NONE', #1969, #8693, #11308, .T. ) ;
#919 = CARTESIAN_POINT ( 'NONE',  ( 0.1238066421755118218, -0.07874015748031495954, 0.3562992125984252301 ) ) ;
#920 = ORIENTED_EDGE ( 'NONE', *, *, #8397, .F. ) ;
#921 = ORIENTED_EDGE ( 'NONE', *, *, #4403, .F. ) ;
#922 = VERTEX_POINT ( 'NONE', #1270 ) ;
#923 = CARTESIAN_POINT ( 'NONE',  ( -0.02559055118110236879, 0.06496062992125983815, 0.08636898558988190255 ) ) ;
#924 = ORIENTED_EDGE ( 'NONE', *, *, #7556, .F. ) ;
#925 = VECTOR ( 'NONE', #1426, 39.37007874015748143 ) ;
#926 = CIRCLE ( 'NONE', #2429, 0.007874015748031499423 ) ;
#927 = DIRECTION ( 'NONE',  ( 0.000000000000000000, 0.000000000000000000, 1.000000000000000000 ) ) ;
#928 = DIRECTION ( 'NONE',  ( 1.000000000000000000, 0.000000000000000000, 0.000000000000000000 ) ) ;
#929 = ADVANCED_FACE ( 'NONE', ( #11134 ), #7581, .F. ) ;
#930 = CARTESIAN_POINT ( 'NONE',  ( -0.1313389175166158329, -0.08858267716535435377, 0.1919037375080175079 ) ) ;
#931 = CARTESIAN_POINT ( 'NONE',  ( 0.05682104683267716339, 0.08858267716535435377, 0.04169289487555118828 ) ) ;
#932 = DIRECTION ( 'NONE',  ( 0.000000000000000000, -1.000000000000000000, 0.000000000000000000 ) ) ;
#933 = CARTESIAN_POINT ( 'NONE',  ( -9.845580169165354500E-15, 0.04886347282281405802, 0.06908076273879969198 ) ) ;
#934 = LINE ( 'NONE', #7235, #4400 ) ;
#935 = EDGE_CURVE ( 'NONE', #677, #8758, #11079, .T. ) ;
#936 = DIRECTION ( 'NONE',  ( 0.000000000000000000, 1.000000000000000000, 0.000000000000000000 ) ) ;
#937 = VECTOR ( 'NONE', #1923, 39.37007874015748143 ) ;
#938 = VERTEX_POINT ( 'NONE', #1810 ) ;
#939 = VECTOR ( 'NONE', #10613, 39.37007874015748143 ) ;
#940 = ORIENTED_EDGE ( 'NONE', *, *, #6312, .T. ) ;
#941 = PLANE ( 'NONE',  #3413 ) ;
#942 = AXIS2_PLACEMENT_3D ( 'NONE', #6629, #453, #4746 ) ;
#943 = CARTESIAN_POINT ( 'NONE',  ( 0.1082677165354330728, -0.01968503937007873988, 0.2263779527559055260 ) ) ;
#944 = EDGE_CURVE ( 'NONE', #1488, #9995, #3512, .T. ) ;
#945 = VECTOR ( 'NONE', #7162, 39.37007874015748143 ) ;
#946 = EDGE_LOOP ( 'NONE', ( #2526, #1447, #9554, #10675 ) ) ;
#947 = CYLINDRICAL_SURFACE ( 'NONE', #8945, 0.01574803149606299191 ) ;
#948 = DIRECTION ( 'NONE',  ( 0.000000000000000000, 0.000000000000000000, -1.000000000000000000 ) ) ;
#949 = CIRCLE ( 'NONE', #3752, 0.02165354330708662081 ) ;
#950 = ORIENTED_EDGE ( 'NONE', *, *, #300, .T. ) ;
#951 = ORIENTED_EDGE ( 'NONE', *, *, #6952, .F. ) ;
#952 = DIRECTION ( 'NONE',  ( 0.000000000000000000, 0.000000000000000000, -1.000000000000000000 ) ) ;
#953 = EDGE_CURVE ( 'NONE', #10325, #8555, #5576, .T. ) ;
#954 = ADVANCED_FACE ( 'NONE', ( #8989 ), #5366, .F. ) ;
#955 = ORIENTED_EDGE ( 'NONE', *, *, #2928, .F. ) ;
#956 = VECTOR ( 'NONE', #4288, 39.37007874015748143 ) ;
#957 = FACE_OUTER_BOUND ( 'NONE', #2872, .T. ) ;
#958 = DIRECTION ( 'NONE',  ( 0.000000000000000000, -1.000000000000000000, 0.000000000000000000 ) ) ;
#959 = FACE_OUTER_BOUND ( 'NONE', #1229, .T. ) ;
#960 = FACE_OUTER_BOUND ( 'NONE', #4007, .T. ) ;
#961 = ORIENTED_EDGE ( 'NONE', *, *, #1249, .T. ) ;
#962 = DIRECTION ( 'NONE',  ( 0.000000000000000000, 0.000000000000000000, -1.000000000000000000 ) ) ;
#963 = LOCAL_TIME ( 21, 5, 28.00000000000000000, #10428 ) ;
#964 = CIRCLE ( 'NONE', #10667, 0.007874015748031499423 ) ;
#965 = ORIENTED_EDGE ( 'NONE', *, *, #1673, .T. ) ;
#966 = VERTEX_POINT ( 'NONE', #8881 ) ;
#967 = EDGE_CURVE ( 'NONE', #4948, #5506, #6307, .T. ) ;
#968 = PLANE ( 'NONE',  #4004 ) ;
#969 = CARTESIAN_POINT ( 'NONE',  ( 0.08799274575059271020, 0.02251305951797583776, -0.09842518726862027612 ) ) ;
#970 = DIRECTION ( 'NONE',  ( -0.8285309289396448618, -2.158822443112665498E-13, 0.5599433005139081709 ) ) ;
#971 = CYLINDRICAL_SURFACE ( 'NONE', #2812, 0.003821856477047251305 ) ;
#972 = VECTOR ( 'NONE', #1056, 39.37007874015748143 ) ;
#973 = CYLINDRICAL_SURFACE ( 'NONE', #11020, 0.01574803149606299191 ) ;
#974 = DIRECTION ( 'NONE',  ( 0.000000000000000000, 0.000000000000000000, 1.000000000000000000 ) ) ;
#975 = DIRECTION ( 'NONE',  ( 0.000000000000000000, -1.000000000000000000, 0.000000000000000000 ) ) ;
#976 = VERTEX_POINT ( 'NONE', #139 ) ;
#977 = ORIENTED_EDGE ( 'NONE', *, *, #8887, .F. ) ;
#978 = EDGE_LOOP ( 'NONE', ( #9099, #7811, #5860, #9613 ) ) ;
#979 = VERTEX_POINT ( 'NONE', #879 ) ;
#980 = CARTESIAN_POINT ( 'NONE',  ( -0.02559055118110236879, 0.06496062992125983815, 0.08636898558988190255 ) ) ;
#981 = EDGE_CURVE ( 'NONE', #5381, #698, #5422, .T. ) ;
#982 = ORIENTED_EDGE ( 'NONE', *, *, #6493, .F. ) ;
#983 = FACE_OUTER_BOUND ( 'NONE', #10382, .T. ) ;
#984 = CARTESIAN_POINT ( 'NONE',  ( -0.1427909053053543209, -0.09842519685039370636, 0.05823368374838583383 ) ) ;
#985 = CYLINDRICAL_SURFACE ( 'NONE', #6788, 0.007874015748031499423 ) ;
#986 = CARTESIAN_POINT ( 'NONE',  ( -0.02559055118110237573, 0.04819886987055929661, 0.3850120302503901026 ) ) ;
#987 = LINE ( 'NONE', #2638, #1298 ) ;
#988 = DIRECTION ( 'NONE',  ( 0.8141000209729398751, 0.000000000000000000, -0.5807246816279285628 ) ) ;
#989 = CARTESIAN_POINT ( 'NONE',  ( -0.03149606299212598381, 0.08464566929133858497, 0.3543307086614174151 ) ) ;
#990 = VECTOR ( 'NONE', #7492, 39.37007874015748143 ) ;
#991 = ORIENTED_EDGE ( 'NONE', *, *, #1792, .T. ) ;
#992 = EDGE_CURVE ( 'NONE', #162, #457, #8000, .T. ) ;
#993 = VERTEX_POINT ( 'NONE', #9862 ) ;
#994 = VERTEX_POINT ( 'NONE', #1861 ) ;
#995 = CYLINDRICAL_SURFACE ( 'NONE', #8444, 0.04578276980082676695 ) ;
#996 = ADVANCED_FACE ( 'NONE', ( #7951 ), #5317, .F. ) ;
#997 = VECTOR ( 'NONE', #5257, 39.37007874015748143 ) ;
#998 = CIRCLE ( 'NONE', #7910, 0.01574803149606299885 ) ;
#999 = LINE ( 'NONE', #4501, #4723 ) ;
#1000 = VERTEX_POINT ( 'NONE', #82 ) ;
#1001 = DIRECTION ( 'NONE',  ( 0.000000000000000000, 0.000000000000000000, -1.000000000000000000 ) ) ;
#1002 = CYLINDRICAL_SURFACE ( 'NONE', #3176, 0.007874015748031482076 ) ;
#1003 = PLANE ( 'NONE',  #7488 ) ;
#1004 = VECTOR ( 'NONE', #2281, 39.37007874015748143 ) ;
#1005 = VECTOR ( 'NONE', #8968, 39.37007874015748143 ) ;
#1006 = EDGE_CURVE ( 'NONE', #515, #7990, #3567, .T. ) ;
#1007 = ORIENTED_EDGE ( 'NONE', *, *, #9191, .F. ) ;
#1008 = ORIENTED_EDGE ( 'NONE', *, *, #10159, .T. ) ;
#1009 = DIRECTION ( 'NONE',  ( 0.000000000000000000, 0.000000000000000000, 1.000000000000000000 ) ) ;
#1010 = CARTESIAN_POINT ( 'NONE',  ( 0.03149606299212598381, 0.08095377066255905751, 0.07086614173228347746 ) ) ;
#1011 = EDGE_CURVE ( 'NONE', #3138, #3963, #987, .T. ) ;
#1012 = ORIENTED_EDGE ( 'NONE', *, *, #944, .F. ) ;
#1013 = ORIENTED_EDGE ( 'NONE', *, *, #2719, .F. ) ;
#1014 = CIRCLE ( 'NONE', #9030, 0.007874015748031499423 ) ;
#1015 = VECTOR ( 'NONE', #10826, 39.37007874015748143 ) ;
#1016 = DIRECTION ( 'NONE',  ( 0.000000000000000000, 0.000000000000000000, 1.000000000000000000 ) ) ;
#1017 = DIRECTION ( 'NONE',  ( 1.000000000000000000, 0.000000000000000000, 0.000000000000000000 ) ) ;
#1018 = CARTESIAN_POINT ( 'NONE',  ( -0.04024363234510665299, 0.09734024217479503305, 0.02952755913125194864 ) ) ;
#1019 = EDGE_CURVE ( 'NONE', #6608, #5978, #5965, .T. ) ;
#1020 = ORIENTED_EDGE ( 'NONE', *, *, #8198, .T. ) ;
#1021 = DIRECTION ( 'NONE',  ( 0.000000000000000000, -1.000000000000000000, 0.000000000000000000 ) ) ;
#1022 = EDGE_CURVE ( 'NONE', #6172, #4646, #6260, .T. ) ;
#1023 = AXIS2_PLACEMENT_3D ( 'NONE', #4754, #3019, #2140 ) ;
#1024 = VERTEX_POINT ( 'NONE', #6091 ) ;
#1025 = VECTOR ( 'NONE', #1976, 39.37007874015748143 ) ;
#1026 = ORIENTED_EDGE ( 'NONE', *, *, #2409, .F. ) ;
#1027 = EDGE_LOOP ( 'NONE', ( #4593, #8293, #9842, #11449 ) ) ;
#1028 = CARTESIAN_POINT ( 'NONE',  ( -0.1417322834645669549, -0.01968503937007873988, 0.2125984251968503769 ) ) ;
#1029 = VECTOR ( 'NONE', #3294, 39.37007874015748143 ) ;
#1030 = CARTESIAN_POINT ( 'NONE',  ( 0.08908922091047438707, 0.01688164713210139195, -0.09842518818365275646 ) ) ;
#1031 = DIRECTION ( 'NONE',  ( -1.453678890483365881E-16, -0.000000000000000000, -1.000000000000000000 ) ) ;
#1032 = PLANE ( 'NONE',  #8786 ) ;
#1033 = FACE_OUTER_BOUND ( 'NONE', #4534, .T. ) ;
#1034 = DIRECTION ( 'NONE',  ( 0.000000000000000000, 0.9537015367441439295, -0.3007546821112823121 ) ) ;
#1035 = CARTESIAN_POINT ( 'NONE',  ( -0.1082677165354330728, -0.05905511811023622659, 0.3307086614173229133 ) ) ;
#1036 = VERTEX_POINT ( 'NONE', #7181 ) ;
#1037 = EDGE_CURVE ( 'NONE', #11137, #1617, #10737, .T. ) ;
#1038 = EDGE_CURVE ( 'NONE', #6874, #4110, #4548, .T. ) ;
#1039 = ORIENTED_EDGE ( 'NONE', *, *, #8508, .T. ) ;
#1040 = ORIENTED_EDGE ( 'NONE', *, *, #10711, .T. ) ;
#1041 = CARTESIAN_POINT ( 'NONE',  ( 0.07086614173228331093, 0.08858267716535435377, 0.003937007874015867673 ) ) ;
#1042 = ORIENTED_EDGE ( 'NONE', *, *, #9453, .F. ) ;
#1043 = CARTESIAN_POINT ( 'NONE',  ( 0.02559055118110158122, 0.08611964107874839347, 0.3446329950012565480 ) ) ;
#1044 = DIRECTION ( 'NONE',  ( 0.000000000000000000, 0.000000000000000000, 1.000000000000000000 ) ) ;
#1045 = CARTESIAN_POINT ( 'NONE',  ( -0.03149606299212598381, 0.08095377066255905751, 0.08464566929133858497 ) ) ;
#1046 = CARTESIAN_POINT ( 'NONE',  ( -0.1082677165354330728, 0.05905511811023622659, 0.1968503937007874127 ) ) ;
#1047 = DIRECTION ( 'NONE',  ( 1.000000000000000000, 0.000000000000000000, 0.000000000000000000 ) ) ;
#1048 = LINE ( 'NONE', #2799, #2070 ) ;
#1049 = LINE ( 'NONE', #3733, #5017 ) ;
#1050 = LINE ( 'NONE', #10683, #4216 ) ;
#1051 = DIRECTION ( 'NONE',  ( 0.000000000000000000, 0.000000000000000000, -1.000000000000000000 ) ) ;
#1052 = ORIENTED_EDGE ( 'NONE', *, *, #2103, .T. ) ;
#1053 = EDGE_CURVE ( 'NONE', #2430, #11522, #4388, .T. ) ;
#1054 = ORIENTED_EDGE ( 'NONE', *, *, #4042, .T. ) ;
#1055 = EDGE_LOOP ( 'NONE', ( #3683, #7279, #2865, #2010 ) ) ;
#1056 = DIRECTION ( 'NONE',  ( 0.000000000000000000, 0.000000000000000000, 1.000000000000000000 ) ) ;
#1057 = CARTESIAN_POINT ( 'NONE',  ( 0.05539986495500716368, 0.09514435695538057958, 0.3413342882815108004 ) ) ;
#1058 = ORIENTED_EDGE ( 'NONE', *, *, #5951, .F. ) ;
#1059 = DIRECTION ( 'NONE',  ( 1.000000000000000000, 0.000000000000000000, 0.000000000000000000 ) ) ;
#1060 = CIRCLE ( 'NONE', #7968, 0.007874015748031482076 ) ;
#1061 = DIRECTION ( 'NONE',  ( 0.000000000000000000, 0.000000000000000000, 1.000000000000000000 ) ) ;
#1062 = CARTESIAN_POINT ( 'NONE',  ( 0.04448818897637794867, 0.09153543307086615954, 0.3543307086614174151 ) ) ;
#1063 = CARTESIAN_POINT ( 'NONE',  ( 0.02780579134203543107, 0.09692214597913385854, 0.03219291772986221378 ) ) ;
#1064 = EDGE_CURVE ( 'NONE', #11085, #6583, #7234, .T. ) ;
#1065 = ORIENTED_EDGE ( 'NONE', *, *, #8773, .F. ) ;
#1066 = VECTOR ( 'NONE', #7576, 39.37007874015748143 ) ;
#1067 = CARTESIAN_POINT ( 'NONE',  ( -0.1082677165354330728, -0.05905511811023622659, 0.04330708661417323468 ) ) ;
#1068 = ORIENTED_EDGE ( 'NONE', *, *, #5951, .T. ) ;
#1069 = LINE ( 'NONE', #9120, #7909 ) ;
#1070 = EDGE_CURVE ( 'NONE', #542, #5134, #4336, .T. ) ;
#1071 = CYLINDRICAL_SURFACE ( 'NONE', #6334, 0.007874015748031499423 ) ;
#1072 = CARTESIAN_POINT ( 'NONE',  ( -0.03973719409194506613, 0.1036759341675588530, 0.02965207122792344260 ) ) ;
#1073 = EDGE_CURVE ( 'NONE', #10807, #9767, #10574, .T. ) ;
#1074 = CARTESIAN_POINT ( 'NONE',  ( 0.03149606299212598381, 0.08464566929133858497, 0.08464566929133858497 ) ) ;
#1075 = ORIENTED_EDGE ( 'NONE', *, *, #10996, .T. ) ;
#1076 = CARTESIAN_POINT ( 'NONE',  ( 0.1078127691192519721, -0.05118110236220473758, 0.1023622047244094752 ) ) ;
#1077 = VERTEX_POINT ( 'NONE', #3790 ) ;
#1078 = VERTEX_POINT ( 'NONE', #6478 ) ;
#1079 = ORIENTED_EDGE ( 'NONE', *, *, #393, .F. ) ;
#1080 = CYLINDRICAL_SURFACE ( 'NONE', #7925, 0.04578276980082676695 ) ;
#1081 = EDGE_CURVE ( 'NONE', #8413, #2758, #3529, .T. ) ;
#1082 = CARTESIAN_POINT ( 'NONE',  ( 0.1082677165354330728, -0.06889763779527559306, 0.02952755905511811330 ) ) ;
#1083 = DIRECTION ( 'NONE',  ( 0.8285309289394326981, 0.000000000000000000, -0.5599433005142222530 ) ) ;
#1084 = CARTESIAN_POINT ( 'NONE',  ( 0.1082677165354330728, -0.05118110236220473758, 0.03149606299212599075 ) ) ;
#1085 = LINE ( 'NONE', #2017, #2272 ) ;
#1086 = CARTESIAN_POINT ( 'NONE',  ( 0.1297463131434229144, -0.09842519685039369248, 0.3384622439642887004 ) ) ;
#1087 = DIRECTION ( 'NONE',  ( 0.4516689612928088682, 0.000000000000000000, -0.8921856025540174651 ) ) ;
#1088 = EDGE_LOOP ( 'NONE', ( #5816, #195, #71, #7298 ) ) ;
#1089 = PLANE ( 'NONE',  #8560 ) ;
#1090 = ORIENTED_EDGE ( 'NONE', *, *, #6322, .T. ) ;
#1091 = VERTEX_POINT ( 'NONE', #9156 ) ;
#1092 = ORIENTED_EDGE ( 'NONE', *, *, #10187, .T. ) ;
#1093 = DIRECTION ( 'NONE',  ( 0.000000000000000000, 0.000000000000000000, -1.000000000000000000 ) ) ;
#1094 = DIRECTION ( 'NONE',  ( 0.000000000000000000, -1.000000000000000000, 0.000000000000000000 ) ) ;
#1095 = ORIENTED_EDGE ( 'NONE', *, *, #1136, .T. ) ;
#1096 = CARTESIAN_POINT ( 'NONE',  ( 0.02559055118110236879, 0.06496062992125983815, 0.08636898558988190255 ) ) ;
#1097 = ADVANCED_FACE ( 'NONE', ( #10032 ), #10787, .F. ) ;
#1098 = VECTOR ( 'NONE', #10837, 39.37007874015748143 ) ;
#1099 = EDGE_CURVE ( 'NONE', #2834, #3311, #1670, .T. ) ;
#1100 = LINE ( 'NONE', #984, #2887 ) ;
#1101 = FACE_OUTER_BOUND ( 'NONE', #7955, .T. ) ;
#1102 = DIRECTION ( 'NONE',  ( 0.2275011753995061226, 0.000000000000000000, -0.9737778058632488021 ) ) ;
#1103 = DIRECTION ( 'NONE',  ( 0.000000000000000000, 1.000000000000000000, 0.000000000000000000 ) ) ;
#1104 = CARTESIAN_POINT ( 'NONE',  ( -0.1181102362204724671, -0.05905511811023623353, 0.3129921259842520231 ) ) ;
#1105 = CARTESIAN_POINT ( 'NONE',  ( -0.1238066421755511931, -0.08858267716535435377, 0.3562992125984252301 ) ) ;
#1106 = ORIENTED_EDGE ( 'NONE', *, *, #9711, .T. ) ;
#1107 = CARTESIAN_POINT ( 'NONE',  ( 0.1417322834645669549, 0.009842519685039369942, 0.3503937007874015630 ) ) ;
#1108 = ORIENTED_EDGE ( 'NONE', *, *, #304, .F. ) ;
#1109 = VERTEX_POINT ( 'NONE', #2800 ) ;
#1110 = CARTESIAN_POINT ( 'NONE',  ( -0.1023622047244094613, 0.08267716535433072833, 0.2854330708661417804 ) ) ;
#1111 = CARTESIAN_POINT ( 'NONE',  ( 0.1082677165354331006, -0.05905511811023623353, 0.3838582677165355284 ) ) ;
#1112 = EDGE_CURVE ( 'NONE', #922, #6313, #4532, .T. ) ;
#1113 = ORIENTED_EDGE ( 'NONE', *, *, #3571, .F. ) ;
#1114 = AXIS2_PLACEMENT_3D ( 'NONE', #3680, #7184, #5261 ) ;
#1115 = CARTESIAN_POINT ( 'NONE',  ( -0.1448695619667955958, -0.08858267716535438152, 0.3505741124672351328 ) ) ;
#1116 = VECTOR ( 'NONE', #9107, 39.37007874015748143 ) ;
#1117 = DIRECTION ( 'NONE',  ( 0.000000000000000000, 1.000000000000000000, 0.000000000000000000 ) ) ;
#1118 = CARTESIAN_POINT ( 'NONE',  ( 0.1417322834645669549, -0.004724409448818898440, 0.1803129132838189042 ) ) ;
#1119 = CARTESIAN_POINT ( 'NONE',  ( 0.03325649829764174004, 0.09563446623925196677, 0.02928131032602363307 ) ) ;
#1120 = CARTESIAN_POINT ( 'NONE',  ( 0.1082677165354330728, 0.08267716535433072833, 0.2854330708661417804 ) ) ;
#1121 = ORIENTED_EDGE ( 'NONE', *, *, #7405, .T. ) ;
#1122 = VERTEX_POINT ( 'NONE', #2920 ) ;
#1123 = AXIS2_PLACEMENT_3D ( 'NONE', #4926, #9306, #8501 ) ;
#1124 = VECTOR ( 'NONE', #5990, 39.37007874015748143 ) ;
#1125 = CARTESIAN_POINT ( 'NONE',  ( 0.1082677165354330728, 0.03937007874015747977, 0.2263779527559055260 ) ) ;
#1126 = FACE_OUTER_BOUND ( 'NONE', #9034, .T. ) ;
#1127 = EDGE_CURVE ( 'NONE', #11167, #5978, #1049, .T. ) ;
#1128 = VERTEX_POINT ( 'NONE', #8225 ) ;
#1129 = FACE_OUTER_BOUND ( 'NONE', #9837, .T. ) ;
#1130 = CARTESIAN_POINT ( 'NONE',  ( 0.1406663324992913355, -0.09842519685039370636, 0.1809872108077953123 ) ) ;
#1131 = CARTESIAN_POINT ( 'NONE',  ( -0.02556179377833306052, 0.09614031553675533859, 0.03771726468722309822 ) ) ;
#1132 = VECTOR ( 'NONE', #4982, 39.37007874015748143 ) ;
#1133 = EDGE_LOOP ( 'NONE', ( #9528, #10492, #323, #910 ) ) ;
#1134 = CARTESIAN_POINT ( 'NONE',  ( 0.1181102362204724532, -0.05118110236220473758, 0.1102362204724409572 ) ) ;
#1135 = VERTEX_POINT ( 'NONE', #7292 ) ;
#1136 = EDGE_CURVE ( 'NONE', #938, #6063, #2784, .T. ) ;
#1137 = VERTEX_POINT ( 'NONE', #9095 ) ;
#1138 = ORIENTED_EDGE ( 'NONE', *, *, #101, .F. ) ;
#1139 = VECTOR ( 'NONE', #8224, 39.37007874015748143 ) ;
#1140 = EDGE_CURVE ( 'NONE', #2829, #1217, #2036, .T. ) ;
#1141 = LINE ( 'NONE', #1260, #2709 ) ;
#1142 = CARTESIAN_POINT ( 'NONE',  ( 0.1212149868962992122, -0.09453020648716535523, 0.2165284336503937035 ) ) ;
#1143 = FACE_OUTER_BOUND ( 'NONE', #1560, .T. ) ;
#1144 = FACE_OUTER_BOUND ( 'NONE', #8771, .T. ) ;
#1145 = LINE ( 'NONE', #7575, #3008 ) ;
#1146 = CARTESIAN_POINT ( 'NONE',  ( -0.1082677165354330728, -0.06692913385826770867, 0.04330708661417323468 ) ) ;
#1147 = DIRECTION ( 'NONE',  ( 0.000000000000000000, 0.000000000000000000, 1.000000000000000000 ) ) ;
#1148 = VECTOR ( 'NONE', #7248, 39.37007874015748143 ) ;
#1149 = VERTEX_POINT ( 'NONE', #1237 ) ;
#1150 = CARTESIAN_POINT ( 'NONE',  ( -0.1082677165354330728, 0.03937007874015484299, 0.3503937007874015630 ) ) ;
#1151 = EDGE_LOOP ( 'NONE', ( #4842, #2193, #2011, #4806 ) ) ;
#1152 = ADVANCED_FACE ( 'NONE', ( #1292 ), #2989, .T. ) ;
#1153 = ORIENTED_EDGE ( 'NONE', *, *, #8722, .F. ) ;
#1154 = ORIENTED_EDGE ( 'NONE', *, *, #5343, .F. ) ;
#1155 = CARTESIAN_POINT ( 'NONE',  ( 0.02697158702095070817, 0.08745410646484416683, 0.3407890078522441968 ) ) ;
#1156 = CARTESIAN_POINT ( 'NONE',  ( -0.1059055118110236310, 0.09842519685039370636, 0.03149606299212598381 ) ) ;
#1157 = ADVANCED_FACE ( 'NONE', ( #7544 ), #4784, .F. ) ;
#1158 = VECTOR ( 'NONE', #2084, 39.37007874015748143 ) ;
#1159 = FACE_OUTER_BOUND ( 'NONE', #3681, .T. ) ;
#1160 = PLANE ( 'NONE',  #8304 ) ;
#1161 = CARTESIAN_POINT ( 'NONE',  ( -0.1427909053053550703, -0.09842519685039370636, 0.08349859971618901755 ) ) ;
#1162 = PLANE ( 'NONE',  #4127 ) ;
#1163 = DIRECTION ( 'NONE',  ( 0.9737778058631813005, 0.000000000000000000, -0.2275011753997955855 ) ) ;
#1164 = CARTESIAN_POINT ( 'NONE',  ( -0.04132303369204724103, 0.08858267716535435377, 0.3326771653543307283 ) ) ;
#1165 = ORIENTED_EDGE ( 'NONE', *, *, #10235, .F. ) ;
#1166 = VECTOR ( 'NONE', #6603, 39.37007874015748143 ) ;
#1167 = EDGE_CURVE ( 'NONE', #10051, #629, #10978, .T. ) ;
#1168 = EDGE_CURVE ( 'NONE', #10704, #10453, #4845, .T. ) ;
#1169 = CYLINDRICAL_SURFACE ( 'NONE', #9699, 0.007874015748031499423 ) ;
#1170 = ORIENTED_EDGE ( 'NONE', *, *, #3063, .T. ) ;
#1171 = CARTESIAN_POINT ( 'NONE',  ( 0.02559055118110236879, 0.04906316780076148271, 0.3915280050971950421 ) ) ;
#1172 = DIRECTION ( 'NONE',  ( 0.000000000000000000, 0.000000000000000000, 1.000000000000000000 ) ) ;
#1173 = ORIENTED_EDGE ( 'NONE', *, *, #5144, .T. ) ;
#1174 = CARTESIAN_POINT ( 'NONE',  ( 0.04141199542559055591, 0.09842519685039370636, 0.1555118110236220763 ) ) ;
#1175 = AXIS2_PLACEMENT_3D ( 'NONE', #5414, #3457, #2577 ) ;
#1176 = CARTESIAN_POINT ( 'NONE',  ( 0.000000000000000000, 0.09842519685039370636, 0.08464566929133858497 ) ) ;
#1177 = FACE_OUTER_BOUND ( 'NONE', #1364, .T. ) ;
#1178 = CARTESIAN_POINT ( 'NONE',  ( 1.325897125061110014E-18, -0.1141732283464566844, 0.07677165354330710290 ) ) ;
#1179 = CARTESIAN_POINT ( 'NONE',  ( 0.03358071998625590526, 0.09876764620440947606, 0.02871503461815749086 ) ) ;
#1180 = VERTEX_POINT ( 'NONE', #11104 ) ;
#1181 = CARTESIAN_POINT ( 'NONE',  ( 0.1131889763779527630, -0.05905511811023622659, 0.3129921259842520231 ) ) ;
#1182 = ADVANCED_FACE ( 'NONE', ( #6550 ), #2110, .F. ) ;
#1183 = ORIENTED_EDGE ( 'NONE', *, *, #87, .T. ) ;
#1184 = AXIS2_PLACEMENT_3D ( 'NONE', #11289, #3354, #7023 ) ;
#1185 = VERTEX_POINT ( 'NONE', #8419 ) ;
#1186 = LINE ( 'NONE', #7491, #10858 ) ;
#1187 = CARTESIAN_POINT ( 'NONE',  ( 0.1082677165354330728, 0.08432789007275785786, 0.3838582677165355284 ) ) ;
#1188 = ORIENTED_EDGE ( 'NONE', *, *, #3739, .T. ) ;
#1189 = DIRECTION ( 'NONE',  ( 1.224646799147353207E-16, 0.000000000000000000, -1.000000000000000000 ) ) ;
#1190 = AXIS2_PLACEMENT_3D ( 'NONE', #3837, #6578, #2956 ) ;
#1191 = CARTESIAN_POINT ( 'NONE',  ( 0.1023622047244094613, 0.08267716535433072833, 0.2854330708661417804 ) ) ;
#1192 = VECTOR ( 'NONE', #5847, 39.37007874015748143 ) ;
#1193 = CARTESIAN_POINT ( 'NONE',  ( -0.02552904315824622641, 0.09526536116625983208, 0.03910853621640565658 ) ) ;
#1194 = LINE ( 'NONE', #3132, #37 ) ;
#1195 = ORIENTED_EDGE ( 'NONE', *, *, #688, .F. ) ;
#1196 = CARTESIAN_POINT ( 'NONE',  ( -0.05682104683268283246, 0.08858267716535435377, 0.04169289487557378826 ) ) ;
#1197 = EDGE_CURVE ( 'NONE', #1180, #659, #434, .T. ) ;
#1198 = ORIENTED_EDGE ( 'NONE', *, *, #8343, .F. ) ;
#1199 = ORIENTED_EDGE ( 'NONE', *, *, #10590, .F. ) ;
#1200 = AXIS2_PLACEMENT_3D ( 'NONE', #9808, #7231, #9041 ) ;
#1201 = ORIENTED_EDGE ( 'NONE', *, *, #11131, .T. ) ;
#1202 = AXIS2_PLACEMENT_3D ( 'NONE', #6943, #2279, #5006 ) ;
#1203 = DIRECTION ( 'NONE',  ( 0.000000000000000000, -1.000000000000000000, 0.000000000000000000 ) ) ;
#1204 = DIRECTION ( 'NONE',  ( 0.000000000000000000, 0.000000000000000000, 1.000000000000000000 ) ) ;
#1205 = PLANE ( 'NONE',  #10141 ) ;
#1206 = DIRECTION ( 'NONE',  ( 1.000000000000000000, 0.000000000000000000, 0.000000000000000000 ) ) ;
#1207 = LINE ( 'NONE', #3892, #6374 ) ;
#1208 = EDGE_CURVE ( 'NONE', #2536, #9543, #7900, .T. ) ;
#1209 = DIRECTION ( 'NONE',  ( 0.000000000000000000, 0.000000000000000000, -1.000000000000000000 ) ) ;
#1210 = VECTOR ( 'NONE', #10516, 39.37007874015748143 ) ;
#1211 = CARTESIAN_POINT ( 'NONE',  ( 0.04148596331444882185, 0.08858267724177165681, 0.02952755905511811330 ) ) ;
#1212 = AXIS2_PLACEMENT_3D ( 'NONE', #7748, #8561, #11300 ) ;
#1213 = ORIENTED_EDGE ( 'NONE', *, *, #8603, .F. ) ;
#1214 = CARTESIAN_POINT ( 'NONE',  ( 0.1250000000000000000, -0.01968503937007873988, 0.1811023622047244208 ) ) ;
#1215 = EDGE_CURVE ( 'NONE', #7595, #2671, #8772, .T. ) ;
#1216 = ORIENTED_EDGE ( 'NONE', *, *, #6047, .F. ) ;
#1217 = VERTEX_POINT ( 'NONE', #6610 ) ;
#1218 = LINE ( 'NONE', #5664, #8194 ) ;
#1219 = ORIENTED_EDGE ( 'NONE', *, *, #24, .T. ) ;
#1220 = CARTESIAN_POINT ( 'NONE',  ( 0.03125028965668549125, 0.08833468766621542512, 0.3362823591756386454 ) ) ;
#1221 = CARTESIAN_POINT ( 'NONE',  ( 0.05538272907568463077, 0.08858267716535438152, 0.3413157261236335893 ) ) ;
#1222 = VECTOR ( 'NONE', #7349, 39.37007874015748143 ) ;
#1223 = LINE ( 'NONE', #10087, #3812 ) ;
#1224 = CARTESIAN_POINT ( 'NONE',  ( -0.1313389175166535527, -0.08858267716535435377, 0.07575904091893700953 ) ) ;
#1225 = FACE_OUTER_BOUND ( 'NONE', #2893, .T. ) ;
#1226 = FACE_OUTER_BOUND ( 'NONE', #5917, .T. ) ;
#1227 = EDGE_CURVE ( 'NONE', #8476, #661, #10167, .T. ) ;
#1228 = CARTESIAN_POINT ( 'NONE',  ( 0.08336614173228347469, 0.09153543307086615954, 0.01476377952755905665 ) ) ;
#1229 = EDGE_LOOP ( 'NONE', ( #8617, #3693, #6497, #4799 ) ) ;
#1230 = CIRCLE ( 'NONE', #8122, 0.04578276980082677389 ) ;
#1231 = FACE_OUTER_BOUND ( 'NONE', #1951, .T. ) ;
#1232 = ORIENTED_EDGE ( 'NONE', *, *, #3976, .F. ) ;
#1233 = CARTESIAN_POINT ( 'NONE',  ( -0.1436235256777519675, -0.08858267716535435377, 0.3145413734480559387 ) ) ;
#1234 = LINE ( 'NONE', #10283, #8277 ) ;
#1235 = ORIENTED_EDGE ( 'NONE', *, *, #6754, .F. ) ;
#1236 = CARTESIAN_POINT ( 'NONE',  ( 0.04133858267716536417, 0.09887649084480314154, 0.3484251968503936925 ) ) ;
#1237 = CARTESIAN_POINT ( 'NONE',  ( -0.05748031496062992046, 0.09842519685039370636, 0.3543307086614174151 ) ) ;
#1238 = ADVANCED_FACE ( 'NONE', ( #5730 ), #10222, .F. ) ;
#1239 = CARTESIAN_POINT ( 'NONE',  ( -0.03009273993632667274, 0.08814287329037646945, 0.3373832781457091756 ) ) ;
#1240 = LINE ( 'NONE', #8241, #11379 ) ;
#1241 = CARTESIAN_POINT ( 'NONE',  ( 0.02841329016472048108, 0.1140763794961417443, 0.03012832440735433576 ) ) ;
#1242 = DIRECTION ( 'NONE',  ( 1.000000000000000000, 0.000000000000000000, 0.000000000000000000 ) ) ;
#1243 = ORIENTED_EDGE ( 'NONE', *, *, #8473, .T. ) ;
#1244 = ORIENTED_EDGE ( 'NONE', *, *, #11341, .F. ) ;
#1245 = FACE_OUTER_BOUND ( 'NONE', #10199, .T. ) ;
#1246 = CARTESIAN_POINT ( 'NONE',  ( -0.1259842519685039353, -0.09842519685039369248, 0.05118110236220473758 ) ) ;
#1247 = ORIENTED_EDGE ( 'NONE', *, *, #304, .T. ) ;
#1248 = DIRECTION ( 'NONE',  ( -1.000000000000000000, -0.000000000000000000, -0.000000000000000000 ) ) ;
#1249 = EDGE_CURVE ( 'NONE', #4229, #10200, #3748, .T. ) ;
#1250 = EDGE_CURVE ( 'NONE', #3643, #10177, #318, .T. ) ;
#1251 = CARTESIAN_POINT ( 'NONE',  ( -0.1003937007874015630, 0.09842519685039370636, 0.03149606299212795446 ) ) ;
#1252 = CARTESIAN_POINT ( 'NONE',  ( -0.02879692053342097074, 0.1060687528901927135, 0.02817154162302615630 ) ) ;
#1253 = CARTESIAN_POINT ( 'NONE',  ( 0.000000000000000000, 0.000000000000000000, 0.3070866141722329301 ) ) ;
#1254 = ORIENTED_EDGE ( 'NONE', *, *, #2327, .T. ) ;
#1255 = AXIS2_PLACEMENT_3D ( 'NONE', #3893, #5642, #6641 ) ;
#1256 = FACE_OUTER_BOUND ( 'NONE', #4615, .T. ) ;
#1257 = ORIENTED_EDGE ( 'NONE', *, *, #7742, .F. ) ;
#1258 = ORIENTED_EDGE ( 'NONE', *, *, #2122, .T. ) ;
#1259 = VERTEX_POINT ( 'NONE', #5548 ) ;
#1260 = CARTESIAN_POINT ( 'NONE',  ( -0.1313389175166503331, -0.09350393700787401619, 0.3395385684779968494 ) ) ;
#1261 = EDGE_CURVE ( 'NONE', #6314, #62, #8238, .T. ) ;
#1262 = CARTESIAN_POINT ( 'NONE',  ( -0.1259842519685039353, -0.09842519685039369248, 0.09055118110236221041 ) ) ;
#1263 = CARTESIAN_POINT ( 'NONE',  ( -0.03171292046137078047, 0.08793572699551890914, 0.03270037714194944101 ) ) ;
#1264 = CARTESIAN_POINT ( 'NONE',  ( 0.000000000000000000, 0.08858267716535435377, 0.02952755906551574744 ) ) ;
#1265 = CARTESIAN_POINT ( 'NONE',  ( 0.09704724409448818589, 0.08858267716535435377, 0.2362204724409449064 ) ) ;
#1266 = CARTESIAN_POINT ( 'NONE',  ( 0.1082677165354330728, 0.03937007874015484299, 0.05511811023622047861 ) ) ;
#1267 = DIRECTION ( 'NONE',  ( -1.000000000000000000, 0.000000000000000000, 0.000000000000000000 ) ) ;
#1268 = EDGE_LOOP ( 'NONE', ( #3996, #5876, #5220, #1803 ) ) ;
#1269 = ORIENTED_EDGE ( 'NONE', *, *, #3244, .F. ) ;
#1270 = CARTESIAN_POINT ( 'NONE',  ( 0.02559055118110236879, 0.05634701029051766841, 0.3749112753754849092 ) ) ;
#1271 = EDGE_LOOP ( 'NONE', ( #7552, #1201, #11516, #7641 ) ) ;
#1272 = EDGE_LOOP ( 'NONE', ( #10262, #5429, #6050, #11502 ) ) ;
#1273 = ORIENTED_EDGE ( 'NONE', *, *, #6174, .T. ) ;
#1274 = CARTESIAN_POINT ( 'NONE',  ( 0.000000000000000000, 0.08464566929133858497, 0.1555118110236220763 ) ) ;
#1275 = CARTESIAN_POINT ( 'NONE',  ( -0.09842519685039370636, 0.1031496062992126317, 0.4330708661417322913 ) ) ;
#1276 = PLANE ( 'NONE',  #6799 ) ;
#1277 = ADVANCED_FACE ( 'NONE', ( #259 ), #3804, .F. ) ;
#1278 = LINE ( 'NONE', #1224, #5322 ) ;
#1279 = DIRECTION ( 'NONE',  ( 0.000000000000000000, 7.228014483236698528E-16, 1.000000000000000000 ) ) ;
#1280 = CARTESIAN_POINT ( 'NONE',  ( 0.1259842519684645779, -0.09842519685039369248, 0.3562992125984252301 ) ) ;
#1281 = CARTESIAN_POINT ( 'NONE',  ( -0.1181102362204724532, 0.02362204724409448786, 0.1102362204724409434 ) ) ;
#1282 = ORIENTED_EDGE ( 'NONE', *, *, #10589, .F. ) ;
#1283 = FACE_OUTER_BOUND ( 'NONE', #10381, .T. ) ;
#1284 = ORIENTED_EDGE ( 'NONE', *, *, #2732, .T. ) ;
#1285 = EDGE_CURVE ( 'NONE', #5094, #2328, #2049, .T. ) ;
#1286 = TOROIDAL_SURFACE ( 'NONE', #7820, 0.09055118110232289463, 0.007874015748031480341 ) ;
#1287 = CARTESIAN_POINT ( 'NONE',  ( 0.1082677165354330728, 0.000000000000000000, 0.2125984251968504046 ) ) ;
#1288 = CARTESIAN_POINT ( 'NONE',  ( 0.02164873709120479842, -0.09601485083876813709, 0.3403309962013111867 ) ) ;
#1289 = ADVANCED_FACE ( 'NONE', ( #1413 ), #2470, .T. ) ;
#1290 = EDGE_LOOP ( 'NONE', ( #1476, #4853, #4195, #8629, #510, #8692 ) ) ;
#1291 = CARTESIAN_POINT ( 'NONE',  ( -0.1417322834645669549, -0.004724409448818895838, 0.05511811023622047168 ) ) ;
#1292 = FACE_OUTER_BOUND ( 'NONE', #9237, .T. ) ;
#1293 = CARTESIAN_POINT ( 'NONE',  ( -0.1406312231058267637, -0.09842519685039370636, 0.09055118110236221041 ) ) ;
#1294 = DIRECTION ( 'NONE',  ( 1.000000000000000000, 0.000000000000000000, 0.000000000000000000 ) ) ;
#1295 = CARTESIAN_POINT ( 'NONE',  ( 0.1422251440815006096, -0.09842519685039370636, 0.3468957707500721077 ) ) ;
#1296 = CIRCLE ( 'NONE', #5237, 0.01377952755905510404 ) ;
#1297 = VERTEX_POINT ( 'NONE', #9349 ) ;
#1298 = VECTOR ( 'NONE', #3678, 39.37007874015748143 ) ;
#1299 = LINE ( 'NONE', #1181, #4445 ) ;
#1300 = ORIENTED_EDGE ( 'NONE', *, *, #6780, .F. ) ;
#1301 = ORIENTED_EDGE ( 'NONE', *, *, #10019, .F. ) ;
#1302 = EDGE_CURVE ( 'NONE', #7018, #7612, #9579, .T. ) ;
#1303 = CARTESIAN_POINT ( 'NONE',  ( 0.000000000000000000, 0.09350393700787401619, 0.003937007874015747977 ) ) ;
#1304 = VECTOR ( 'NONE', #958, 39.37007874015748143 ) ;
#1305 = DIRECTION ( 'NONE',  ( 1.000000000000000000, 0.000000000000000000, 0.000000000000000000 ) ) ;
#1306 = ORIENTED_EDGE ( 'NONE', *, *, #7202, .F. ) ;
#1307 = DIRECTION ( 'NONE',  ( 1.000000000000000000, 0.000000000000000000, 0.000000000000000000 ) ) ;
#1308 = DIRECTION ( 'NONE',  ( -1.453678890483365881E-16, -0.000000000000000000, -1.000000000000000000 ) ) ;
#1309 = LINE ( 'NONE', #1367, #7870 ) ;
#1310 = CARTESIAN_POINT ( 'NONE',  ( 0.04133774990314520448, 0.08858267716535435377, 0.1555118110444094481 ) ) ;
#1311 = VECTOR ( 'NONE', #5272, 39.37007874015748143 ) ;
#1312 = AXIS2_PLACEMENT_3D ( 'NONE', #2091, #10085, #7342 ) ;
#1313 = ORIENTED_EDGE ( 'NONE', *, *, #10909, .F. ) ;
#1314 = DIRECTION ( 'NONE',  ( 0.000000000000000000, -1.000000000000000000, 0.000000000000000000 ) ) ;
#1315 = EDGE_CURVE ( 'NONE', #2149, #6608, #4047, .T. ) ;
#1316 = EDGE_CURVE ( 'NONE', #2805, #994, #11155, .T. ) ;
#1317 = EDGE_LOOP ( 'NONE', ( #6352, #819, #2461, #8120 ) ) ;
#1318 = ORIENTED_EDGE ( 'NONE', *, *, #3367, .T. ) ;
#1319 = VECTOR ( 'NONE', #1440, 39.37007874015748143 ) ;
#1320 = LINE ( 'NONE', #7799, #2343 ) ;
#1321 = AXIS2_PLACEMENT_3D ( 'NONE', #8267, #2903, #6292 ) ;
#1322 = FACE_OUTER_BOUND ( 'NONE', #10693, .T. ) ;
#1323 = CARTESIAN_POINT ( 'NONE',  ( 0.000000000000000000, -0.09521821916964566535, 0.3346456692913385988 ) ) ;
#1324 = LINE ( 'NONE', #288, #8223 ) ;
#1325 = DIRECTION ( 'NONE',  ( 0.000000000000000000, 0.000000000000000000, -1.000000000000000000 ) ) ;
#1326 = DIRECTION ( 'NONE',  ( 0.000000000000000000, 1.000000000000000000, 0.000000000000000000 ) ) ;
#1327 = CARTESIAN_POINT ( 'NONE',  ( -0.02559055118110236879, 0.08065085847005171171, 0.3516148386962958949 ) ) ;
#1328 = ORIENTED_EDGE ( 'NONE', *, *, #11148, .T. ) ;
#1329 = ORIENTED_EDGE ( 'NONE', *, *, #2278, .T. ) ;
#1330 = LINE ( 'NONE', #1389, #11178 ) ;
#1331 = VERTEX_POINT ( 'NONE', #2355 ) ;
#1332 = VECTOR ( 'NONE', #6832, 39.37007874015748143 ) ;
#1333 = ORIENTED_EDGE ( 'NONE', *, *, #7116, .F. ) ;
#1334 = EDGE_CURVE ( 'NONE', #4896, #6387, #7779, .T. ) ;
#1335 = VERTEX_POINT ( 'NONE', #5913 ) ;
#1336 = DIRECTION ( 'NONE',  ( 0.000000000000000000, 0.000000000000000000, -1.000000000000000000 ) ) ;
#1337 = DIRECTION ( 'NONE',  ( 0.000000000000000000, 0.000000000000000000, 1.000000000000000000 ) ) ;
#1338 = CARTESIAN_POINT ( 'NONE',  ( -0.01929276175359638523, -0.09659993411341195879, 0.08709561335571470997 ) ) ;
#1339 = CARTESIAN_POINT ( 'NONE',  ( -0.1181102362204724532, -0.007935293059346457817, 0.1968503937007874127 ) ) ;
#1340 = CARTESIAN_POINT ( 'NONE',  ( -0.1181102362204724532, -0.08070866141732283006, 0.07086614173228347746 ) ) ;
#1341 = VECTOR ( 'NONE', #9479, 39.37007874015748143 ) ;
#1342 = DIRECTION ( 'NONE',  ( 1.000000000000000000, 0.000000000000000000, 0.000000000000000000 ) ) ;
#1343 = CARTESIAN_POINT ( 'NONE',  ( -0.1023622047244094613, 0.09842519685039372024, 0.3838582677165355284 ) ) ;
#1344 = ORIENTED_EDGE ( 'NONE', *, *, #5325, .T. ) ;
#1345 = EDGE_CURVE ( 'NONE', #8076, #8093, #5586, .T. ) ;
#1346 = ORIENTED_EDGE ( 'NONE', *, *, #8002, .F. ) ;
#1347 = VECTOR ( 'NONE', #2764, 39.37007874015748143 ) ;
#1348 = CARTESIAN_POINT ( 'NONE',  ( -0.1422251440816940105, -0.08858267716535435377, 0.3223955678324820218 ) ) ;
#1349 = DIRECTION ( 'NONE',  ( 0.000000000000000000, 0.000000000000000000, -1.000000000000000000 ) ) ;
#1350 = CARTESIAN_POINT ( 'NONE',  ( -0.1250000000000000000, 0.009842519685039369942, 0.3188976377952755792 ) ) ;
#1351 = CARTESIAN_POINT ( 'NONE',  ( 0.1346456692913385877, -0.09842519685039370636, 0.1967966366946456713 ) ) ;
#1352 = EDGE_CURVE ( 'NONE', #5335, #6314, #5970, .T. ) ;
#1353 = LINE ( 'NONE', #6783, #7764 ) ;
#1354 = CARTESIAN_POINT ( 'NONE',  ( 0.1082677165354330728, -0.06692913385826770867, 0.04330708661417323468 ) ) ;
#1355 = AXIS2_PLACEMENT_3D ( 'NONE', #1928, #2702, #7189 ) ;
#1356 = ADVANCED_FACE ( 'NONE', ( #4163 ), #5082, .F. ) ;
#1357 = VERTEX_POINT ( 'NONE', #11329 ) ;
#1358 = CARTESIAN_POINT ( 'NONE',  ( 0.09594951366374016022, -0.004724409448818898440, 0.3188976377952755792 ) ) ;
#1359 = ADVANCED_FACE ( 'NONE', ( #3233 ), #1681, .T. ) ;
#1360 = ORIENTED_EDGE ( 'NONE', *, *, #4716, .T. ) ;
#1361 = ORIENTED_EDGE ( 'NONE', *, *, #5278, .F. ) ;
#1362 = PLANE ( 'NONE',  #2483 ) ;
#1363 = CARTESIAN_POINT ( 'NONE',  ( -0.07293825113964243212, 0.09842519685039370636, 0.1240157480314977717 ) ) ;
#1364 = EDGE_LOOP ( 'NONE', ( #3301, #3545, #9558, #10358, #2301 ) ) ;
#1365 = CARTESIAN_POINT ( 'NONE',  ( -0.02558985919357481195, 0.07390066619857990626, 0.3557932077031044082 ) ) ;
#1366 = CARTESIAN_POINT ( 'NONE',  ( 0.1181102362204724532, 0.05905511811023622659, 0.3169291338582677642 ) ) ;
#1367 = CARTESIAN_POINT ( 'NONE',  ( 0.1131889763779527630, 0.05905511811023622659, 0.3523622047244094890 ) ) ;
#1368 = EDGE_CURVE ( 'NONE', #6370, #9995, #3912, .T. ) ;
#1369 = PLANE ( 'NONE',  #1123 ) ;
#1370 = VECTOR ( 'NONE', #9999, 39.37007874015748143 ) ;
#1371 = EDGE_LOOP ( 'NONE', ( #1705, #8725, #4482, #9544, #4974, #5173, #2406, #11195 ) ) ;
#1372 = ORIENTED_EDGE ( 'NONE', *, *, #5152, .F. ) ;
#1373 = EDGE_CURVE ( 'NONE', #10538, #10660, #4100, .T. ) ;
#1374 = ORIENTED_EDGE ( 'NONE', *, *, #3188, .F. ) ;
#1375 = ORIENTED_EDGE ( 'NONE', *, *, #8593, .F. ) ;
#1376 = VECTOR ( 'NONE', #10812, 39.37007874015748143 ) ;
#1377 = CIRCLE ( 'NONE', #9206, 0.005905511811023620231 ) ;
#1378 = FACE_OUTER_BOUND ( 'NONE', #3554, .T. ) ;
#1379 = B_SPLINE_CURVE_WITH_KNOTS ( 'NONE', 3,
 ( #5207, #4280, #9535, #2480 ),
 .UNSPECIFIED., .F., .F.,
 ( 4, 4 ),
 ( 0.000000000000000000, 1.000000000000000000 ),
 .UNSPECIFIED. ) ;
#1380 = FACE_OUTER_BOUND ( 'NONE', #6889, .T. ) ;
#1381 = LINE ( 'NONE', #6639, #5770 ) ;
#1382 = CARTESIAN_POINT ( 'NONE',  ( 0.1003937007874015630, 0.09842519685039370636, 0.1574803149606299191 ) ) ;
#1383 = EDGE_CURVE ( 'NONE', #3918, #10470, #723, .T. ) ;
#1384 = CYLINDRICAL_SURFACE ( 'NONE', #8147, 0.007874015748031482076 ) ;
#1385 = DIRECTION ( 'NONE',  ( 0.000000000000000000, 0.000000000000000000, -1.000000000000000000 ) ) ;
#1386 = CARTESIAN_POINT ( 'NONE',  ( -0.1131889763779527630, -0.02362204724409448092, 0.08858267716535435377 ) ) ;
#1387 = VERTEX_POINT ( 'NONE', #10519 ) ;
#1388 = EDGE_LOOP ( 'NONE', ( #6233, #8006, #4927, #8396 ) ) ;
#1389 = CARTESIAN_POINT ( 'NONE',  ( 0.000000000000000000, 0.09842519685039370636, 0.3543307086614174151 ) ) ;
#1390 = VERTEX_POINT ( 'NONE', #5791 ) ;
#1391 = CONICAL_SURFACE ( 'NONE', #4546, 0.07873982347637066559, 0.7853960423744472674 ) ;
#1392 = EDGE_LOOP ( 'NONE', ( #7097, #5174, #1199, #6686 ) ) ;
#1393 = ORIENTED_EDGE ( 'NONE', *, *, #5142, .F. ) ;
#1394 = ORIENTED_EDGE ( 'NONE', *, *, #4014, .T. ) ;
#1395 = DIRECTION ( 'NONE',  ( -1.000000000000000000, 0.000000000000000000, 0.000000000000000000 ) ) ;
#1396 = LINE ( 'NONE', #2394, #4898 ) ;
#1397 = LINE ( 'NONE', #2511, #6616 ) ;
#1398 = VECTOR ( 'NONE', #3049, 39.37007874015748143 ) ;
#1399 = CARTESIAN_POINT ( 'NONE',  ( 0.02685868465979528164, 0.09197898021649610067, 0.03343010740096063332 ) ) ;
#1400 = LINE ( 'NONE', #11429, #1576 ) ;
#1401 = AXIS2_PLACEMENT_3D ( 'NONE', #8621, #8683, #8509 ) ;
#1402 = CARTESIAN_POINT ( 'NONE',  ( 0.1428063554291002235, -0.08858267716536373515, 0.1841537371050421812 ) ) ;
#1403 = EDGE_CURVE ( 'NONE', #10674, #10870, #3548, .T. ) ;
#1404 = PLANE ( 'NONE',  #10169 ) ;
#1405 = ADVANCED_FACE ( 'NONE', ( #9409 ), #2911, .T. ) ;
#1406 = EDGE_LOOP ( 'NONE', ( #1170, #9702, #3488, #9016 ) ) ;
#1407 = CARTESIAN_POINT ( 'NONE',  ( -0.1082677165354330728, 0.09842519685039370636, 0.2263779527559055260 ) ) ;
#1408 = AXIS2_PLACEMENT_3D ( 'NONE', #8808, #3711, #8148 ) ;
#1409 = VERTEX_POINT ( 'NONE', #5648 ) ;
#1410 = FACE_OUTER_BOUND ( 'NONE', #7326, .T. ) ;
#1411 = DIRECTION ( 'NONE',  ( 0.000000000000000000, 1.000000000000000000, 0.000000000000000000 ) ) ;
#1412 = DIRECTION ( 'NONE',  ( 0.000000000000000000, 0.000000000000000000, -1.000000000000000000 ) ) ;
#1413 = FACE_OUTER_BOUND ( 'NONE', #10818, .T. ) ;
#1414 = CARTESIAN_POINT ( 'NONE',  ( 0.1082677165354330728, 0.000000000000000000, 0.4527559055118110520 ) ) ;
#1415 = CIRCLE ( 'NONE', #3295, 0.09842519685035437671 ) ;
#1416 = CARTESIAN_POINT ( 'NONE',  ( 0.1244494698206299321, -0.08267716535433072833, 0.09055118110236221041 ) ) ;
#1417 = ORIENTED_EDGE ( 'NONE', *, *, #10175, .F. ) ;
#1418 = CARTESIAN_POINT ( 'NONE',  ( 0.07342519685039371191, 0.09842519685039370636, 0.3858267716535433989 ) ) ;
#1419 = VERTEX_POINT ( 'NONE', #2027 ) ;
#1420 = VERTEX_POINT ( 'NONE', #2968 ) ;
#1421 = DIRECTION ( 'NONE',  ( 0.8285309289392178700, -5.674618993302321873E-14, 0.5599433005145402209 ) ) ;
#1422 = DIRECTION ( 'NONE',  ( -1.000000000000000000, 0.000000000000000000, 0.000000000000000000 ) ) ;
#1423 = VERTEX_POINT ( 'NONE', #9208 ) ;
#1424 = CARTESIAN_POINT ( 'NONE',  ( 0.1181102362204724532, -0.08277007391967836081, 0.3129921259842520787 ) ) ;
#1425 = EDGE_CURVE ( 'NONE', #7367, #7595, #1218, .T. ) ;
#1426 = DIRECTION ( 'NONE',  ( 0.000000000000000000, 1.000000000000000000, 0.000000000000000000 ) ) ;
#1427 = LINE ( 'NONE', #8553, #5817 ) ;
#1428 = CARTESIAN_POINT ( 'NONE',  ( 0.03149606299212776017, 0.06348234447479086939, 0.3029921271622834644 ) ) ;
#1429 = LINE ( 'NONE', #4983, #1465 ) ;
#1430 = VERTEX_POINT ( 'NONE', #3980 ) ;
#1431 = ORIENTED_EDGE ( 'NONE', *, *, #7166, .F. ) ;
#1432 = ORIENTED_EDGE ( 'NONE', *, *, #8078, .F. ) ;
#1433 = EDGE_CURVE ( 'NONE', #11234, #10836, #10278, .T. ) ;
#1434 = CARTESIAN_POINT ( 'NONE',  ( 0.07293825113963918472, 0.09842519685039370636, 0.1240157480314994926 ) ) ;
#1435 = EDGE_CURVE ( 'NONE', #352, #5094, #11150, .T. ) ;
#1436 = CARTESIAN_POINT ( 'NONE',  ( -0.02559054153878427551, 0.09584505872402750148, 0.03821577132313429964 ) ) ;
#1437 = LINE ( 'NONE', #4017, #2235 ) ;
#1438 = CARTESIAN_POINT ( 'NONE',  ( 0.1131889763779527630, 0.05905511811023622659, 0.3346456692913385988 ) ) ;
#1439 = VECTOR ( 'NONE', #974, 39.37007874015748143 ) ;
#1440 = DIRECTION ( 'NONE',  ( 1.000000000000000000, 0.000000000000000000, 0.000000000000000000 ) ) ;
#1441 = CYLINDRICAL_SURFACE ( 'NONE', #5622, 0.005905511811023620231 ) ;
#1442 = ORIENTED_EDGE ( 'NONE', *, *, #7743, .T. ) ;
#1443 = VERTEX_POINT ( 'NONE', #3166 ) ;
#1444 = CARTESIAN_POINT ( 'NONE',  ( -0.1250000000000000000, 0.009842519685039369942, 0.1811023622047244208 ) ) ;
#1445 = ORIENTED_EDGE ( 'NONE', *, *, #552, .T. ) ;
#1446 = EDGE_LOOP ( 'NONE', ( #753, #10399, #4074, #4996, #2056, #9340 ) ) ;
#1447 = ORIENTED_EDGE ( 'NONE', *, *, #2924, .T. ) ;
#1448 = ORIENTED_EDGE ( 'NONE', *, *, #1996, .T. ) ;
#1449 = LINE ( 'NONE', #2450, #5228 ) ;
#1450 = ADVANCED_FACE ( 'NONE', ( #1283 ), #10160, .T. ) ;
#1451 = CARTESIAN_POINT ( 'NONE',  ( -0.1313389175166535527, -0.09842519685039370636, 0.07575904091893700953 ) ) ;
#1452 = DIRECTION ( 'NONE',  ( 0.000000000000000000, 1.000000000000000000, 0.000000000000000000 ) ) ;
#1453 = DIRECTION ( 'NONE',  ( 0.000000000000000000, 0.000000000000000000, 1.000000000000000000 ) ) ;
#1454 = LINE ( 'NONE', #7878, #11080 ) ;
#1455 = CARTESIAN_POINT ( 'NONE',  ( -0.02559055118110236879, 0.05483689538807531155, 0.1077116919577219140 ) ) ;
#1456 = DIRECTION ( 'NONE',  ( 0.000000000000000000, 0.000000000000000000, 1.000000000000000000 ) ) ;
#1457 = EDGE_LOOP ( 'NONE', ( #5946, #4295, #6702, #1790 ) ) ;
#1458 = VERTEX_POINT ( 'NONE', #8412 ) ;
#1459 = LINE ( 'NONE', #1407, #386 ) ;
#1460 = VERTEX_POINT ( 'NONE', #7598 ) ;
#1461 = EDGE_CURVE ( 'NONE', #8787, #1776, #3185, .T. ) ;
#1462 = CARTESIAN_POINT ( 'NONE',  ( -0.1417322834645669549, -0.004724409448818895838, 0.2125984251968504046 ) ) ;
#1463 = EDGE_CURVE ( 'NONE', #3212, #922, #5724, .T. ) ;
#1464 = FACE_OUTER_BOUND ( 'NONE', #11478, .T. ) ;
#1465 = VECTOR ( 'NONE', #7680, 39.37007874015748143 ) ;
#1466 = FACE_OUTER_BOUND ( 'NONE', #9324, .T. ) ;
#1467 = CARTESIAN_POINT ( 'NONE',  ( -0.1131889763779527630, 0.05905511811023622659, 0.3523622047244094890 ) ) ;
#1468 = FACE_BOUND ( 'NONE', #3078, .T. ) ;
#1469 = DIRECTION ( 'NONE',  ( 0.000000000000000000, 0.000000000000000000, 1.000000000000000000 ) ) ;
#1470 = CIRCLE ( 'NONE', #3168, 0.01377952755905511965 ) ;
#1471 = ORIENTED_EDGE ( 'NONE', *, *, #10996, .F. ) ;
#1472 = ORIENTED_EDGE ( 'NONE', *, *, #9930, .F. ) ;
#1473 = CARTESIAN_POINT ( 'NONE',  ( -0.02558748932369202603, 0.08524165043188153268, 0.3613408670740358430 ) ) ;
#1474 = ADVANCED_FACE ( 'NONE', ( #1231 ), #1169, .F. ) ;
#1475 = LINE ( 'NONE', #6970, #5457 ) ;
#1476 = ORIENTED_EDGE ( 'NONE', *, *, #7085, .F. ) ;
#1477 = AXIS2_PLACEMENT_3D ( 'NONE', #5479, #1163, #9044 ) ;
#1478 = CARTESIAN_POINT ( 'NONE',  ( 0.02559054143454110933, 0.09583066076174380499, 0.03823686063110014188 ) ) ;
#1479 = CARTESIAN_POINT ( 'NONE',  ( 0.000000000000000000, 0.08858267716535435377, 0.3326771653543307283 ) ) ;
#1480 = DIRECTION ( 'NONE',  ( -0.000000000000000000, -1.000000000000000000, -0.000000000000000000 ) ) ;
#1481 = CYLINDRICAL_SURFACE ( 'NONE', #10774, 0.01574803149606299885 ) ;
#1482 = ORIENTED_EDGE ( 'NONE', *, *, #5095, .F. ) ;
#1483 = CIRCLE ( 'NONE', #9125, 0.003821856477086623891 ) ;
#1484 = CARTESIAN_POINT ( 'NONE',  ( 0.1427909053053543209, -0.08858267716535435377, 0.08349859971618110721 ) ) ;
#1485 = VECTOR ( 'NONE', #3669, 39.37007874015748143 ) ;
#1486 = ORIENTED_EDGE ( 'NONE', *, *, #944, .T. ) ;
#1487 = ADVANCED_FACE ( 'NONE', ( #7536 ), #252, .F. ) ;
#1488 = VERTEX_POINT ( 'NONE', #6661 ) ;
#1489 = ORIENTED_EDGE ( 'NONE', *, *, #6539, .T. ) ;
#1490 = DIRECTION ( 'NONE',  ( 0.000000000000000000, -1.000000000000000000, 0.000000000000000000 ) ) ;
#1491 = PLANE ( 'NONE',  #10161 ) ;
#1492 = CARTESIAN_POINT ( 'NONE',  ( 0.07283464566929134798, 0.02362204724409448786, 0.2362204724409449064 ) ) ;
#1493 = DIRECTION ( 'NONE',  ( 1.000000000000000000, 0.000000000000000000, 0.000000000000000000 ) ) ;
#1494 = VECTOR ( 'NONE', #6142, 39.37007874015748143 ) ;
#1495 = EDGE_CURVE ( 'NONE', #8197, #9815, #3112, .T. ) ;
#1496 = DATE_AND_TIME ( #6059, #1894 ) ;
#1497 = CARTESIAN_POINT ( 'NONE',  ( 0.1082677165354330728, -0.08070866141732283006, 0.3129921259842520231 ) ) ;
#1498 = CARTESIAN_POINT ( 'NONE',  ( 0.09842519685039370636, 0.1007874015748031621, 0.000000000000000000 ) ) ;
#1499 = EDGE_CURVE ( 'NONE', #11036, #692, #6721, .T. ) ;
#1500 = ORIENTED_EDGE ( 'NONE', *, *, #4622, .F. ) ;
#1501 = VERTEX_POINT ( 'NONE', #10217 ) ;
#1502 = LINE ( 'NONE', #6699, #8379 ) ;
#1503 = FACE_OUTER_BOUND ( 'NONE', #6300, .T. ) ;
#1504 = ORIENTED_EDGE ( 'NONE', *, *, #6034, .F. ) ;
#1505 = VERTEX_POINT ( 'NONE', #4661 ) ;
#1506 = EDGE_LOOP ( 'NONE', ( #10944, #8276, #5524, #9127, #331, #1417, #3418, #3164, #2848, #5103, #4823, #4725 ) ) ;
#1507 = ADVANCED_FACE ( 'NONE', ( #4719 ), #8231, .F. ) ;
#1508 = EDGE_LOOP ( 'NONE', ( #8506, #3826, #6442, #2940 ) ) ;
#1509 = AXIS2_PLACEMENT_3D ( 'NONE', #1253, #4803, #625 ) ;
#1510 = DIRECTION ( 'NONE',  ( 0.000000000000000000, 0.000000000000000000, -1.000000000000000000 ) ) ;
#1511 = VECTOR ( 'NONE', #3314, 39.37007874015748143 ) ;
#1512 = CARTESIAN_POINT ( 'NONE',  ( 0.1346456692913385877, -0.08812772974917322533, 0.07086614173228347746 ) ) ;
#1513 = CARTESIAN_POINT ( 'NONE',  ( -0.1181102362204724532, 0.02362204724409448786, 0.1574803149606299191 ) ) ;
#1514 = DIRECTION ( 'NONE',  ( -1.000000000000000000, 0.000000000000000000, 0.000000000000000000 ) ) ;
#1515 = FACE_OUTER_BOUND ( 'NONE', #10904, .T. ) ;
#1516 = CARTESIAN_POINT ( 'NONE',  ( -0.04468525166964567447, 0.09751012705047246154, 0.03012341497253150091 ) ) ;
#1517 = DIRECTION ( 'NONE',  ( -0.000000000000000000, -1.000000000000000000, -0.000000000000000000 ) ) ;
#1518 = DIRECTION ( 'NONE',  ( -5.641067037837824009E-05, -0.9999999984089180671, -0.000000000000000000 ) ) ;
#1519 = AXIS2_PLACEMENT_3D ( 'NONE', #4894, #6713, #3973 ) ;
#1520 = ADVANCED_FACE ( 'NONE', ( #6483 ), #10547, .F. ) ;
#1521 = ORIENTED_EDGE ( 'NONE', *, *, #3173, .T. ) ;
#1522 = EDGE_LOOP ( 'NONE', ( #2819, #5892, #118, #4747 ) ) ;
#1523 = CARTESIAN_POINT ( 'NONE',  ( -0.1003937007874015630, 0.08858267716535435377, 0.05708661417322836301 ) ) ;
#1524 = DIRECTION ( 'NONE',  ( 0.000000000000000000, -1.000000000000000000, 0.000000000000000000 ) ) ;
#1525 = ADVANCED_FACE ( 'NONE', ( #9518 ), #6083, .T. ) ;
#1526 = ORIENTED_EDGE ( 'NONE', *, *, #2409, .T. ) ;
#1527 = LINE ( 'NONE', #11383, #2489 ) ;
#1528 = VECTOR ( 'NONE', #7689, 39.37007874015748143 ) ;
#1529 = LINE ( 'NONE', #6840, #2869 ) ;
#1530 = DIRECTION ( 'NONE',  ( 0.000000000000000000, 0.000000000000000000, -1.000000000000000000 ) ) ;
#1531 = DIRECTION ( 'NONE',  ( 0.000000000000000000, 0.000000000000000000, -1.000000000000000000 ) ) ;
#1532 = DIRECTION ( 'NONE',  ( 1.000000000000000000, 0.000000000000000000, 0.000000000000000000 ) ) ;
#1533 = EDGE_CURVE ( 'NONE', #11064, #353, #4113, .T. ) ;
#1534 = ORIENTED_EDGE ( 'NONE', *, *, #330, .F. ) ;
#1535 = ADVANCED_FACE ( 'NONE', ( #10567 ), #717, .F. ) ;
#1536 = CARTESIAN_POINT ( 'NONE',  ( -0.02559055118110236879, 0.04906316780076148271, 0.3915280050971950421 ) ) ;
#1537 = VECTOR ( 'NONE', #2383, 39.37007874015748143 ) ;
#1538 = EDGE_LOOP ( 'NONE', ( #8998, #2386, #6457, #5858 ) ) ;
#1539 = ORIENTED_EDGE ( 'NONE', *, *, #1657, .T. ) ;
#1540 = DIRECTION ( 'NONE',  ( 1.000000000000000000, 0.000000000000000000, 0.000000000000000000 ) ) ;
#1541 = FACE_OUTER_BOUND ( 'NONE', #8172, .T. ) ;
#1542 = ORIENTED_EDGE ( 'NONE', *, *, #3739, .F. ) ;
#1543 = AXIS2_PLACEMENT_3D ( 'NONE', #1986, #368, #3982 ) ;
#1544 = CARTESIAN_POINT ( 'NONE',  ( -0.1181102362204724532, -0.07874015748031495954, 0.1771653543307087075 ) ) ;
#1545 = DIRECTION ( 'NONE',  ( 1.000000000000000000, 0.000000000000000000, 0.000000000000000000 ) ) ;
#1546 = EDGE_CURVE ( 'NONE', #312, #2909, #2245, .T. ) ;
#1547 = EDGE_CURVE ( 'NONE', #3026, #3886, #8760, .T. ) ;
#1548 = ORIENTED_EDGE ( 'NONE', *, *, #364, .T. ) ;
#1549 = CARTESIAN_POINT ( 'NONE',  ( -0.1181102362204724532, -0.01771653543307086937, 0.3346456692913385988 ) ) ;
#1550 = VERTEX_POINT ( 'NONE', #7885 ) ;
#1551 = VERTEX_POINT ( 'NONE', #7826 ) ;
#1552 = PLANE ( 'NONE',  #1212 ) ;
#1553 = CARTESIAN_POINT ( 'NONE',  ( 0.1082677165354330728, 0.000000000000000000, 0.05511811023622047861 ) ) ;
#1554 = CARTESIAN_POINT ( 'NONE',  ( -0.03708744749912398081, 0.09842519694193527235, 0.1555118673068417445 ) ) ;
#1555 = VECTOR ( 'NONE', #9729, 39.37007874015748854 ) ;
#1556 = CARTESIAN_POINT ( 'NONE',  ( 0.09053008874208229306, 0.002294045079579711509, -0.09842519284891923514 ) ) ;
#1557 = LENGTH_MEASURE_WITH_UNIT ( LENGTH_MEASURE( 0.02539999999999999897 ), #7752 );
#1558 = ADVANCED_FACE ( 'NONE', ( #4327 ), #11381, .F. ) ;
#1559 = CARTESIAN_POINT ( 'NONE',  ( 0.1428063554291182646, -0.08858267716535435377, 0.2094395362842935426 ) ) ;
#1560 = EDGE_LOOP ( 'NONE', ( #294, #8108, #6778, #10940 ) ) ;
#1561 = EDGE_LOOP ( 'NONE', ( #10230, #8446, #5779, #4576, #296, #6119, #9210, #4886, #7454, #2923, #977, #8398, #4928, #8252, #8325, #4293 ) ) ;
#1562 = DIRECTION ( 'NONE',  ( 0.000000000000000000, 1.000000000000000000, 0.000000000000000000 ) ) ;
#1563 = ORIENTED_EDGE ( 'NONE', *, *, #7026, .T. ) ;
#1564 = ORIENTED_EDGE ( 'NONE', *, *, #6754, .T. ) ;
#1565 = CIRCLE ( 'NONE', #3613, 0.02362204724409448092 ) ;
#1566 = ORIENTED_EDGE ( 'NONE', *, *, #9345, .T. ) ;
#1567 = VECTOR ( 'NONE', #6895, 39.37007874015748143 ) ;
#1568 = LINE ( 'NONE', #3383, #7846 ) ;
#1569 = DIRECTION ( 'NONE',  ( 1.000000000000000000, 0.000000000000000000, 0.000000000000000000 ) ) ;
#1570 = CARTESIAN_POINT ( 'NONE',  ( 0.03991553112945275816, 0.09842519685039044508, 0.02952754941532849051 ) ) ;
#1571 = CARTESIAN_POINT ( 'NONE',  ( 0.1181102362204724671, -0.05905511811023623353, 0.3838582677165355284 ) ) ;
#1572 = DIRECTION ( 'NONE',  ( 0.000000000000000000, -1.000000000000000000, 0.000000000000000000 ) ) ;
#1573 = CARTESIAN_POINT ( 'NONE',  ( -0.03558212477810236696, 0.09533578637618113361, 0.02745416774840945054 ) ) ;
#1574 = DIRECTION ( 'NONE',  ( 1.000000000000000000, 0.000000000000000000, 0.000000000000000000 ) ) ;
#1575 = EDGE_CURVE ( 'NONE', #9574, #5248, #7774, .T. ) ;
#1576 = VECTOR ( 'NONE', #6773, 39.37007874015748143 ) ;
#1577 = LINE ( 'NONE', #5133, #6557 ) ;
#1578 = VECTOR ( 'NONE', #5346, 39.37007874015748143 ) ;
#1579 = ORIENTED_EDGE ( 'NONE', *, *, #1006, .F. ) ;
#1580 = ORIENTED_EDGE ( 'NONE', *, *, #4731, .T. ) ;
#1581 = CARTESIAN_POINT ( 'NONE',  ( 0.1117250353343700736, -0.08379361242511811081, 0.2165354236300787438 ) ) ;
#1582 = VERTEX_POINT ( 'NONE', #2523 ) ;
#1583 = CYLINDRICAL_SURFACE ( 'NONE', #2850, 0.005905511811023620231 ) ;
#1584 = AXIS2_PLACEMENT_3D ( 'NONE', #5256, #8823, #6898 ) ;
#1585 = VECTOR ( 'NONE', #6829, 39.37007874015748143 ) ;
#1586 = DIRECTION ( 'NONE',  ( 0.000000000000000000, 0.000000000000000000, 1.000000000000000000 ) ) ;
#1587 = LINE ( 'NONE', #11215, #10151 ) ;
#1588 = LINE ( 'NONE', #8714, #1959 ) ;
#1589 = B_SPLINE_CURVE_WITH_KNOTS ( 'NONE', 3,
 ( #633, #9778, #3700, #10880, #3650, #1889 ),
 .UNSPECIFIED., .F., .F.,
 ( 4, 2, 4 ),
 ( 0.000000000000000000, 0.5000000000000000000, 1.000000000000000000 ),
 .UNSPECIFIED. ) ;
#1590 = DIRECTION ( 'NONE',  ( 0.000000000000000000, 0.000000000000000000, -1.000000000000000000 ) ) ;
#1591 = ORIENTED_EDGE ( 'NONE', *, *, #6378, .T. ) ;
#1592 = CARTESIAN_POINT ( 'NONE',  ( 0.07322834645670577014, 0.09153543307086615954, 0.2381889763779480862 ) ) ;
#1593 = VECTOR ( 'NONE', #10314, 39.37007874015748143 ) ;
#1594 = CIRCLE ( 'NONE', #9784, 0.01574803149606299885 ) ;
#1595 = ORIENTED_EDGE ( 'NONE', *, *, #7589, .T. ) ;
#1596 = VERTEX_POINT ( 'NONE', #10398 ) ;
#1597 = DIRECTION ( 'NONE',  ( 0.8285309289395969001, 0.000000000000000000, -0.5599433005139793362 ) ) ;
#1598 = LINE ( 'NONE', #3411, #2119 ) ;
#1599 = ADVANCED_FACE ( 'NONE', ( #5962 ), #541, .F. ) ;
#1600 = VERTEX_POINT ( 'NONE', #11324 ) ;
#1601 = AXIS2_PLACEMENT_3D ( 'NONE', #28, #3627, #6479 ) ;
#1602 = CARTESIAN_POINT ( 'NONE',  ( -0.1259842519685039353, -0.09842519685039369248, 0.3562992125984252301 ) ) ;
#1603 = DIRECTION ( 'NONE',  ( 0.5812381937191153369, 0.000000000000000000, 0.8137334712067214593 ) ) ;
#1604 = ORIENTED_EDGE ( 'NONE', *, *, #4030, .F. ) ;
#1605 = CARTESIAN_POINT ( 'NONE',  ( -0.1131889763779527630, -0.05905511811023622659, 0.2165354330708661457 ) ) ;
#1606 = ORIENTED_EDGE ( 'NONE', *, *, #3228, .F. ) ;
#1607 = ORIENTED_EDGE ( 'NONE', *, *, #564, .F. ) ;
#1608 = EDGE_CURVE ( 'NONE', #257, #4822, #10341, .T. ) ;
#1609 = EDGE_CURVE ( 'NONE', #3845, #9798, #1459, .T. ) ;
#1610 = EDGE_LOOP ( 'NONE', ( #5487, #6696, #2762, #10275 ) ) ;
#1611 = LINE ( 'NONE', #3483, #10899 ) ;
#1612 = FACE_OUTER_BOUND ( 'NONE', #6328, .T. ) ;
#1613 = CARTESIAN_POINT ( 'NONE',  ( -0.03292465933496205310, 0.09850863119430407211, 0.1573096299347768179 ) ) ;
#1614 = CARTESIAN_POINT ( 'NONE',  ( 0.05022579063847062986, 0.08464566929133858497, 0.000000000000000000 ) ) ;
#1615 = PERSON_AND_ORGANIZATION_ROLE ( 'creator' ) ;
#1616 = CARTESIAN_POINT ( 'NONE',  ( 0.1313389175166264633, -0.08858267716535435377, 0.3395385684779739788 ) ) ;
#1617 = VERTEX_POINT ( 'NONE', #11209 ) ;
#1618 = ORIENTED_EDGE ( 'NONE', *, *, #10294, .T. ) ;
#1619 = CARTESIAN_POINT ( 'NONE',  ( 0.03376195844861287765, 0.09560117342399743201, 0.03059687678169104030 ) ) ;
#1620 = ORIENTED_EDGE ( 'NONE', *, *, #5281, .T. ) ;
#1621 = ORIENTED_EDGE ( 'NONE', *, *, #7857, .F. ) ;
#1622 = ORIENTED_EDGE ( 'NONE', *, *, #6847, .F. ) ;
#1623 = CARTESIAN_POINT ( 'NONE',  ( -0.09594951366374016022, -0.004724409448818898440, 0.3188976377952755792 ) ) ;
#1624 = CARTESIAN_POINT ( 'NONE',  ( -0.1417322834645669549, -0.004724409448818892368, 0.1803129132838189042 ) ) ;
#1625 = ADVANCED_FACE ( 'NONE', ( #9462, #6890 ), #602, .F. ) ;
#1626 = DIRECTION ( 'NONE',  ( -1.000000000000000000, 0.000000000000000000, 0.000000000000000000 ) ) ;
#1627 = CARTESIAN_POINT ( 'NONE',  ( 0.04415348092484251696, 0.09481505579547244711, 0.02983827490995670517 ) ) ;
#1628 = CARTESIAN_POINT ( 'NONE',  ( 0.1167364568329117558, -0.09651583096945026696, 0.3129921259842520231 ) ) ;
#1629 = LINE ( 'NONE', #7768, #11212 ) ;
#1630 = DIRECTION ( 'NONE',  ( -0.8285309289403014477, 0.000000000000000000, -0.5599433005129367258 ) ) ;
#1631 = CARTESIAN_POINT ( 'NONE',  ( -0.09704724409448818589, 0.09842519685039370636, 0.2362204724409449064 ) ) ;
#1632 = ORIENTED_EDGE ( 'NONE', *, *, #953, .F. ) ;
#1633 = VERTEX_POINT ( 'NONE', #4156 ) ;
#1634 = PLANE ( 'NONE',  #11008 ) ;
#1635 = VECTOR ( 'NONE', #6406, 39.37007874015748854 ) ;
#1636 = ORIENTED_EDGE ( 'NONE', *, *, #4611, .F. ) ;
#1637 = DIRECTION ( 'NONE',  ( 0.000000000000000000, 0.000000000000000000, 1.000000000000000000 ) ) ;
#1638 = EDGE_CURVE ( 'NONE', #8787, #571, #5908, .T. ) ;
#1639 = DIRECTION ( 'NONE',  ( -1.000000000000000000, 0.000000000000000000, 0.000000000000000000 ) ) ;
#1640 = LINE ( 'NONE', #3343, #11282 ) ;
#1641 = LINE ( 'NONE', #11444, #4178 ) ;
#1642 = DIRECTION ( 'NONE',  ( 0.8285309289399143129, 0.000000000000000000, 0.5599433005135096009 ) ) ;
#1643 = CARTESIAN_POINT ( 'NONE',  ( 0.02559055118110158122, 0.08314926127263505551, 0.3484251968503915831 ) ) ;
#1644 = DIRECTION ( 'NONE',  ( -1.000000000000000000, 0.000000000000000000, 0.000000000000000000 ) ) ;
#1645 = VERTEX_POINT ( 'NONE', #1852 ) ;
#1646 = CARTESIAN_POINT ( 'NONE',  ( -0.03149606299212598381, 0.07534629536877952838, 0.4330708661417322913 ) ) ;
#1647 = EDGE_CURVE ( 'NONE', #1909, #1600, #7040, .T. ) ;
#1648 = VERTEX_POINT ( 'NONE', #9801 ) ;
#1649 = B_SPLINE_CURVE_WITH_KNOTS ( 'NONE', 3,
 ( #847, #4406, #7969, #3874, #11165, #5802 ),
 .UNSPECIFIED., .F., .F.,
 ( 4, 2, 4 ),
 ( 0.000000000000000000, 0.5000000000000000000, 1.000000000000000000 ),
 .UNSPECIFIED. ) ;
#1650 = DIRECTION ( 'NONE',  ( 0.000000000000000000, 0.000000000000000000, -1.000000000000000000 ) ) ;
#1651 = EDGE_CURVE ( 'NONE', #1430, #3579, #5412, .T. ) ;
#1652 = LINE ( 'NONE', #7734, #8666 ) ;
#1653 = VERTEX_POINT ( 'NONE', #5358 ) ;
#1654 = CARTESIAN_POINT ( 'NONE',  ( -0.1218741207971394819, -0.08773407010716385845, 0.3129921259842520231 ) ) ;
#1655 = LINE ( 'NONE', #2546, #7299 ) ;
#1656 = AXIS2_PLACEMENT_3D ( 'NONE', #8717, #10351, #7666 ) ;
#1657 = EDGE_CURVE ( 'NONE', #2431, #1390, #16, .T. ) ;
#1658 = ORIENTED_EDGE ( 'NONE', *, *, #7366, .F. ) ;
#1659 = LINE ( 'NONE', #10702, #11198 ) ;
#1660 = ORIENTED_EDGE ( 'NONE', *, *, #9865, .T. ) ;
#1661 = ORIENTED_EDGE ( 'NONE', *, *, #6107, .F. ) ;
#1662 = LINE ( 'NONE', #9605, #9032 ) ;
#1663 = PLANE ( 'NONE',  #8678 ) ;
#1664 = CARTESIAN_POINT ( 'NONE',  ( -0.1313389175166435885, -0.08858267716535435377, 0.07575904091894301862 ) ) ;
#1665 = CARTESIAN_POINT ( 'NONE',  ( -0.07283464566929183370, 0.09842519685039370636, 0.1102362204724408462 ) ) ;
#1666 = DATE_AND_TIME ( #11247, #9913 ) ;
#1667 = CARTESIAN_POINT ( 'NONE',  ( 0.1417322834645669549, -0.01220472440944881873, 0.07086614173228347746 ) ) ;
#1668 = VECTOR ( 'NONE', #5756, 39.37007874015748143 ) ;
#1669 = EDGE_CURVE ( 'NONE', #7250, #7957, #9687, .T. ) ;
#1670 = CIRCLE ( 'NONE', #378, 0.02165354330708662081 ) ;
#1671 = ORIENTED_EDGE ( 'NONE', *, *, #4716, .F. ) ;
#1672 = CARTESIAN_POINT ( 'NONE',  ( 0.09842519685039370636, 0.1031496062992126317, 0.4330708661417322913 ) ) ;
#1673 = EDGE_CURVE ( 'NONE', #11189, #1390, #7942, .T. ) ;
#1674 = ORIENTED_EDGE ( 'NONE', *, *, #9020, .F. ) ;
#1675 = EDGE_LOOP ( 'NONE', ( #5001, #75, #1927, #2418 ) ) ;
#1676 = ORIENTED_EDGE ( 'NONE', *, *, #4678, .F. ) ;
#1677 = CARTESIAN_POINT ( 'NONE',  ( -0.1082677165354330728, 0.05905511811023622659, 0.1791338582677165503 ) ) ;
#1678 = PLANE ( 'NONE',  #3425 ) ;
#1679 = AXIS2_PLACEMENT_3D ( 'NONE', #1130, #10237, #9122 ) ;
#1680 = CARTESIAN_POINT ( 'NONE',  ( -0.1181102362204724254, 0.08070866141732283006, 0.1118110236220472564 ) ) ;
#1681 = TOROIDAL_SURFACE ( 'NONE', #2794, 0.01377952755905506935, 0.007874015748031525444 ) ;
#1682 = DIRECTION ( 'NONE',  ( 0.000000000000000000, 1.000000000000000000, 0.000000000000000000 ) ) ;
#1683 = DIRECTION ( 'NONE',  ( -1.000000000000000000, 0.000000000000000000, 0.000000000000000000 ) ) ;
#1684 = DIRECTION ( 'NONE',  ( -0.6401843996644798196, 0.000000000000000000, -0.7682212795973758501 ) ) ;
#1685 = DIRECTION ( 'NONE',  ( 0.000000000000000000, 1.000000000000000000, 0.000000000000000000 ) ) ;
#1686 = CARTESIAN_POINT ( 'NONE',  ( 0.1023622047244094613, 0.09842519685039372024, 0.2854330708661417804 ) ) ;
#1687 = ORIENTED_EDGE ( 'NONE', *, *, #4423, .T. ) ;
#1688 = EDGE_CURVE ( 'NONE', #4579, #9616, #926, .T. ) ;
#1689 = ORIENTED_EDGE ( 'NONE', *, *, #1898, .F. ) ;
#1690 = VECTOR ( 'NONE', #1644, 39.37007874015748143 ) ;
#1691 = VECTOR ( 'NONE', #477, 39.37007874015748143 ) ;
#1692 = ORIENTED_EDGE ( 'NONE', *, *, #8131, .T. ) ;
#1693 = CARTESIAN_POINT ( 'NONE',  ( -0.05682104683268306144, 0.08858267716535435377, 0.1676771468440590163 ) ) ;
#1694 = CARTESIAN_POINT ( 'NONE',  ( -0.04132303292562992947, 0.09887458335515747487, 0.3484251968503936925 ) ) ;
#1695 = CARTESIAN_POINT ( 'NONE',  ( 0.000000000000000000, 0.000000000000000000, -0.09842519685030418075 ) ) ;
#1696 = DIRECTION ( 'NONE',  ( 0.000000000000000000, 0.8354329035167082917, -0.5495924523878056300 ) ) ;
#1697 = CIRCLE ( 'NONE', #5040, 0.04578276980082676695 ) ;
#1698 = CARTESIAN_POINT ( 'NONE',  ( 0.04151212680905511793, 0.09340860312695094259, 0.04105304122869210537 ) ) ;
#1699 = B_SPLINE_CURVE_WITH_KNOTS ( 'NONE', 3,
 ( #8622, #2262, #10425, #11243, #10371, #5819, #1436, #744, #7627, #8684 ),
 .UNSPECIFIED., .F., .F.,
 ( 4, 2, 2, 2, 4 ),
 ( 8.134772584971366102E-16, 0.0002792633794567824282, 0.0004188950691847668768, 0.0004887109140487589385, 0.0005585267589127514880 ),
 .UNSPECIFIED. ) ;
#1700 = DIRECTION ( 'NONE',  ( -1.000000000000000000, 0.000000000000000000, 0.000000000000000000 ) ) ;
#1701 = FACE_OUTER_BOUND ( 'NONE', #4142, .T. ) ;
#1702 = ORIENTED_EDGE ( 'NONE', *, *, #4449, .T. ) ;
#1703 = EDGE_CURVE ( 'NONE', #2328, #2807, #10442, .T. ) ;
#1704 = CARTESIAN_POINT ( 'NONE',  ( -0.1250000000000000000, -0.01968503937007873988, 0.2125984251968504046 ) ) ;
#1705 = ORIENTED_EDGE ( 'NONE', *, *, #4622, .T. ) ;
#1706 = VECTOR ( 'NONE', #4938, 39.37007874015748854 ) ;
#1707 = CARTESIAN_POINT ( 'NONE',  ( -0.03149606299212598381, 0.08095377066255905751, 0.2362204724409449064 ) ) ;
#1708 = CARTESIAN_POINT ( 'NONE',  ( 0.03171449469946387850, 0.08793733061119894667, 0.03269888400674356155 ) ) ;
#1709 = EDGE_LOOP ( 'NONE', ( #3943, #10289, #961, #8731 ) ) ;
#1710 = EDGE_CURVE ( 'NONE', #9327, #9047, #9517, .T. ) ;
#1711 = LINE ( 'NONE', #1935, #2607 ) ;
#1712 = CARTESIAN_POINT ( 'NONE',  ( 0.02546165595516141841, 0.09430211091389766043, 0.04051770993767717099 ) ) ;
#1713 = VECTOR ( 'NONE', #5330, 39.37007874015748143 ) ;
#1714 = EDGE_CURVE ( 'NONE', #6914, #11189, #7058, .T. ) ;
#1715 = VERTEX_POINT ( 'NONE', #1041 ) ;
#1716 = ORIENTED_EDGE ( 'NONE', *, *, #4631, .T. ) ;
#1717 = DIRECTION ( 'NONE',  ( -0.3363363969981561508, 0.000000000000000000, 0.9417419115948373332 ) ) ;
#1718 = SECURITY_CLASSIFICATION ( '', '', #4071 ) ;
#1719 = VERTEX_POINT ( 'NONE', #3724 ) ;
#1720 = CIRCLE ( 'NONE', #3959, 0.003856965870551185352 ) ;
#1721 = EDGE_LOOP ( 'NONE', ( #5016, #5597, #10552, #7387 ) ) ;
#1722 = CARTESIAN_POINT ( 'NONE',  ( -0.02559055118110236879, 0.06508318454389765140, 0.2027559055118110243 ) ) ;
#1723 = EDGE_CURVE ( 'NONE', #2490, #11036, #1748, .T. ) ;
#1724 = DIRECTION ( 'NONE',  ( 0.000000000000000000, 0.000000000000000000, -1.000000000000000000 ) ) ;
#1725 = CARTESIAN_POINT ( 'NONE',  ( -0.1082677165354330728, 0.000000000000000000, 0.1574803149606299191 ) ) ;
#1726 = EDGE_CURVE ( 'NONE', #10203, #1409, #873, .T. ) ;
#1727 = CARTESIAN_POINT ( 'NONE',  ( -0.1010826771653543232, 0.09842519685039370636, 0.02952755905511811330 ) ) ;
#1728 = VECTOR ( 'NONE', #3685, 39.37007874015748143 ) ;
#1729 = ORIENTED_EDGE ( 'NONE', *, *, #5177, .F. ) ;
#1730 = CARTESIAN_POINT ( 'NONE',  ( 0.05413385826771653642, 0.000000000000000000, 0.000000000000000000 ) ) ;
#1731 = ORIENTED_EDGE ( 'NONE', *, *, #3466, .T. ) ;
#1732 = ORIENTED_EDGE ( 'NONE', *, *, #1996, .F. ) ;
#1733 = EDGE_LOOP ( 'NONE', ( #2654, #1661, #4932, #5190 ) ) ;
#1734 = DIRECTION ( 'NONE',  ( 0.000000000000000000, 0.000000000000000000, 1.000000000000000000 ) ) ;
#1735 = CARTESIAN_POINT ( 'NONE',  ( -0.06482784625098425568, 0.09842519685039370636, 0.07596455767401574799 ) ) ;
#1736 = MANIFOLD_SOLID_BREP ( '32M-1-solid1', #7413 ) ;
#1737 = AXIS2_PLACEMENT_3D ( 'NONE', #1512, #7763, #9392 ) ;
#1738 = DIRECTION ( 'NONE',  ( 1.000000000000000000, 1.927470528863119344E-15, 0.000000000000000000 ) ) ;
#1739 = EDGE_CURVE ( 'NONE', #1149, #2236, #9674, .T. ) ;
#1740 = DIRECTION ( 'NONE',  ( -1.000000000000000000, 0.000000000000000000, 0.000000000000000000 ) ) ;
#1741 = DIRECTION ( 'NONE',  ( 0.000000000000000000, 0.000000000000000000, 1.000000000000000000 ) ) ;
#1742 = CARTESIAN_POINT ( 'NONE',  ( -0.03596908851964961129, 0.09650884483535433767, 0.02728520784738582700 ) ) ;
#1743 = CARTESIAN_POINT ( 'NONE',  ( 0.06318897637795277411, 0.09842519685039370636, 0.2106299212598425619 ) ) ;
#1744 = CARTESIAN_POINT ( 'NONE',  ( 0.1003937007874016046, 0.09842519685039370636, 0.2362204724409449064 ) ) ;
#1745 = ORIENTED_EDGE ( 'NONE', *, *, #2244, .T. ) ;
#1746 = CIRCLE ( 'NONE', #1924, 0.02559055118110237920 ) ;
#1747 = ORIENTED_EDGE ( 'NONE', *, *, #860, .F. ) ;
#1748 = LINE ( 'NONE', #8874, #7463 ) ;
#1749 = ORIENTED_EDGE ( 'NONE', *, *, #11186, .F. ) ;
#1750 = LINE ( 'NONE', #9912, #7712 ) ;
#1751 = LINE ( 'NONE', #3508, #1939 ) ;
#1752 = EDGE_CURVE ( 'NONE', #3966, #2717, #8401, .T. ) ;
#1753 = EDGE_CURVE ( 'NONE', #1925, #1387, #7929, .T. ) ;
#1754 = VECTOR ( 'NONE', #828, 39.37007874015748854 ) ;
#1755 = CARTESIAN_POINT ( 'NONE',  ( -0.04133841784512517353, 0.08887361640600413559, 0.02952769488984265112 ) ) ;
#1756 = CARTESIAN_POINT ( 'NONE',  ( -0.1181102362204724532, -0.05905511811023622659, 0.2283464566929133688 ) ) ;
#1757 = VECTOR ( 'NONE', #5603, 39.37007874015748854 ) ;
#1758 = DIRECTION ( 'NONE',  ( -0.5599433005135097119, 0.000000000000000000, 0.8285309289399144239 ) ) ;
#1759 = DIRECTION ( 'NONE',  ( 0.000000000000000000, 0.000000000000000000, 1.000000000000000000 ) ) ;
#1760 = DIRECTION ( 'NONE',  ( 0.000000000000000000, 1.000000000000000000, 0.000000000000000000 ) ) ;
#1761 = ORIENTED_EDGE ( 'NONE', *, *, #8822, .T. ) ;
#1762 = DIRECTION ( 'NONE',  ( 0.4493189986157146154, 0.000000000000000000, 0.8933713883279289503 ) ) ;
#1763 = VECTOR ( 'NONE', #286, 39.37007874015748143 ) ;
#1764 = VECTOR ( 'NONE', #10028, 39.37007874015748143 ) ;
#1765 = VERTEX_POINT ( 'NONE', #1677 ) ;
#1766 = DIRECTION ( 'NONE',  ( 0.000000000000000000, 1.019389822608000021E-13, -1.000000000000000000 ) ) ;
#1767 = DIRECTION ( 'NONE',  ( 1.000000000000000000, 0.000000000000000000, 0.000000000000000000 ) ) ;
#1768 = ADVANCED_FACE ( 'NONE', ( #4313 ), #6120, .T. ) ;
#1769 = ORIENTED_EDGE ( 'NONE', *, *, #702, .T. ) ;
#1770 = VECTOR ( 'NONE', #2229, 39.37007874015748143 ) ;
#1771 = CARTESIAN_POINT ( 'NONE',  ( 0.1259842519685039353, -0.08858267716535435377, 0.09055118110236221041 ) ) ;
#1772 = VECTOR ( 'NONE', #11517, 39.37007874015748143 ) ;
#1773 = DIRECTION ( 'NONE',  ( 0.000000000000000000, 0.000000000000000000, 1.000000000000000000 ) ) ;
#1774 = ORIENTED_EDGE ( 'NONE', *, *, #3047, .F. ) ;
#1775 = MANIFOLD_SOLID_BREP ( 'Combine3', #8363 ) ;
#1776 = VERTEX_POINT ( 'NONE', #2616 ) ;
#1777 = CARTESIAN_POINT ( 'NONE',  ( -0.1082677165354330728, -0.01968503937007873988, 0.2263779527559055260 ) ) ;
#1778 = DIRECTION ( 'NONE',  ( 1.000000000000000000, 0.000000000000000000, 0.000000000000000000 ) ) ;
#1779 = AXIS2_PLACEMENT_3D ( 'NONE', #10558, #1514, #3388 ) ;
#1780 = ADVANCED_FACE ( 'NONE', ( #3440 ), #11423, .F. ) ;
#1781 = VERTEX_POINT ( 'NONE', #10555 ) ;
#1782 = DIRECTION ( 'NONE',  ( 0.000000000000000000, 0.000000000000000000, 1.000000000000000000 ) ) ;
#1783 = CARTESIAN_POINT ( 'NONE',  ( 0.1295822470429527362, -0.08778038348578741379, 0.2164862285244094631 ) ) ;
#1784 = DIRECTION ( 'NONE',  ( 0.000000000000000000, -1.000000000000000000, 0.000000000000000000 ) ) ;
#1785 = FACE_OUTER_BOUND ( 'NONE', #2687, .T. ) ;
#1786 = ORIENTED_EDGE ( 'NONE', *, *, #8946, .T. ) ;
#1787 = CARTESIAN_POINT ( 'NONE',  ( -0.02559055118110236532, 0.08246587429721419227, 0.1851137642978295250 ) ) ;
#1788 = ADVANCED_FACE ( 'NONE', ( #6179 ), #5292, .T. ) ;
#1789 = ORIENTED_EDGE ( 'NONE', *, *, #10744, .T. ) ;
#1790 = ORIENTED_EDGE ( 'NONE', *, *, #5162, .T. ) ;
#1791 = CARTESIAN_POINT ( 'NONE',  ( 0.1131889763779527630, 0.05905511811023622659, 0.1968503937007874127 ) ) ;
#1792 = EDGE_CURVE ( 'NONE', #4081, #7886, #2509, .T. ) ;
#1793 = LINE ( 'NONE', #7931, #1005 ) ;
#1794 = CARTESIAN_POINT ( 'NONE',  ( 0.1131889763779527630, 0.05905511811023622659, 0.05314960629921260116 ) ) ;
#1795 = FACE_OUTER_BOUND ( 'NONE', #570, .T. ) ;
#1796 = LINE ( 'NONE', #8915, #7282 ) ;
#1797 = CARTESIAN_POINT ( 'NONE',  ( 0.1003937007874015908, 0.08858267716535435377, 0.1801181102362204856 ) ) ;
#1798 = DIRECTION ( 'NONE',  ( -1.000000000000000000, 0.000000000000000000, 0.000000000000000000 ) ) ;
#1799 = CARTESIAN_POINT ( 'NONE',  ( 0.09389763779527558751, 0.08464566929133858497, 0.02952755905511811330 ) ) ;
#1800 = ORIENTED_EDGE ( 'NONE', *, *, #7309, .F. ) ;
#1801 = VERTEX_POINT ( 'NONE', #5181 ) ;
#1802 = ADVANCED_FACE ( 'NONE', ( #8747, #755 ), #6360, .F. ) ;
#1803 = ORIENTED_EDGE ( 'NONE', *, *, #4442, .F. ) ;
#1804 = ORIENTED_EDGE ( 'NONE', *, *, #9777, .T. ) ;
#1805 = CARTESIAN_POINT ( 'NONE',  ( -0.02559055118110236879, 0.03543307086614173873, 0.2342519685039370358 ) ) ;
#1806 = CARTESIAN_POINT ( 'NONE',  ( 0.1131889763779527630, 0.01771653543307086937, 0.1791338582677165503 ) ) ;
#1807 = CARTESIAN_POINT ( 'NONE',  ( 0.02559055118110237573, 0.03884782725269871062, 0.3835276731377205151 ) ) ;
#1808 = CARTESIAN_POINT ( 'NONE',  ( 0.02165833399816502816, -0.09601268649329071370, 0.09277653965232487976 ) ) ;
#1809 = DIRECTION ( 'NONE',  ( 0.000000000000000000, 1.000000000000000000, 0.000000000000000000 ) ) ;
#1810 = CARTESIAN_POINT ( 'NONE',  ( 0.000000000000000000, -0.09842519685039370636, 0.02952755905512403564 ) ) ;
#1811 = FACE_OUTER_BOUND ( 'NONE', #8375, .T. ) ;
#1812 = DIRECTION ( 'NONE',  ( 0.000000000000000000, -1.000000000000000000, 0.000000000000000000 ) ) ;
#1813 = VERTEX_POINT ( 'NONE', #10960 ) ;
#1814 = EDGE_CURVE ( 'NONE', #4428, #11522, #9089, .T. ) ;
#1815 = EDGE_CURVE ( 'NONE', #2659, #3692, #8281, .T. ) ;
#1816 = ORIENTED_EDGE ( 'NONE', *, *, #5214, .T. ) ;
#1817 = DIRECTION ( 'NONE',  ( 1.000000000000000000, 0.000000000000000000, 0.000000000000000000 ) ) ;
#1818 = CARTESIAN_POINT ( 'NONE',  ( 0.1393455678156299282, -0.08858267716535435377, 0.3562992125984252301 ) ) ;
#1819 = ORIENTED_EDGE ( 'NONE', *, *, #7227, .F. ) ;
#1820 = CARTESIAN_POINT ( 'NONE',  ( -0.1131889763779527630, 0.05905511811023622659, 0.05314960629921260116 ) ) ;
#1821 = CARTESIAN_POINT ( 'NONE',  ( 0.1313389175166423117, -0.09842519685039370636, 0.06597324254561731660 ) ) ;
#1822 = EDGE_CURVE ( 'NONE', #4914, #10540, #6912, .T. ) ;
#1823 = VERTEX_POINT ( 'NONE', #2970 ) ;
#1824 = VERTEX_POINT ( 'NONE', #5715 ) ;
#1825 = CARTESIAN_POINT ( 'NONE',  ( 0.1181102362204724532, -0.05905511811023622659, 0.1003937007874015630 ) ) ;
#1826 = DIRECTION ( 'NONE',  ( 0.000000000000000000, -1.000000000000000000, 0.000000000000000000 ) ) ;
#1827 = AXIS2_PLACEMENT_3D ( 'NONE', #10050, #1242, #7426 ) ;
#1828 = LINE ( 'NONE', #7318, #11367 ) ;
#1829 = CARTESIAN_POINT ( 'NONE',  ( 0.1417322834645669549, -0.01968503937007873988, 0.3346456692913385988 ) ) ;
#1830 = DIRECTION ( 'NONE',  ( 1.000000000000000000, -8.857233590795465548E-16, 0.000000000000000000 ) ) ;
#1831 = CARTESIAN_POINT ( 'NONE',  ( -0.1082677165354331006, -0.01968503937007873988, 0.05511811023622047861 ) ) ;
#1832 = EDGE_CURVE ( 'NONE', #8502, #3270, #2156, .T. ) ;
#1833 = AXIS2_PLACEMENT_3D ( 'NONE', #3764, #338, #5629 ) ;
#1834 = ORIENTED_EDGE ( 'NONE', *, *, #7457, .F. ) ;
#1835 = ORIENTED_EDGE ( 'NONE', *, *, #329, .T. ) ;
#1836 = CARTESIAN_POINT ( 'NONE',  ( -0.1393455678156299282, -0.08813714464149606520, 0.3181347471450000630 ) ) ;
#1837 = CARTESIAN_POINT ( 'NONE',  ( -0.09055205871227819947, 0.01070364913752839750, -0.09842519685357868642 ) ) ;
#1838 = DIRECTION ( 'NONE',  ( -1.000000000000000000, 0.000000000000000000, 0.000000000000000000 ) ) ;
#1839 = CARTESIAN_POINT ( 'NONE',  ( -0.02559055118110236879, 0.05905511811025819513, 0.09881889763780250802 ) ) ;
#1840 = LINE ( 'NONE', #9028, #2637 ) ;
#1841 = VECTOR ( 'NONE', #4429, 39.37007874015748143 ) ;
#1842 = EDGE_CURVE ( 'NONE', #6559, #5381, #4824, .T. ) ;
#1843 = VECTOR ( 'NONE', #7757, 39.37007874015748143 ) ;
#1844 = CARTESIAN_POINT ( 'NONE',  ( 0.000000000000000000, 0.08464566929133858497, 0.3346456692913385988 ) ) ;
#1845 = LINE ( 'NONE', #8271, #4158 ) ;
#1846 = ORIENTED_EDGE ( 'NONE', *, *, #609, .F. ) ;
#1847 = EDGE_CURVE ( 'NONE', #9831, #8382, #181, .T. ) ;
#1848 = EDGE_CURVE ( 'NONE', #3270, #10176, #6905, .T. ) ;
#1849 = ORIENTED_EDGE ( 'NONE', *, *, #3009, .F. ) ;
#1850 = LINE ( 'NONE', #871, #1841 ) ;
#1851 = EDGE_LOOP ( 'NONE', ( #7746, #2392, #1040, #549 ) ) ;
#1852 = CARTESIAN_POINT ( 'NONE',  ( 0.1082677165354330728, -0.09842519685039370636, 0.4527559055118110520 ) ) ;
#1853 = VERTEX_POINT ( 'NONE', #3031 ) ;
#1854 = VECTOR ( 'NONE', #6449, 39.37007874015748143 ) ;
#1855 = VECTOR ( 'NONE', #4837, 39.37007874015748143 ) ;
#1856 = DIRECTION ( 'NONE',  ( 0.000000000000000000, 0.000000000000000000, -1.000000000000000000 ) ) ;
#1857 = DIRECTION ( 'NONE',  ( -1.000000000000000000, 0.000000000000000000, 0.000000000000000000 ) ) ;
#1858 = CARTESIAN_POINT ( 'NONE',  ( 0.02559055118110236879, 0.08246587429721419227, 0.1851137642978295250 ) ) ;
#1859 = DIRECTION ( 'NONE',  ( 0.000000000000000000, 1.000000000000000000, 0.000000000000000000 ) ) ;
#1860 = CARTESIAN_POINT ( 'NONE',  ( -0.07086614173228314439, 0.09350393700787401619, 0.003937007874015985634 ) ) ;
#1861 = CARTESIAN_POINT ( 'NONE',  ( -0.1082677165354331006, -0.05905511811023623353, 0.2854330708661417804 ) ) ;
#1862 = EDGE_CURVE ( 'NONE', #10368, #7898, #6542, .T. ) ;
#1863 = DIRECTION ( 'NONE',  ( 0.000000000000000000, 0.000000000000000000, 1.000000000000000000 ) ) ;
#1864 = CARTESIAN_POINT ( 'NONE',  ( 0.02559055118110236879, 0.08316328890936933171, 0.1712598425196850405 ) ) ;
#1865 = VECTOR ( 'NONE', #5329, 39.37007874015748143 ) ;
#1866 = VERTEX_POINT ( 'NONE', #10905 ) ;
#1867 = VECTOR ( 'NONE', #3847, 39.37007874015748143 ) ;
#1868 = EDGE_CURVE ( 'NONE', #515, #6703, #6590, .T. ) ;
#1869 = ORIENTED_EDGE ( 'NONE', *, *, #4587, .T. ) ;
#1870 = CARTESIAN_POINT ( 'NONE',  ( 0.1082677165354331006, -0.01968503937007873988, 0.08661417322834646937 ) ) ;
#1871 = AXIS2_PLACEMENT_3D ( 'NONE', #7500, #8439, #4864 ) ;
#1872 = DIRECTION ( 'NONE',  ( 0.000000000000000000, 0.000000000000000000, 1.000000000000000000 ) ) ;
#1873 = VECTOR ( 'NONE', #8512, 39.37007874015748143 ) ;
#1874 = ORIENTED_EDGE ( 'NONE', *, *, #5390, .F. ) ;
#1875 = EDGE_CURVE ( 'NONE', #4378, #797, #5361, .T. ) ;
#1876 = CARTESIAN_POINT ( 'NONE',  ( 0.1189658993563702805, -0.08482690949054365326, 0.2165331615503774398 ) ) ;
#1877 = ADVANCED_FACE ( 'NONE', ( #7284 ), #1914, .T. ) ;
#1878 = CARTESIAN_POINT ( 'NONE',  ( -0.1181102362204724532, 0.05905511811023622659, 0.07086614173228347746 ) ) ;
#1879 = LINE ( 'NONE', #3691, #1148 ) ;
#1880 = AXIS2_PLACEMENT_3D ( 'NONE', #2344, #3107, #7593 ) ;
#1881 = ORIENTED_EDGE ( 'NONE', *, *, #7047, .T. ) ;
#1882 = VERTEX_POINT ( 'NONE', #5834 ) ;
#1883 = DIRECTION ( 'NONE',  ( 0.000000000000000000, 0.000000000000000000, -1.000000000000000000 ) ) ;
#1884 = ORIENTED_EDGE ( 'NONE', *, *, #1814, .T. ) ;
#1885 = AXIS2_PLACEMENT_3D ( 'NONE', #1438, #8564, #4131 ) ;
#1886 = CARTESIAN_POINT ( 'NONE',  ( 0.1250000000000000000, 0.009842519685039369942, 0.05511811023622047168 ) ) ;
#1887 = ADVANCED_FACE ( 'NONE', ( #4203 ), #9449, .F. ) ;
#1888 = EDGE_CURVE ( 'NONE', #9142, #1882, #1568, .T. ) ;
#1889 = CARTESIAN_POINT ( 'NONE',  ( -0.1259842519685039353, -0.08858267716535435377, 0.3562992125984252301 ) ) ;
#1890 = DIRECTION ( 'NONE',  ( 0.3363363969974910717, 0.000000000000000000, -0.9417419115950750319 ) ) ;
#1891 = FACE_OUTER_BOUND ( 'NONE', #5943, .T. ) ;
#1892 = ORIENTED_EDGE ( 'NONE', *, *, #780, .F. ) ;
#1893 = DIRECTION ( 'NONE',  ( -1.000000000000000000, -8.881784197001252323E-16, 0.000000000000000000 ) ) ;
#1894 = LOCAL_TIME ( 21, 5, 28.00000000000000000, #5940 ) ;
#1895 = AXIS2_PLACEMENT_3D ( 'NONE', #10726, #7275, #6351 ) ;
#1896 = ORIENTED_EDGE ( 'NONE', *, *, #8443, .T. ) ;
#1897 = DIRECTION ( 'NONE',  ( 0.000000000000000000, -1.000000000000000000, 0.000000000000000000 ) ) ;
#1898 = EDGE_CURVE ( 'NONE', #8433, #7038, #5123, .T. ) ;
#1899 = CARTESIAN_POINT ( 'NONE',  ( -0.04355253016065539079, 0.07989451425893966119, -0.09842519329444660015 ) ) ;
#1900 = LINE ( 'NONE', #122, #3621 ) ;
#1901 = DIRECTION ( 'NONE',  ( 0.000000000000000000, -1.000000000000000000, 0.000000000000000000 ) ) ;
#1902 = CIRCLE ( 'NONE', #4697, 0.04578276980082677389 ) ;
#1903 = DIRECTION ( 'NONE',  ( 1.453678890483372537E-16, 0.000000000000000000, 1.000000000000000000 ) ) ;
#1904 = CARTESIAN_POINT ( 'NONE',  ( -0.09901574803149608417, 0.08858267716535435377, 0.3838582677165355284 ) ) ;
#1905 =( BOUNDED_CURVE ( )  B_SPLINE_CURVE ( 3, ( #8025, #7617, #389, #10182 ),
 .UNSPECIFIED., .F., .F. ) 
 B_SPLINE_CURVE_WITH_KNOTS ( ( 4, 4 ),
 ( 3.900556482137339298, 4.712388980384689674 ),
 .UNSPECIFIED. ) 
 CURVE ( )  GEOMETRIC_REPRESENTATION_ITEM ( )  RATIONAL_B_SPLINE_CURVE ( ( 1.000000000000000000, 0.9458273280489720714, 0.9458273280489720714, 1.000000000000000000 ) ) 
 REPRESENTATION_ITEM ( '' )  );
#1906 = CARTESIAN_POINT ( 'NONE',  ( 0.1406312231058267637, -0.08858267716535435377, 0.08669421523181103373 ) ) ;
#1907 = ORIENTED_EDGE ( 'NONE', *, *, #8740, .T. ) ;
#1908 = B_SPLINE_CURVE_WITH_KNOTS ( 'NONE', 3,
 ( #772, #7995, #134, #7010, #3507, #7061 ),
 .UNSPECIFIED., .F., .F.,
 ( 4, 2, 4 ),
 ( 0.000000000000000000, 0.5000000000000000000, 1.000000000000000000 ),
 .UNSPECIFIED. ) ;
#1909 = VERTEX_POINT ( 'NONE', #7587 ) ;
#1910 = ORIENTED_EDGE ( 'NONE', *, *, #9401, .T. ) ;
#1911 = CARTESIAN_POINT ( 'NONE',  ( 0.1181102362204724532, -0.02362204724409448786, 0.07086614173228347746 ) ) ;
#1912 = ORIENTED_EDGE ( 'NONE', *, *, #2214, .T. ) ;
#1913 = AXIS2_PLACEMENT_3D ( 'NONE', #10618, #875, #7228 ) ;
#1914 = PLANE ( 'NONE',  #10637 ) ;
#1915 = CARTESIAN_POINT ( 'NONE',  ( 0.1082677165354330728, 0.08464566929133858497, 0.02952755905511810636 ) ) ;
#1916 = LINE ( 'NONE', #5362, #4200 ) ;
#1917 = EDGE_CURVE ( 'NONE', #7038, #10900, #11257, .T. ) ;
#1918 = DIRECTION ( 'NONE',  ( -1.000000000000000000, 0.000000000000000000, 0.000000000000000000 ) ) ;
#1919 = CARTESIAN_POINT ( 'NONE',  ( 0.1082677165354330728, 0.03937007874015484299, 0.3503937007874015630 ) ) ;
#1920 = FACE_OUTER_BOUND ( 'NONE', #3239, .T. ) ;
#1921 = DIRECTION ( 'NONE',  ( 0.000000000000000000, 0.000000000000000000, 1.000000000000000000 ) ) ;
#1922 = CARTESIAN_POINT ( 'NONE',  ( 0.1250000000000000000, 0.009842519685039369942, 0.1811023622047244208 ) ) ;
#1923 = DIRECTION ( 'NONE',  ( 0.000000000000000000, 1.000000000000000000, 0.000000000000000000 ) ) ;
#1924 = AXIS2_PLACEMENT_3D ( 'NONE', #8805, #10556, #810 ) ;
#1925 = VERTEX_POINT ( 'NONE', #11140 ) ;
#1926 = DIRECTION ( 'NONE',  ( 1.000000000000000000, 0.000000000000000000, 0.000000000000000000 ) ) ;
#1927 = ORIENTED_EDGE ( 'NONE', *, *, #10734, .F. ) ;
#1928 = CARTESIAN_POINT ( 'NONE',  ( 0.1250000000000000000, 0.009842519685039369942, 0.3503937007874015630 ) ) ;
#1929 = VECTOR ( 'NONE', #10181, 39.37007874015748143 ) ;
#1930 = AXIS2_PLACEMENT_3D ( 'NONE', #135, #6198, #4488 ) ;
#1931 = CARTESIAN_POINT ( 'NONE',  ( 0.1449293867987588025, -0.08858267716535435377, 0.3505924323727249159 ) ) ;
#1932 = EDGE_CURVE ( 'NONE', #3570, #8045, #8465, .T. ) ;
#1933 = ORIENTED_EDGE ( 'NONE', *, *, #4499, .T. ) ;
#1934 = CARTESIAN_POINT ( 'NONE',  ( 0.07086614173228347746, 8.678599364036364441E-18, 0.2952755905486614263 ) ) ;
#1935 = CARTESIAN_POINT ( 'NONE',  ( 0.1082677165354330728, 0.08070866141732283006, 0.2377952755905511917 ) ) ;
#1936 = CARTESIAN_POINT ( 'NONE',  ( 0.1244670245173621903, -0.09842519685039370636, 0.1771653543307087075 ) ) ;
#1937 = LINE ( 'NONE', #171, #3357 ) ;
#1938 = VECTOR ( 'NONE', #8584, 39.37007874015748143 ) ;
#1939 = VECTOR ( 'NONE', #7120, 39.37007874015748143 ) ;
#1940 = ORIENTED_EDGE ( 'NONE', *, *, #2446, .F. ) ;
#1941 = ORIENTED_EDGE ( 'NONE', *, *, #8105, .F. ) ;
#1942 = EDGE_CURVE ( 'NONE', #1128, #4555, #10329, .T. ) ;
#1943 = CARTESIAN_POINT ( 'NONE',  ( 0.1181102362204724532, -0.05905511811023622659, 0.3346456692913385988 ) ) ;
#1944 = ORIENTED_EDGE ( 'NONE', *, *, #7026, .F. ) ;
#1945 = AXIS2_PLACEMENT_3D ( 'NONE', #5197, #1530, #2469 ) ;
#1946 = VECTOR ( 'NONE', #4128, 39.37007874015748143 ) ;
#1947 = CARTESIAN_POINT ( 'NONE',  ( -0.03149606299212598381, 0.08464566929133858497, 0.03149606299212073801 ) ) ;
#1948 = CARTESIAN_POINT ( 'NONE',  ( -0.02559055118110236879, 0.05557062159667176815, 0.07628418894271189743 ) ) ;
#1949 = CARTESIAN_POINT ( 'NONE',  ( -0.06830708661417324301, 0.09153543307086615954, 0.09842519685039370636 ) ) ;
#1950 = PLANE ( 'NONE',  #8785 ) ;
#1951 = EDGE_LOOP ( 'NONE', ( #298, #6414, #3309, #7535 ) ) ;
#1952 = CARTESIAN_POINT ( 'NONE',  ( 0.1181102362204724254, -0.07192037178795131214, 0.2165354330708661457 ) ) ;
#1953 = CIRCLE ( 'NONE', #6815, 0.007874015748031482076 ) ;
#1954 = ADVANCED_FACE ( 'NONE', ( #7813 ), #8695, .F. ) ;
#1955 = EDGE_CURVE ( 'NONE', #8177, #6662, #10437, .T. ) ;
#1956 = ORIENTED_EDGE ( 'NONE', *, *, #4395, .F. ) ;
#1957 = ORIENTED_EDGE ( 'NONE', *, *, #3884, .T. ) ;
#1958 = CARTESIAN_POINT ( 'NONE',  ( -0.1082677165354330728, 0.09153543307086615954, 0.2834645669291339098 ) ) ;
#1959 = VECTOR ( 'NONE', #610, 39.37007874015748143 ) ;
#1960 = LINE ( 'NONE', #6514, #8496 ) ;
#1961 = LINE ( 'NONE', #403, #281 ) ;
#1962 = CYLINDRICAL_SURFACE ( 'NONE', #2783, 0.01771653543307086243 ) ;
#1963 = CARTESIAN_POINT ( 'NONE',  ( -0.09704724409448818589, 0.09842519685039370636, 0.1102362204724409434 ) ) ;
#1964 = DIRECTION ( 'NONE',  ( 1.000000000000000000, 0.000000000000000000, 0.000000000000000000 ) ) ;
#1965 = CARTESIAN_POINT ( 'NONE',  ( 0.04744094488188976833, 0.08464566929133858497, 0.08464566929133858497 ) ) ;
#1966 = ORIENTED_EDGE ( 'NONE', *, *, #264, .T. ) ;
#1967 = FACE_BOUND ( 'NONE', #1268, .T. ) ;
#1968 = ORIENTED_EDGE ( 'NONE', *, *, #9359, .T. ) ;
#1969 = VERTEX_POINT ( 'NONE', #8524 ) ;
#1970 = EDGE_CURVE ( 'NONE', #11468, #3643, #1449, .T. ) ;
#1971 = EDGE_LOOP ( 'NONE', ( #10564, #1244, #7564, #5795 ) ) ;
#1972 = CARTESIAN_POINT ( 'NONE',  ( 0.1044142032801048392, 0.09842519685039373412, 0.3838582677165355284 ) ) ;
#1973 = FACE_OUTER_BOUND ( 'NONE', #2404, .T. ) ;
#1974 = CARTESIAN_POINT ( 'NONE',  ( -0.1181102362204724532, -0.05118110236220473758, 0.1023622047244094752 ) ) ;
#1975 = DIRECTION ( 'NONE',  ( -1.000000000000000000, 0.000000000000000000, 0.000000000000000000 ) ) ;
#1976 = DIRECTION ( 'NONE',  ( 0.000000000000000000, 1.000000000000000000, 0.000000000000000000 ) ) ;
#1977 = CARTESIAN_POINT ( 'NONE',  ( -0.02559055118110236879, 0.05634701029051921578, 0.3749112753754881844 ) ) ;
#1978 = CARTESIAN_POINT ( 'NONE',  ( 0.000000000000000000, -0.1141732283464566844, 0.09842519685039370636 ) ) ;
#1979 = DIRECTION ( 'NONE',  ( 1.000000000000000000, 0.000000000000000000, 0.000000000000000000 ) ) ;
#1980 = FACE_OUTER_BOUND ( 'NONE', #3003, .T. ) ;
#1981 = ORIENTED_EDGE ( 'NONE', *, *, #4474, .T. ) ;
#1982 = B_SPLINE_CURVE_WITH_KNOTS ( 'NONE', 3,
 ( #1616, #5052, #8626, #6061, #4193, #5172 ),
 .UNSPECIFIED., .F., .F.,
 ( 4, 2, 4 ),
 ( 0.000000000000000000, 0.5000000000000000000, 1.000000000000000000 ),
 .UNSPECIFIED. ) ;
#1983 = EDGE_CURVE ( 'NONE', #889, #6817, #10264, .T. ) ;
#1984 = EDGE_LOOP ( 'NONE', ( #10649, #4328, #8704, #11363 ) ) ;
#1985 = EDGE_LOOP ( 'NONE', ( #1521, #10366, #4412, #8927, #4558, #7158, #5890, #729 ) ) ;
#1986 = CARTESIAN_POINT ( 'NONE',  ( -0.1010826771653543232, 0.09153543307086615954, 0.02952755905511811330 ) ) ;
#1987 = LINE ( 'NONE', #8067, #8083 ) ;
#1988 = B_SPLINE_CURVE_WITH_KNOTS ( 'NONE', 3,
 ( #5805, #3187, #8497, #9639, #10301, #10573 ),
 .UNSPECIFIED., .F., .F.,
 ( 4, 2, 4 ),
 ( 0.000000000000000000, 0.5000000000000000000, 1.000000000000000000 ),
 .UNSPECIFIED. ) ;
#1989 = VERTEX_POINT ( 'NONE', #2393 ) ;
#1990 = CARTESIAN_POINT ( 'NONE',  ( -0.1131889763779527630, 0.01771653543307086937, 0.2145669291338582751 ) ) ;
#1991 = EDGE_CURVE ( 'NONE', #10354, #11378, #7093, .T. ) ;
#1992 = VECTOR ( 'NONE', #8347, 39.37007874015748143 ) ;
#1993 = CARTESIAN_POINT ( 'NONE',  ( 0.1259842519684462314, -0.08858267716537090997, 0.2165083062001569580 ) ) ;
#1994 = DIRECTION ( 'NONE',  ( 0.000000000000000000, 0.5495924523878056300, 0.8354329035167082917 ) ) ;
#1995 = CARTESIAN_POINT ( 'NONE',  ( 0.04066835019169291743, 0.1005894260824015951, 0.02958974531795275503 ) ) ;
#1996 = EDGE_CURVE ( 'NONE', #3885, #8197, #2061, .T. ) ;
#1997 = DIRECTION ( 'NONE',  ( 0.000000000000000000, 1.000000000000000000, 0.000000000000000000 ) ) ;
#1998 = ORIENTED_EDGE ( 'NONE', *, *, #6205, .F. ) ;
#1999 = ORIENTED_EDGE ( 'NONE', *, *, #6682, .F. ) ;
#2000 = CARTESIAN_POINT ( 'NONE',  ( -0.1082677165354330728, 0.000000000000000000, 0.2263779527559055260 ) ) ;
#2001 = LINE ( 'NONE', #1735, #1555 ) ;
#2002 = EDGE_LOOP ( 'NONE', ( #10717, #10422, #3978, #6846 ) ) ;
#2003 = LINE ( 'NONE', #2944, #2868 ) ;
#2004 = CARTESIAN_POINT ( 'NONE',  ( -0.03285608205388265007, 0.1018044605822613496, 0.02848316857945249955 ) ) ;
#2005 = EDGE_CURVE ( 'NONE', #3026, #1259, #2210, .T. ) ;
#2006 = PLANE ( 'NONE',  #2259 ) ;
#2007 = ORIENTED_EDGE ( 'NONE', *, *, #5785, .F. ) ;
#2008 = CARTESIAN_POINT ( 'NONE',  ( -0.1259842519685039353, -0.08070866141732283006, 0.09055118110236221041 ) ) ;
#2009 = ADVANCED_FACE ( 'NONE', ( #5004 ), #7762, .F. ) ;
#2010 = ORIENTED_EDGE ( 'NONE', *, *, #4909, .T. ) ;
#2011 = ORIENTED_EDGE ( 'NONE', *, *, #3822, .F. ) ;
#2012 = ORIENTED_EDGE ( 'NONE', *, *, #2257, .T. ) ;
#2013 = CARTESIAN_POINT ( 'NONE',  ( 0.1422251440815006096, -0.09842519685039370636, 0.3468957707500721077 ) ) ;
#2014 = CARTESIAN_POINT ( 'NONE',  ( 0.1282428423058267764, -0.09537065631913385633, 0.2165189091672834742 ) ) ;
#2015 = CARTESIAN_POINT ( 'NONE',  ( -0.03149606299212598381, 0.09842519685039370636, 0.1102362204724409434 ) ) ;
#2016 = DIRECTION ( 'NONE',  ( 0.000000000000000000, 0.000000000000000000, -1.000000000000000000 ) ) ;
#2017 = CARTESIAN_POINT ( 'NONE',  ( 0.1078127691192519721, -0.05905511811023623353, 0.03937007874015747977 ) ) ;
#2018 = ADVANCED_FACE ( 'NONE', ( #6011 ), #3326, .F. ) ;
#2019 = CARTESIAN_POINT ( 'NONE',  ( 0.1406312231058267637, -0.09842519685039370636, 0.08669421523181103373 ) ) ;
#2020 = EDGE_CURVE ( 'NONE', #10750, #2430, #8578, .T. ) ;
#2021 = DIRECTION ( 'NONE',  ( 0.8921856025540174651, 0.000000000000000000, 0.4516689612928088682 ) ) ;
#2022 = ORIENTED_EDGE ( 'NONE', *, *, #5800, .F. ) ;
#2023 = AXIS2_PLACEMENT_3D ( 'NONE', #4703, #3468, #5263 ) ;
#2024 = DIRECTION ( 'NONE',  ( 0.000000000000000000, 0.000000000000000000, -1.000000000000000000 ) ) ;
#2025 = ORIENTED_EDGE ( 'NONE', *, *, #8327, .T. ) ;
#2026 = ORIENTED_EDGE ( 'NONE', *, *, #2924, .F. ) ;
#2027 = CARTESIAN_POINT ( 'NONE',  ( -0.09842519685039370636, 0.1031496062992126317, 0.000000000000000000 ) ) ;
#2028 = EDGE_LOOP ( 'NONE', ( #192, #12, #908, #3831 ) ) ;
#2029 = CARTESIAN_POINT ( 'NONE',  ( 0.1181102362204724532, 0.08463301512147204664, 0.3838582677165355284 ) ) ;
#2030 = DIRECTION ( 'NONE',  ( 1.000000000000000000, 0.000000000000000000, 0.000000000000000000 ) ) ;
#2031 = LINE ( 'NONE', #8467, #2138 ) ;
#2032 = AXIS2_PLACEMENT_3D ( 'NONE', #2950, #10066, #1893 ) ;
#2033 = LINE ( 'NONE', #4035, #1222 ) ;
#2034 = CARTESIAN_POINT ( 'NONE',  ( -0.06102362204535349138, 0.000000000000000000, 0.3070866141722329301 ) ) ;
#2035 = PLANE ( 'NONE',  #8967 ) ;
#2036 = LINE ( 'NONE', #246, #3178 ) ;
#2037 = PLANE ( 'NONE',  #9827 ) ;
#2038 = EDGE_CURVE ( 'NONE', #9831, #5621, #6162, .T. ) ;
#2039 = ORIENTED_EDGE ( 'NONE', *, *, #7405, .F. ) ;
#2040 = VECTOR ( 'NONE', #4505, 39.37007874015748143 ) ;
#2041 = AXIS2_PLACEMENT_3D ( 'NONE', #7067, #777, #10623 ) ;
#2042 = DIRECTION ( 'NONE',  ( 1.000000000000000000, 0.000000000000000000, 0.000000000000000000 ) ) ;
#2043 = ORIENTED_EDGE ( 'NONE', *, *, #5424, .F. ) ;
#2044 = DIRECTION ( 'NONE',  ( 0.8285309289396659560, 0.000000000000000000, -0.5599433005138768626 ) ) ;
#2045 = CARTESIAN_POINT ( 'NONE',  ( 0.05682104683267716339, 0.08858267716535435377, 0.1676771468440551305 ) ) ;
#2046 = ORIENTED_EDGE ( 'NONE', *, *, #9818, .T. ) ;
#2047 = CARTESIAN_POINT ( 'NONE',  ( 0.1082677165354330728, -0.01968503937007873988, 0.2263779527559055260 ) ) ;
#2048 = VECTOR ( 'NONE', #3053, 39.37007874015748143 ) ;
#2049 = LINE ( 'NONE', #3865, #5219 ) ;
#2050 = AXIS2_PLACEMENT_3D ( 'NONE', #2464, #770, #6953 ) ;
#2051 = FACE_OUTER_BOUND ( 'NONE', #586, .T. ) ;
#2052 = ADVANCED_FACE ( 'NONE', ( #9006 ), #10809, .T. ) ;
#2053 = PLANE ( 'NONE',  #3374 ) ;
#2054 = CARTESIAN_POINT ( 'NONE',  ( 0.02731289224324410028, 0.09398116170267717395, 0.03391688099234645842 ) ) ;
#2055 = CARTESIAN_POINT ( 'NONE',  ( -0.1082677165354330728, -0.05905511811023622659, 0.1968503937007874127 ) ) ;
#2056 = ORIENTED_EDGE ( 'NONE', *, *, #7347, .F. ) ;
#2057 = DIRECTION ( 'NONE',  ( -1.000000000000000000, -0.000000000000000000, -0.000000000000000000 ) ) ;
#2058 = ORIENTED_EDGE ( 'NONE', *, *, #5785, .T. ) ;
#2059 = ORIENTED_EDGE ( 'NONE', *, *, #6787, .T. ) ;
#2060 = VECTOR ( 'NONE', #509, 39.37007874015748143 ) ;
#2061 = CIRCLE ( 'NONE', #209, 0.003821856477047251305 ) ;
#2062 = LINE ( 'NONE', #10988, #4347 ) ;
#2064 = EDGE_CURVE ( 'NONE', #3963, #1989, #2655, .T. ) ;
#2063 = LINE ( 'NONE', #6677, #4715 ) ;
#2065 = ORIENTED_EDGE ( 'NONE', *, *, #9422, .F. ) ;
#2066 = PLANE ( 'NONE',  #6075 ) ;
#2067 = EDGE_CURVE ( 'NONE', #1419, #6703, #1659, .T. ) ;
#2068 = CARTESIAN_POINT ( 'NONE',  ( 0.000000000000000000, 0.000000000000000000, 0.1102362204724409295 ) ) ;
#2069 = CARTESIAN_POINT ( 'NONE',  ( -0.02703327107164823009, 0.09926923465949322178, 0.03125895844810288454 ) ) ;
#2070 = VECTOR ( 'NONE', #932, 39.37007874015748143 ) ;
#2071 = DIRECTION ( 'NONE',  ( 0.000000000000000000, 0.000000000000000000, -1.000000000000000000 ) ) ;
#2072 = ORIENTED_EDGE ( 'NONE', *, *, #5278, .T. ) ;
#2073 = PLANE ( 'NONE',  #1833 ) ;
#2074 = ORIENTED_EDGE ( 'NONE', *, *, #3161, .T. ) ;
#2075 = ORIENTED_EDGE ( 'NONE', *, *, #4731, .F. ) ;
#2076 = ORIENTED_EDGE ( 'NONE', *, *, #622, .T. ) ;
#2077 = EDGE_CURVE ( 'NONE', #9673, #6891, #4455, .T. ) ;
#2078 = CARTESIAN_POINT ( 'NONE',  ( 0.1393455678156299282, -0.09842519685039370636, 0.3562992125984252301 ) ) ;
#2079 = DIRECTION ( 'NONE',  ( -1.000000000000000000, 0.000000000000000000, 0.000000000000000000 ) ) ;
#2080 = CARTESIAN_POINT ( 'NONE',  ( -1.325897125061110399E-18, -0.1141732283464566844, 0.3484251968503936370 ) ) ;
#2081 = DIRECTION ( 'NONE',  ( -0.8285309289389501952, 0.000000000000000000, 0.5599433005149362375 ) ) ;
#2082 = CARTESIAN_POINT ( 'NONE',  ( 0.09842519685039370636, 0.09842519685039370636, 0.000000000000000000 ) ) ;
#2083 = CARTESIAN_POINT ( 'NONE',  ( -0.1082677165354330728, 0.01968503937007873988, 0.2854330708661417804 ) ) ;
#2084 = DIRECTION ( 'NONE',  ( 0.000000000000000000, 0.000000000000000000, 1.000000000000000000 ) ) ;
#2085 = VECTOR ( 'NONE', #4942, 39.37007874015748143 ) ;
#2086 = EDGE_LOOP ( 'NONE', ( #11108, #2312, #2500, #10799 ) ) ;
#2087 = DIRECTION ( 'NONE',  ( 3.673940397442060115E-17, 0.000000000000000000, -1.000000000000000000 ) ) ;
#2088 = ORIENTED_EDGE ( 'NONE', *, *, #809, .T. ) ;
#2089 = ORIENTED_EDGE ( 'NONE', *, *, #4449, .F. ) ;
#2090 = ORIENTED_EDGE ( 'NONE', *, *, #7138, .T. ) ;
#2091 = CARTESIAN_POINT ( 'NONE',  ( 0.1003937007874015630, 0.08070866141732283006, 0.1574803149606299191 ) ) ;
#2092 = EDGE_CURVE ( 'NONE', #1217, #6172, #6750, .T. ) ;
#2093 = FACE_OUTER_BOUND ( 'NONE', #690, .T. ) ;
#2094 = AXIS2_PLACEMENT_3D ( 'NONE', #5032, #4171, #10467 ) ;
#2095 = CARTESIAN_POINT ( 'NONE',  ( 2.651794250122221954E-18, -0.09842519685039370636, 0.1200787401574803237 ) ) ;
#2096 = CARTESIAN_POINT ( 'NONE',  ( -0.1181102362204730222, -0.09657924753602104007, 0.2164279190586220203 ) ) ;
#2097 = CARTESIAN_POINT ( 'NONE',  ( -0.09389763779527558751, 0.09153543307086615954, 0.02952755905511811330 ) ) ;
#2098 = CARTESIAN_POINT ( 'NONE',  ( 0.1125929676279351921, -0.09231483226730187452, 0.3562992125984252301 ) ) ;
#2099 = LINE ( 'NONE', #5659, #1992 ) ;
#2100 = ORIENTED_EDGE ( 'NONE', *, *, #8917, .F. ) ;
#2101 = CARTESIAN_POINT ( 'NONE',  ( 0.1149143162340944824, -0.09160310808000000915, 0.2165338654476771652 ) ) ;
#2102 = ORIENTED_EDGE ( 'NONE', *, *, #6311, .T. ) ;
#2103 = EDGE_CURVE ( 'NONE', #3856, #8853, #4929, .T. ) ;
#2104 = CARTESIAN_POINT ( 'NONE',  ( -0.1244494698206299321, -0.08858267716535435377, 0.05118110236220473758 ) ) ;
#2105 = EDGE_CURVE ( 'NONE', #4399, #5115, #10308, .T. ) ;
#2106 = DIRECTION ( 'NONE',  ( 0.8285309289396659560, 0.000000000000000000, -0.5599433005138768626 ) ) ;
#2107 = ORIENTED_EDGE ( 'NONE', *, *, #4427, .F. ) ;
#2108 = CARTESIAN_POINT ( 'NONE',  ( -0.1287401574803149484, -0.09842519685039372024, 0.3327234666099678773 ) ) ;
#2109 = CIRCLE ( 'NONE', #445, 0.09842519685035437671 ) ;
#2110 = PLANE ( 'NONE',  #9690 ) ;
#2111 = CARTESIAN_POINT ( 'NONE',  ( -0.1082677165354331006, 0.09842519685039370636, 0.1122047244094488277 ) ) ;
#2112 = LINE ( 'NONE', #4671, #4844 ) ;
#2113 = CARTESIAN_POINT ( 'NONE',  ( 0.03293345467331103282, 0.1018750970153543822, 0.02834814515335039309 ) ) ;
#2114 = CARTESIAN_POINT ( 'NONE',  ( -0.1131889763779527630, 0.01771653543307086937, 0.08858267716535435377 ) ) ;
#2115 = ORIENTED_EDGE ( 'NONE', *, *, #8036, .F. ) ;
#2116 = DIRECTION ( 'NONE',  ( -1.000000000000000000, 0.000000000000000000, 0.000000000000000000 ) ) ;
#2117 = VECTOR ( 'NONE', #7408, 39.37007874015748143 ) ;
#2118 = VERTEX_POINT ( 'NONE', #4986 ) ;
#2119 = VECTOR ( 'NONE', #5154, 39.37007874015748143 ) ;
#2120 = ORIENTED_EDGE ( 'NONE', *, *, #9592, .T. ) ;
#2121 = DIRECTION ( 'NONE',  ( -1.000000000000000000, 0.000000000000000000, 0.000000000000000000 ) ) ;
#2122 = EDGE_CURVE ( 'NONE', #3420, #10704, #7854, .T. ) ;
#2123 = FACE_OUTER_BOUND ( 'NONE', #1272, .T. ) ;
#2124 = ORIENTED_EDGE ( 'NONE', *, *, #1368, .T. ) ;
#2125 = CARTESIAN_POINT ( 'NONE',  ( -0.09594951366374016022, -0.004724409448818898440, 0.1803129132838189042 ) ) ;
#2126 = VECTOR ( 'NONE', #4695, 39.37007874015748143 ) ;
#2127 = CARTESIAN_POINT ( 'NONE',  ( 0.07283464566929134798, 0.02362204724409448786, 0.1102362204724409434 ) ) ;
#2128 = AXIS2_PLACEMENT_3D ( 'NONE', #199, #1767, #9929 ) ;
#2129 = CARTESIAN_POINT ( 'NONE',  ( -0.03320443748958671476, 0.09574547247201188604, 0.02940260939917742691 ) ) ;
#2130 = CYLINDRICAL_SURFACE ( 'NONE', #1871, 0.007874015748031482076 ) ;
#2131 = ORIENTED_EDGE ( 'NONE', *, *, #1868, .T. ) ;
#2132 = DIRECTION ( 'NONE',  ( -0.000000000000000000, 0.000000000000000000, 1.000000000000000000 ) ) ;
#2133 = ORIENTED_EDGE ( 'NONE', *, *, #7457, .T. ) ;
#2134 = ORIENTED_EDGE ( 'NONE', *, *, #11160, .F. ) ;
#2135 = EDGE_CURVE ( 'NONE', #601, #5764, #687, .T. ) ;
#2136 = AXIS2_PLACEMENT_3D ( 'NONE', #6609, #494, #6841 ) ;
#2137 = ORIENTED_EDGE ( 'NONE', *, *, #7596, .F. ) ;
#2138 = VECTOR ( 'NONE', #479, 39.37007874015748143 ) ;
#2139 = CARTESIAN_POINT ( 'NONE',  ( 0.1393455678156545197, -0.08858267716535435377, 0.3129921259842520231 ) ) ;
#2140 = DIRECTION ( 'NONE',  ( 0.000000000000000000, 0.000000000000000000, 1.000000000000000000 ) ) ;
#2141 = CARTESIAN_POINT ( 'NONE',  ( 0.000000000000000000, 0.09842519685039370636, 0.08464566929133858497 ) ) ;
#2142 = CARTESIAN_POINT ( 'NONE',  ( 0.1181102362204724532, -0.05905511811023622659, 0.1692913385826771699 ) ) ;
#2143 = LINE ( 'NONE', #4874, #3211 ) ;
#2144 = LINE ( 'NONE', #8332, #1066 ) ;
#2145 = AXIS2_PLACEMENT_3D ( 'NONE', #6982, #10542, #2552 ) ;
#2146 = CARTESIAN_POINT ( 'NONE',  ( -0.07322834645668968578, 0.09842519685039370636, 0.1122047244094499935 ) ) ;
#2147 = AXIS2_PLACEMENT_3D ( 'NONE', #2889, #3820, #4571 ) ;
#2148 = EDGE_CURVE ( 'NONE', #1596, #10550, #11405, .T. ) ;
#2149 = VERTEX_POINT ( 'NONE', #11347 ) ;
#2150 = ORIENTED_EDGE ( 'NONE', *, *, #357, .T. ) ;
#2151 = DIRECTION ( 'NONE',  ( 0.000000000000000000, 1.000000000000000000, 0.000000000000000000 ) ) ;
#2152 = ORIENTED_EDGE ( 'NONE', *, *, #74, .F. ) ;
#2153 = ORIENTED_EDGE ( 'NONE', *, *, #2487, .T. ) ;
#2154 = EDGE_CURVE ( 'NONE', #5445, #7806, #10451, .T. ) ;
#2155 = ORIENTED_EDGE ( 'NONE', *, *, #3765, .F. ) ;
#2156 = LINE ( 'NONE', #4648, #8953 ) ;
#2157 = CARTESIAN_POINT ( 'NONE',  ( 0.1082677165354330728, -0.05905511811023622659, 0.3346456692913385988 ) ) ;
#2158 = VECTOR ( 'NONE', #4656, 39.37007874015748143 ) ;
#2159 = DIRECTION ( 'NONE',  ( 0.000000000000000000, 1.000000000000000000, 0.000000000000000000 ) ) ;
#2160 = CARTESIAN_POINT ( 'NONE',  ( 0.02559055118110236879, 0.05216292877700693525, 0.3660023665961397166 ) ) ;
#2161 = CARTESIAN_POINT ( 'NONE',  ( -0.05413385826771653642, 0.000000000000000000, 0.000000000000000000 ) ) ;
#2162 = CARTESIAN_POINT ( 'NONE',  ( 0.1156397790110551965, -0.09518823442733669038, 0.3562992125984252301 ) ) ;
#2163 = DIRECTION ( 'NONE',  ( 0.000000000000000000, 0.6814463171673940112, 0.7318681006977935111 ) ) ;
#2164 = EDGE_CURVE ( 'NONE', #581, #9189, #2563, .T. ) ;
#2165 = ORIENTED_EDGE ( 'NONE', *, *, #11057, .T. ) ;
#2166 = DIRECTION ( 'NONE',  ( 0.000000000000000000, 0.000000000000000000, 1.000000000000000000 ) ) ;
#2167 = ORIENTED_EDGE ( 'NONE', *, *, #728, .F. ) ;
#2168 = LINE ( 'NONE', #1287, #3588 ) ;
#2169 = DIRECTION ( 'NONE',  ( 0.000000000000000000, 0.000000000000000000, 1.000000000000000000 ) ) ;
#2170 = VERTEX_POINT ( 'NONE', #10777 ) ;
#2171 = CARTESIAN_POINT ( 'NONE',  ( 0.1181102362204724532, -0.01771653543307087283, 0.3523622047244094890 ) ) ;
#2172 = CARTESIAN_POINT ( 'NONE',  ( 2.651794250122221954E-18, -0.09521821916964566535, 0.3562992125984252301 ) ) ;
#2173 = LINE ( 'NONE', #6031, #9243 ) ;
#2174 = DIRECTION ( 'NONE',  ( 1.000000000000000000, 0.000000000000000000, 0.000000000000000000 ) ) ;
#2175 = CARTESIAN_POINT ( 'NONE',  ( 0.02698600957568110872, 0.09916800969866140791, 0.03121213310246062286 ) ) ;
#2176 = EDGE_CURVE ( 'NONE', #10006, #3138, #2738, .T. ) ;
#2177 = ADVANCED_FACE ( 'NONE', ( #6299 ), #6192, .F. ) ;
#2178 = LINE ( 'NONE', #10110, #3162 ) ;
#2179 = EDGE_LOOP ( 'NONE', ( #413, #6751, #7584, #4154 ) ) ;
#2180 = ORIENTED_EDGE ( 'NONE', *, *, #4775, .F. ) ;
#2181 = LINE ( 'NONE', #4738, #4890 ) ;
#2182 = DIRECTION ( 'NONE',  ( 0.000000000000000000, 0.000000000000000000, -1.000000000000000000 ) ) ;
#2183 = ORIENTED_EDGE ( 'NONE', *, *, #6174, .F. ) ;
#2184 = FACE_OUTER_BOUND ( 'NONE', #11404, .T. ) ;
#2185 = DIRECTION ( 'NONE',  ( 0.000000000000000000, -1.000000000000000000, 0.000000000000000000 ) ) ;
#2186 = CARTESIAN_POINT ( 'NONE',  ( -0.02681445081945311656, 0.09945678567877351550, 0.03119272791792104815 ) ) ;
#2187 = EDGE_CURVE ( 'NONE', #1776, #5115, #6082, .T. ) ;
#2188 = FACE_OUTER_BOUND ( 'NONE', #9499, .T. ) ;
#2189 = EDGE_LOOP ( 'NONE', ( #10410, #7336, #5924, #2007 ) ) ;
#2190 = VECTOR ( 'NONE', #7109, 39.37007874015748143 ) ;
#2191 = CARTESIAN_POINT ( 'NONE',  ( 0.1082677165354330728, 0.000000000000000000, 0.1791338582677165503 ) ) ;
#2192 = ORIENTED_EDGE ( 'NONE', *, *, #8796, .T. ) ;
#2193 = ORIENTED_EDGE ( 'NONE', *, *, #5433, .F. ) ;
#2194 = CARTESIAN_POINT ( 'NONE',  ( -0.08336614173228347469, 0.09153543307086615954, 0.01476377952755512056 ) ) ;
#2195 = FACE_OUTER_BOUND ( 'NONE', #10646, .T. ) ;
#2196 = DIRECTION ( 'NONE',  ( 0.000000000000000000, 0.000000000000000000, 1.000000000000000000 ) ) ;
#2197 = FACE_OUTER_BOUND ( 'NONE', #11255, .T. ) ;
#2198 = CARTESIAN_POINT ( 'NONE',  ( -0.04297621460421260225, 0.07390066619858119690, 0.3557932077031071283 ) ) ;
#2199 = EDGE_CURVE ( 'NONE', #10279, #7672, #3557, .T. ) ;
#2200 = CARTESIAN_POINT ( 'NONE',  ( 0.1003937007874015630, 0.08858267716535435377, 0.03149606299212598381 ) ) ;
#2201 = LINE ( 'NONE', #9380, #1158 ) ;
#2202 = EDGE_LOOP ( 'NONE', ( #3898, #1786, #2239, #2886 ) ) ;
#2203 = ORIENTED_EDGE ( 'NONE', *, *, #10839, .T. ) ;
#2204 = DIRECTION ( 'NONE',  ( 1.000000000000000000, -8.857233590795465548E-16, 0.000000000000000000 ) ) ;
#2205 = ORIENTED_EDGE ( 'NONE', *, *, #2885, .F. ) ;
#2206 = ORIENTED_EDGE ( 'NONE', *, *, #2871, .T. ) ;
#2207 = B_SPLINE_CURVE_WITH_KNOTS ( 'NONE', 3,
 ( #8721, #6909, #1473, #6851 ),
 .UNSPECIFIED., .F., .F.,
 ( 4, 4 ),
 ( 0.000000000000000000, 1.000000000000000000 ),
 .UNSPECIFIED. ) ;
#2208 = ORIENTED_EDGE ( 'NONE', *, *, #1070, .F. ) ;
#2209 = ORIENTED_EDGE ( 'NONE', *, *, #1647, .T. ) ;
#2210 = LINE ( 'NONE', #5768, #32 ) ;
#2211 = CARTESIAN_POINT ( 'NONE',  ( -0.1181102362204724532, 0.01771653543307086937, 0.2145669291338582751 ) ) ;
#2212 = ORIENTED_EDGE ( 'NONE', *, *, #5980, .F. ) ;
#2213 = CARTESIAN_POINT ( 'NONE',  ( -0.09923794975350394565, -0.03937007874015747977, 0.2214566929133858220 ) ) ;
#2214 = EDGE_CURVE ( 'NONE', #4275, #767, #1850, .T. ) ;
#2215 = CARTESIAN_POINT ( 'NONE',  ( 0.03149606299212861366, 0.08464566929133858497, 0.3267716535433071168 ) ) ;
#2216 = LINE ( 'NONE', #1340, #655 ) ;
#2217 = CARTESIAN_POINT ( 'NONE',  ( 0.1130475569206291359, -0.09281930160788828821, 0.3562992125984252301 ) ) ;
#2218 = VECTOR ( 'NONE', #4734, 39.37007874015748854 ) ;
#2219 = FACE_OUTER_BOUND ( 'NONE', #4908, .T. ) ;
#2220 = ADVANCED_FACE ( 'NONE', ( #7991 ), #7114, .T. ) ;
#2221 = VERTEX_POINT ( 'NONE', #7006 ) ;
#2222 =( BOUNDED_CURVE ( )  B_SPLINE_CURVE ( 3, ( #10910, #3158, #2917, #10029 ),
 .UNSPECIFIED., .F., .F. ) 
 B_SPLINE_CURVE_WITH_KNOTS ( ( 4, 4 ),
 ( 0.006018694861436575498, 1.000000000000000000 ),
 .UNSPECIFIED. ) 
 CURVE ( )  GEOMETRIC_REPRESENTATION_ITEM ( )  RATIONAL_B_SPLINE_CURVE ( ( 1.000000000000000000, 0.3428662136823017459, 0.3428662136823017459, 1.000000000000000000 ) ) 
 REPRESENTATION_ITEM ( '' )  );
#2223 = CARTESIAN_POINT ( 'NONE',  ( -0.1346456692913385877, -0.08813603796283467351, 0.1967966366946456713 ) ) ;
#2224 = ORIENTED_EDGE ( 'NONE', *, *, #1250, .F. ) ;
#2225 = VECTOR ( 'NONE', #10597, 39.37007874015748143 ) ;
#2226 = DIRECTION ( 'NONE',  ( 0.000000000000000000, 0.000000000000000000, 1.000000000000000000 ) ) ;
#2227 = FACE_OUTER_BOUND ( 'NONE', #1851, .T. ) ;
#2228 = ADVANCED_FACE ( 'NONE', ( #10673 ), #1634, .T. ) ;
#2229 = DIRECTION ( 'NONE',  ( 0.000000000000000000, -1.000000000000000000, 0.000000000000000000 ) ) ;
#2230 = CARTESIAN_POINT ( 'NONE',  ( 0.1131889763779527630, -0.05905511811023622659, 0.2263779527559055260 ) ) ;
#2231 = CARTESIAN_POINT ( 'NONE',  ( -0.1082677165354330728, 0.000000000000000000, 0.03149606299212599075 ) ) ;
#2232 = B_SPLINE_CURVE_WITH_KNOTS ( 'NONE', 3,
 ( #8084, #901, #8026, #4410 ),
 .UNSPECIFIED., .F., .F.,
 ( 4, 4 ),
 ( 0.000000000000000000, 1.000000000000000000 ),
 .UNSPECIFIED. ) ;
#2233 = ADVANCED_FACE ( 'NONE', ( #11437 ), #7941, .F. ) ;
#2234 = LINE ( 'NONE', #8422, #2048 ) ;
#2235 = VECTOR ( 'NONE', #463, 39.37007874015748143 ) ;
#2236 = VERTEX_POINT ( 'NONE', #6131 ) ;
#2237 = VECTOR ( 'NONE', #9811, 39.37007874015748143 ) ;
#2238 = CARTESIAN_POINT ( 'NONE',  ( 0.03149606299212402011, 0.09842519685039370636, 0.08464566929133858497 ) ) ;
#2239 = ORIENTED_EDGE ( 'NONE', *, *, #5967, .T. ) ;
#2240 = ORIENTED_EDGE ( 'NONE', *, *, #8269, .F. ) ;
#2241 = CARTESIAN_POINT ( 'NONE',  ( 0.1181102362204724671, -0.05905511811023623353, 0.3129921259842520231 ) ) ;
#2242 = AXIS2_PLACEMENT_3D ( 'NONE', #11058, #3006, #6627 ) ;
#2243 = DIRECTION ( 'NONE',  ( 0.000000000000000000, 0.000000000000000000, 1.000000000000000000 ) ) ;
#2244 = EDGE_CURVE ( 'NONE', #4854, #10959, #9267, .T. ) ;
#2245 = CIRCLE ( 'NONE', #11370, 0.06102362204724411099 ) ;
#2246 = ORIENTED_EDGE ( 'NONE', *, *, #5491, .F. ) ;
#2247 = CARTESIAN_POINT ( 'NONE',  ( -0.1293882843598818944, -0.09842519685039370636, 0.2164279190586220203 ) ) ;
#2248 = CARTESIAN_POINT ( 'NONE',  ( 0.1250000000000000000, -0.01968503937007873988, 0.08661417322834646937 ) ) ;
#2249 = CARTESIAN_POINT ( 'NONE',  ( -0.02783537349091553398, 0.09586120149841609317, 0.03282807537241259205 ) ) ;
#2250 = CARTESIAN_POINT ( 'NONE',  ( -0.03149606299212642790, 0.06348234447479129960, 0.03149606299211812205 ) ) ;
#2251 = CIRCLE ( 'NONE', #576, 0.003856965870551185352 ) ;
#2252 = VECTOR ( 'NONE', #11197, 39.37007874015748143 ) ;
#2253 = ORIENTED_EDGE ( 'NONE', *, *, #5853, .F. ) ;
#2254 = CARTESIAN_POINT ( 'NONE',  ( 0.05748031496062992046, 0.09153543307086615954, 0.3543307086614174151 ) ) ;
#2255 = ORIENTED_EDGE ( 'NONE', *, *, #8743, .T. ) ;
#2256 = EDGE_LOOP ( 'NONE', ( #3991, #1188, #5104, #10261 ) ) ;
#2257 = EDGE_CURVE ( 'NONE', #9926, #2118, #2463, .T. ) ;
#2258 = EDGE_CURVE ( 'NONE', #9286, #1409, #8196, .T. ) ;
#2259 = AXIS2_PLACEMENT_3D ( 'NONE', #4685, #8140, #2892 ) ;
#2260 = CYLINDRICAL_SURFACE ( 'NONE', #1401, 0.003856965870551185352 ) ;
#2261 = VECTOR ( 'NONE', #7917, 39.37007874015748143 ) ;
#2262 = CARTESIAN_POINT ( 'NONE',  ( -0.03619805299019207556, 0.09842519685207400115, 0.02952942978794356743 ) ) ;
#2263 = LINE ( 'NONE', #1264, #10791 ) ;
#2264 = LINE ( 'NONE', #9198, #7102 ) ;
#2265 = FACE_OUTER_BOUND ( 'NONE', #9018, .T. ) ;
#2266 = DIRECTION ( 'NONE',  ( 0.000000000000000000, -1.000000000000000000, 0.000000000000000000 ) ) ;
#2267 = DIRECTION ( 'NONE',  ( 0.000000000000000000, 0.000000000000000000, 1.000000000000000000 ) ) ;
#2268 = EDGE_LOOP ( 'NONE', ( #7024, #7100, #1079, #3521 ) ) ;
#2269 = ORIENTED_EDGE ( 'NONE', *, *, #7243, .F. ) ;
#2270 = DIRECTION ( 'NONE',  ( 1.000000000000000000, 0.000000000000000000, 0.000000000000000000 ) ) ;
#2271 = ORIENTED_EDGE ( 'NONE', *, *, #9500, .F. ) ;
#2272 = VECTOR ( 'NONE', #9, 39.37007874015748143 ) ;
#2273 = VERTEX_POINT ( 'NONE', #10820 ) ;
#2274 = ORIENTED_EDGE ( 'NONE', *, *, #155, .T. ) ;
#2275 = ORIENTED_EDGE ( 'NONE', *, *, #6522, .F. ) ;
#2276 = DIRECTION ( 'NONE',  ( 0.000000000000000000, 0.000000000000000000, 1.000000000000000000 ) ) ;
#2277 = DIRECTION ( 'NONE',  ( 0.000000000000000000, 0.000000000000000000, 1.000000000000000000 ) ) ;
#2278 = EDGE_CURVE ( 'NONE', #6914, #3643, #3655, .T. ) ;
#2279 = DIRECTION ( 'NONE',  ( 0.000000000000000000, 0.000000000000000000, 1.000000000000000000 ) ) ;
#2280 = CARTESIAN_POINT ( 'NONE',  ( 0.1250000000000000000, -0.01968503937007873988, 0.2125984251968504046 ) ) ;
#2281 = DIRECTION ( 'NONE',  ( 0.000000000000000000, -0.7318680983772274384, 0.6814463196596639571 ) ) ;
#2282 = VECTOR ( 'NONE', #6857, 39.37007874015748143 ) ;
#2283 = CARTESIAN_POINT ( 'NONE',  ( -0.02559055104932049865, 0.08887361715946683061, 0.04527559058893775717 ) ) ;
#2284 = CARTESIAN_POINT ( 'NONE',  ( -0.1181102362204724948, 0.08472916391002806302, 0.3838582677165355284 ) ) ;
#2285 = VERTEX_POINT ( 'NONE', #33 ) ;
#2286 = CARTESIAN_POINT ( 'NONE',  ( 0.000000000000000000, 0.000000000000000000, 0.4133858267716535861 ) ) ;
#2287 = ORIENTED_EDGE ( 'NONE', *, *, #1970, .F. ) ;
#2288 = VECTOR ( 'NONE', #5523, 39.37007874015748143 ) ;
#2289 = CARTESIAN_POINT ( 'NONE',  ( 0.1238066421755118218, -0.07874015748031495954, 0.3129921259842520231 ) ) ;
#2290 = ADVANCED_FACE ( 'NONE', ( #1503 ), #4673, .F. ) ;
#2291 = LINE ( 'NONE', #9105, #8475 ) ;
#2292 = CARTESIAN_POINT ( 'NONE',  ( 0.1428063554291182646, -0.09842519685039370636, 0.2094395362842935426 ) ) ;
#2293 = CARTESIAN_POINT ( 'NONE',  ( -0.04148596327578740056, 0.09842519685039370636, 0.04527559055118110520 ) ) ;
#2294 = CARTESIAN_POINT ( 'NONE',  ( -0.03064530696324274314, 0.08822789981662315650, 0.3368446957463930302 ) ) ;
#2295 = DIRECTION ( 'NONE',  ( 0.000000000000000000, 0.000000000000000000, -1.000000000000000000 ) ) ;
#2296 = VECTOR ( 'NONE', #268, 39.37007874015748143 ) ;
#2297 = ORIENTED_EDGE ( 'NONE', *, *, #3122, .T. ) ;
#2298 = CARTESIAN_POINT ( 'NONE',  ( 0.02921206704379958677, 0.09798198039508809742, 0.3383175062436497016 ) ) ;
#2299 = EDGE_CURVE ( 'NONE', #1653, #1596, #4790, .T. ) ;
#2300 = ORIENTED_EDGE ( 'NONE', *, *, #8164, .T. ) ;
#2301 = ORIENTED_EDGE ( 'NONE', *, *, #10658, .F. ) ;
#2302 = CARTESIAN_POINT ( 'NONE',  ( -0.1105824670671383264, 0.09672798273401285452, 0.2854330708661417804 ) ) ;
#2303 = EDGE_CURVE ( 'NONE', #741, #5989, #1937, .T. ) ;
#2304 = DIRECTION ( 'NONE',  ( -1.000000000000000000, 0.000000000000000000, 0.000000000000000000 ) ) ;
#2305 = ORIENTED_EDGE ( 'NONE', *, *, #3253, .T. ) ;
#2306 = LINE ( 'NONE', #558, #10130 ) ;
#2307 = PLANE ( 'NONE',  #5024 ) ;
#2308 = CARTESIAN_POINT ( 'NONE',  ( -0.1082677165354330728, -0.08070866141732283006, 0.1771653543307087075 ) ) ;
#2309 = CARTESIAN_POINT ( 'NONE',  ( -0.09055118110236200224, 0.08858267716535435377, 0.1574803149606295305 ) ) ;
#2310 = VECTOR ( 'NONE', #6770, 39.37007874015748143 ) ;
#2311 = ADVANCED_FACE ( 'NONE', ( #914 ), #6461, .F. ) ;
#2312 = ORIENTED_EDGE ( 'NONE', *, *, #6552, .T. ) ;
#2313 = ORIENTED_EDGE ( 'NONE', *, *, #1848, .F. ) ;
#2314 = CARTESIAN_POINT ( 'NONE',  ( 0.02856412822471993129, 0.09789264552988914680, 0.1618167270836977367 ) ) ;
#2315 = EDGE_LOOP ( 'NONE', ( #3616, #5116, #921, #9282 ) ) ;
#2316 = ORIENTED_EDGE ( 'NONE', *, *, #11272, .T. ) ;
#2317 = VECTOR ( 'NONE', #6258, 39.37007874015748143 ) ;
#2318 = VECTOR ( 'NONE', #9407, 39.37007874015748143 ) ;
#2319 = CARTESIAN_POINT ( 'NONE',  ( -0.1082677165354330728, 0.05905511811023622659, 0.3307086614173229133 ) ) ;
#2320 = PLANE ( 'NONE',  #3637 ) ;
#2321 = DIRECTION ( 'NONE',  ( -1.000000000000000000, 0.000000000000000000, 0.000000000000000000 ) ) ;
#2322 = CARTESIAN_POINT ( 'NONE',  ( 0.1428063554290551207, -0.08858267716537310266, 0.1841537371050787353 ) ) ;
#2323 = COORDINATED_UNIVERSAL_TIME_OFFSET ( 0, 0, .AHEAD. ) ;
#2324 = CARTESIAN_POINT ( 'NONE',  ( -0.1082677165354330728, 0.000000000000000000, 0.05314960629921260116 ) ) ;
#2325 = PLANE ( 'NONE',  #7119 ) ;
#2326 = VERTEX_POINT ( 'NONE', #10723 ) ;
#2327 = EDGE_CURVE ( 'NONE', #6211, #581, #8098, .T. ) ;
#2328 = VERTEX_POINT ( 'NONE', #1839 ) ;
#2329 = DIRECTION ( 'NONE',  ( 1.000000000000000000, 0.000000000000000000, 0.000000000000000000 ) ) ;
#2330 = ADVANCED_FACE ( 'NONE', ( #1144 ), #1032, .F. ) ;
#2331 = AXIS2_PLACEMENT_3D ( 'NONE', #11373, #3444, #10559 ) ;
#2332 = ORIENTED_EDGE ( 'NONE', *, *, #10734, .T. ) ;
#2333 = VECTOR ( 'NONE', #1897, 39.37007874015748143 ) ;
#2334 = ORIENTED_EDGE ( 'NONE', *, *, #992, .F. ) ;
#2335 = ORIENTED_EDGE ( 'NONE', *, *, #10310, .T. ) ;
#2336 = VERTEX_POINT ( 'NONE', #8150 ) ;
#2337 = CARTESIAN_POINT ( 'NONE',  ( -0.1417322834645669549, -0.01968503937007873988, 0.07086614173228347746 ) ) ;
#2338 = DIRECTION ( 'NONE',  ( 0.000000000000000000, -1.000000000000000000, 0.000000000000000000 ) ) ;
#2339 = FACE_OUTER_BOUND ( 'NONE', #9061, .T. ) ;
#2340 = CIRCLE ( 'NONE', #4198, 0.01771653543307086243 ) ;
#2341 = CARTESIAN_POINT ( 'NONE',  ( 1.325897125061109822E-18, -0.1141732283464566844, 0.3129921259842520787 ) ) ;
#2342 = DIRECTION ( 'NONE',  ( 0.000000000000000000, -1.000000000000000000, 0.000000000000000000 ) ) ;
#2343 = VECTOR ( 'NONE', #3200, 39.37007874015748143 ) ;
#2344 = CARTESIAN_POINT ( 'NONE',  ( 0.000000000000000000, 0.06721587900129921689, 0.3698066959289764144 ) ) ;
#2345 = DIRECTION ( 'NONE',  ( -0.5599433005138769737, 0.000000000000000000, 0.8285309289396661780 ) ) ;
#2346 = EDGE_LOOP ( 'NONE', ( #857, #9371, #2808, #10775 ) ) ;
#2347 = EDGE_CURVE ( 'NONE', #10872, #1719, #7331, .T. ) ;
#2348 = ORIENTED_EDGE ( 'NONE', *, *, #2544, .T. ) ;
#2349 = CARTESIAN_POINT ( 'NONE',  ( -0.1181102362204724532, 0.0009842519685039369942, 0.3346456692913385988 ) ) ;
#2350 = AXIS2_PLACEMENT_3D ( 'NONE', #2377, #7687, #10249 ) ;
#2351 = ORIENTED_EDGE ( 'NONE', *, *, #3427, .T. ) ;
#2352 = LINE ( 'NONE', #8595, #10685 ) ;
#2353 = DIRECTION ( 'NONE',  ( 1.000000000000000000, 0.000000000000000000, 0.000000000000000000 ) ) ;
#2354 = DIRECTION ( 'NONE',  ( 1.000000000000000000, 0.000000000000000000, 0.000000000000000000 ) ) ;
#2355 = CARTESIAN_POINT ( 'NONE',  ( -0.05682104683267307638, 0.09842519685039370636, 0.1676771468440589608 ) ) ;
#2356 = LINE ( 'NONE', #319, #2723 ) ;
#2357 = VECTOR ( 'NONE', #7354, 39.37007874015748143 ) ;
#2358 = DIRECTION ( 'NONE',  ( 0.000000000000000000, 0.000000000000000000, -1.000000000000000000 ) ) ;
#2359 = ORIENTED_EDGE ( 'NONE', *, *, #8198, .F. ) ;
#2360 = EDGE_CURVE ( 'NONE', #3966, #9768, #10894, .T. ) ;
#2361 = CARTESIAN_POINT ( 'NONE',  ( 0.09020818297157480459, -0.03937007874015747977, 0.2214566929133858220 ) ) ;
#2362 = EDGE_LOOP ( 'NONE', ( #7430, #7741, #8463, #10127 ) ) ;
#2363 = LINE ( 'NONE', #3409, #6026 ) ;
#2364 = CARTESIAN_POINT ( 'NONE',  ( 0.1181102362204724532, -0.08267716535433072833, 0.05118110236220473758 ) ) ;
#2365 = ORIENTED_EDGE ( 'NONE', *, *, #4395, .T. ) ;
#2366 = ADVANCED_FACE ( 'NONE', ( #2733 ), #7272, .T. ) ;
#2367 = DIRECTION ( 'NONE',  ( 0.000000000000000000, 0.000000000000000000, -1.000000000000000000 ) ) ;
#2368 = PLANE ( 'NONE',  #232 ) ;
#2369 = EDGE_CURVE ( 'NONE', #740, #1109, #7472, .T. ) ;
#2370 = CARTESIAN_POINT ( 'NONE',  ( 0.1082677165354330728, -0.06692913385828090644, 0.2165354330708661457 ) ) ;
#2371 = DIRECTION ( 'NONE',  ( 0.000000000000000000, 1.000000000000000000, 0.000000000000000000 ) ) ;
#2372 = ORIENTED_EDGE ( 'NONE', *, *, #1942, .F. ) ;
#2373 = EDGE_LOOP ( 'NONE', ( #2180, #2698, #1372, #565 ) ) ;
#2374 = ORIENTED_EDGE ( 'NONE', *, *, #5884, .T. ) ;
#2375 = DIRECTION ( 'NONE',  ( -1.000000000000000000, 0.000000000000000000, 0.000000000000000000 ) ) ;
#2376 = ADVANCED_FACE ( 'NONE', ( #9959 ), #971, .T. ) ;
#2377 = CARTESIAN_POINT ( 'NONE',  ( 0.000000000000000000, 0.000000000000000000, -0.09842519685254211281 ) ) ;
#2378 = CARTESIAN_POINT ( 'NONE',  ( 0.000000000000000000, 0.08464566929133858497, 0.1820866141732283561 ) ) ;
#2379 = CYLINDRICAL_SURFACE ( 'NONE', #10473, 0.007874015748031499423 ) ;
#2380 = COORDINATED_UNIVERSAL_TIME_OFFSET ( 0, 0, .AHEAD. ) ;
#2381 = AXIS2_PLACEMENT_3D ( 'NONE', #10968, #6538, #4773 ) ;
#2382 = DIRECTION ( 'NONE',  ( 0.000000000000000000, 1.000000000000000000, 0.000000000000000000 ) ) ;
#2383 = DIRECTION ( 'NONE',  ( 0.000000000000000000, 1.000000000000000000, 0.000000000000000000 ) ) ;
#2384 = ADVANCED_FACE ( 'NONE', ( #9794 ), #1962, .T. ) ;
#2385 = ORIENTED_EDGE ( 'NONE', *, *, #5915, .F. ) ;
#2386 = ORIENTED_EDGE ( 'NONE', *, *, #2092, .F. ) ;
#2387 = DIRECTION ( 'NONE',  ( 0.000000000000000000, 1.000000000000000000, 0.000000000000000000 ) ) ;
#2388 = VERTEX_POINT ( 'NONE', #1084 ) ;
#2389 = PERSON ( 'UNSPECIFIED', 'UNSPECIFIED', 'UNSPECIFIED', ('UNSPECIFIED'), ('UNSPECIFIED'), ('UNSPECIFIED') ) ;
#2390 = ORIENTED_EDGE ( 'NONE', *, *, #4231, .T. ) ;
#2391 = ORIENTED_EDGE ( 'NONE', *, *, #1875, .F. ) ;
#2392 = ORIENTED_EDGE ( 'NONE', *, *, #9081, .F. ) ;
#2393 = CARTESIAN_POINT ( 'NONE',  ( -0.1082677165354331006, -0.01968503937007873988, 0.2125984251968503769 ) ) ;
#2394 = CARTESIAN_POINT ( 'NONE',  ( -0.1422251440816929002, -0.08858267716535435377, 0.3223955678324803564 ) ) ;
#2395 = DIRECTION ( 'NONE',  ( -1.000000000000000000, 0.000000000000000000, 0.000000000000000000 ) ) ;
#2396 = ADVANCED_FACE ( 'NONE', ( #5402 ), #6347, .T. ) ;
#2397 = ADVANCED_FACE ( 'NONE', ( #8208 ), #10666, .F. ) ;
#2398 = CARTESIAN_POINT ( 'NONE',  ( 0.03236384272051182759, 0.08916405264448824808, 0.02908583963300393968 ) ) ;
#2399 = FACE_OUTER_BOUND ( 'NONE', #6950, .T. ) ;
#2400 = CARTESIAN_POINT ( 'NONE',  ( -0.03235539101012598756, 0.08915235134192915634, 0.02909074513606692974 ) ) ;
#2401 = CARTESIAN_POINT ( 'NONE',  ( 0.1422251440814960577, -0.09842519685039370636, 0.3468957707500787691 ) ) ;
#2402 = DIRECTION ( 'NONE',  ( 0.000000000000000000, -1.000000000000000000, 0.000000000000000000 ) ) ;
#2403 = ORIENTED_EDGE ( 'NONE', *, *, #597, .F. ) ;
#2404 = EDGE_LOOP ( 'NONE', ( #7340, #8575, #1526, #2559, #5025, #3304 ) ) ;
#2405 = CARTESIAN_POINT ( 'NONE',  ( -0.03149606299212598381, 0.09842519685039370636, 0.1200787401574803098 ) ) ;
#2406 = ORIENTED_EDGE ( 'NONE', *, *, #10762, .T. ) ;
#2407 = CARTESIAN_POINT ( 'NONE',  ( -0.1417322834645669549, -0.01968503937007873988, 0.3346456692913385988 ) ) ;
#2408 = CARTESIAN_POINT ( 'NONE',  ( -0.1417322834645669549, -0.004724409448818892368, 0.05432866131531496889 ) ) ;
#2409 = EDGE_CURVE ( 'NONE', #686, #3540, #228, .T. ) ;
#2410 = CARTESIAN_POINT ( 'NONE',  ( 0.1244494698206299321, -0.08858267716535435377, 0.09055118110236221041 ) ) ;
#2411 = CARTESIAN_POINT ( 'NONE',  ( 0.1244670245173621903, -0.08858267716535435377, 0.1771653543307087075 ) ) ;
#2412 = CARTESIAN_POINT ( 'NONE',  ( 0.02559055118110236879, 0.07756799344537056162, 0.3540708423138649863 ) ) ;
#2413 = DIRECTION ( 'NONE',  ( 0.000000000000000000, 0.000000000000000000, 1.000000000000000000 ) ) ;
#2414 = ORIENTED_EDGE ( 'NONE', *, *, #2576, .T. ) ;
#2415 = LINE ( 'NONE', #8544, #3896 ) ;
#2416 = VECTOR ( 'NONE', #4392, 39.37007874015748854 ) ;
#2417 = ORIENTED_EDGE ( 'NONE', *, *, #9530, .T. ) ;
#2418 = ORIENTED_EDGE ( 'NONE', *, *, #11489, .F. ) ;
#2419 = DIRECTION ( 'NONE',  ( 0.000000000000000000, 1.000000000000000000, 0.000000000000000000 ) ) ;
#2420 = CARTESIAN_POINT ( 'NONE',  ( 0.03725727987919009998, 0.08862280481226773865, 0.02992731682607866275 ) ) ;
#2421 = EDGE_CURVE ( 'NONE', #4405, #89, #1796, .T. ) ;
#2422 = ORIENTED_EDGE ( 'NONE', *, *, #1546, .T. ) ;
#2423 = AXIS2_PLACEMENT_3D ( 'NONE', #3210, #5828, #10380 ) ;
#2424 = LINE ( 'NONE', #10360, #7260 ) ;
#2425 = CARTESIAN_POINT ( 'NONE',  ( -0.1082677165354330728, -0.06889763779527559306, 0.02952755905511811330 ) ) ;
#2426 = ORIENTED_EDGE ( 'NONE', *, *, #9313, .T. ) ;
#2427 = VECTOR ( 'NONE', #4117, 39.37007874015748143 ) ;
#2428 = EDGE_CURVE ( 'NONE', #11332, #11083, #66, .T. ) ;
#2429 = AXIS2_PLACEMENT_3D ( 'NONE', #4592, #132, #10779 ) ;
#2430 = VERTEX_POINT ( 'NONE', #8972 ) ;
#2431 = VERTEX_POINT ( 'NONE', #4529 ) ;
#2432 = EDGE_CURVE ( 'NONE', #9727, #10956, #1381, .T. ) ;
#2433 = EDGE_LOOP ( 'NONE', ( #2586, #2203, #9102, #3629 ) ) ;
#2434 = CARTESIAN_POINT ( 'NONE',  ( -0.1131889763779527630, 0.01771653543307086937, 0.05314960629921260116 ) ) ;
#2435 = LINE ( 'NONE', #1553, #5887 ) ;
#2436 = LINE ( 'NONE', #5938, #6357 ) ;
#2437 = CARTESIAN_POINT ( 'NONE',  ( -0.1082677165354330728, 0.03937007874015747977, 0.2263779527559055260 ) ) ;
#2438 = AXIS2_PLACEMENT_3D ( 'NONE', #84, #1812, #10739 ) ;
#2439 = VECTOR ( 'NONE', #6069, 39.37007874015748143 ) ;
#2440 = APPROVAL_STATUS ( 'not_yet_approved' ) ;
#2441 = CARTESIAN_POINT ( 'NONE',  ( 0.1352403336801180911, -0.08858267716535435377, 0.3346456692913385988 ) ) ;
#2442 = ORIENTED_EDGE ( 'NONE', *, *, #10144, .F. ) ;
#2443 = ORIENTED_EDGE ( 'NONE', *, *, #5042, .T. ) ;
#2444 = DIRECTION ( 'NONE',  ( 0.000000000000000000, 0.000000000000000000, 1.000000000000000000 ) ) ;
#2445 = VERTEX_POINT ( 'NONE', #6758 ) ;
#2446 = EDGE_CURVE ( 'NONE', #4732, #5031, #1296, .T. ) ;
#2447 = ORIENTED_EDGE ( 'NONE', *, *, #9452, .T. ) ;
#2448 = ORIENTED_EDGE ( 'NONE', *, *, #5915, .T. ) ;
#2449 = VECTOR ( 'NONE', #10912, 39.37007874015748143 ) ;
#2450 = CARTESIAN_POINT ( 'NONE',  ( 0.1131889763779527630, 0.05905511811023622659, 0.08858267716535435377 ) ) ;
#2451 = VECTOR ( 'NONE', #6719, 39.37007874015748143 ) ;
#2452 = CARTESIAN_POINT ( 'NONE',  ( -0.03149606299212598381, 0.08095377066255905751, 0.1102362204724409434 ) ) ;
#2453 = CARTESIAN_POINT ( 'NONE',  ( 0.06318897637795276023, 0.08464566929133858497, 0.2106299212598425064 ) ) ;
#2454 = CARTESIAN_POINT ( 'NONE',  ( 0.03596907287124410935, 0.09650884450842525664, 0.02728522321053544752 ) ) ;
#2455 = LINE ( 'NONE', #761, #5105 ) ;
#2456 = CARTESIAN_POINT ( 'NONE',  ( -0.02555909093197638454, 0.09016595151574803568, 0.04459661599956692840 ) ) ;
#2457 = DIRECTION ( 'NONE',  ( 1.000000000000000000, 0.000000000000000000, 0.000000000000000000 ) ) ;
#2458 = DIRECTION ( 'NONE',  ( 0.000000000000000000, -1.000000000000000000, 0.000000000000000000 ) ) ;
#2459 = VECTOR ( 'NONE', #8451, 39.37007874015748143 ) ;
#2460 = ORIENTED_EDGE ( 'NONE', *, *, #9793, .T. ) ;
#2461 = ORIENTED_EDGE ( 'NONE', *, *, #1099, .T. ) ;
#2462 = EDGE_CURVE ( 'NONE', #8543, #2536, #11183, .T. ) ;
#2463 = LINE ( 'NONE', #1523, #8377 ) ;
#2464 = CARTESIAN_POINT ( 'NONE',  ( 0.04148596327578740056, 0.09888014426657480704, 0.04527559055118110520 ) ) ;
#2465 = ORIENTED_EDGE ( 'NONE', *, *, #6847, .T. ) ;
#2466 = DIRECTION ( 'NONE',  ( -0.000000000000000000, -0.000000000000000000, -1.000000000000000000 ) ) ;
#2467 = VECTOR ( 'NONE', #1784, 39.37007874015748143 ) ;
#2468 = CARTESIAN_POINT ( 'NONE',  ( 0.09055118110236221041, 0.09842519685039370636, 0.000000000000000000 ) ) ;
#2469 = DIRECTION ( 'NONE',  ( -1.000000000000000000, 0.000000000000000000, 0.000000000000000000 ) ) ;
#2470 = PLANE ( 'NONE',  #9126 ) ;
#2471 = CARTESIAN_POINT ( 'NONE',  ( 0.1393455678156299282, -0.08858267716535435377, 0.3562992125984252301 ) ) ;
#2472 = FACE_OUTER_BOUND ( 'NONE', #2668, .T. ) ;
#2473 = ORIENTED_EDGE ( 'NONE', *, *, #4522, .F. ) ;
#2474 = DIRECTION ( 'NONE',  ( 0.000000000000000000, 0.000000000000000000, -1.000000000000000000 ) ) ;
#2475 = VECTOR ( 'NONE', #4877, 39.37007874015748143 ) ;
#2476 = ADVANCED_FACE ( 'NONE', ( #11126 ), #3021, .T. ) ;
#2477 = EDGE_CURVE ( 'NONE', #542, #6662, #3746, .T. ) ;
#2478 = ORIENTED_EDGE ( 'NONE', *, *, #3478, .F. ) ;
#2479 = ORIENTED_EDGE ( 'NONE', *, *, #6509, .F. ) ;
#2480 = CARTESIAN_POINT ( 'NONE',  ( -0.02558283220313263898, 0.08314926127263774780, 0.3484251968503936370 ) ) ;
#2481 = DIRECTION ( 'NONE',  ( 0.000000000000000000, 1.000000000000000000, 0.000000000000000000 ) ) ;
#2482 = EDGE_LOOP ( 'NONE', ( #6674, #165, #3214, #955 ) ) ;
#2483 = AXIS2_PLACEMENT_3D ( 'NONE', #2000, #5555, #3934 ) ;
#2484 = DIRECTION ( 'NONE',  ( 0.000000000000000000, -1.000000000000000000, 0.000000000000000000 ) ) ;
#2485 = DIRECTION ( 'NONE',  ( 1.000000000000000000, 0.000000000000000000, 0.000000000000000000 ) ) ;
#2486 = B_SPLINE_CURVE_WITH_KNOTS ( 'NONE', 3,
 ( #1348, #10099, #5726, #1233, #4779, #255 ),
 .UNSPECIFIED., .F., .F.,
 ( 4, 2, 4 ),
 ( 0.000000000000000000, 0.5000000000000000000, 1.000000000000000000 ),
 .UNSPECIFIED. ) ;
#2487 = EDGE_CURVE ( 'NONE', #7990, #4791, #3085, .T. ) ;
#2488 = ORIENTED_EDGE ( 'NONE', *, *, #8510, .F. ) ;
#2489 = VECTOR ( 'NONE', #5079, 39.37007874015748143 ) ;
#2490 = VERTEX_POINT ( 'NONE', #4873 ) ;
#2491 = ORIENTED_EDGE ( 'NONE', *, *, #9720, .F. ) ;
#2492 = ORIENTED_EDGE ( 'NONE', *, *, #9401, .F. ) ;
#2493 = DIRECTION ( 'NONE',  ( 0.000000000000000000, 0.000000000000000000, -1.000000000000000000 ) ) ;
#2494 = CARTESIAN_POINT ( 'NONE',  ( -0.1181102362204724532, 0.08267716535433072833, 0.2854330708661417804 ) ) ;
#2495 = DIRECTION ( 'NONE',  ( 1.000000000000000000, 0.000000000000000000, 0.000000000000000000 ) ) ;
#2496 = VECTOR ( 'NONE', #11458, 39.37007874015748143 ) ;
#2497 = CARTESIAN_POINT ( 'NONE',  ( 0.09053549682504052898, 0.002073032543609938574, -0.09842519294941597108 ) ) ;
#2498 = PERSON_AND_ORGANIZATION ( #2389, #10845 ) ;
#2499 = DIRECTION ( 'NONE',  ( 0.000000000000000000, -0.9537015367441439295, 0.3007546821112823121 ) ) ;
#2500 = ORIENTED_EDGE ( 'NONE', *, *, #7193, .T. ) ;
#2501 = VERTEX_POINT ( 'NONE', #2142 ) ;
#2502 = CARTESIAN_POINT ( 'NONE',  ( -0.07293825113964241824, 0.08858267716535435377, 0.1240157480314977717 ) ) ;
#2503 = EDGE_CURVE ( 'NONE', #223, #554, #404, .T. ) ;
#2504 = ORIENTED_EDGE ( 'NONE', *, *, #621, .F. ) ;
#2505 = VERTEX_POINT ( 'NONE', #7510 ) ;
#2506 = CIRCLE ( 'NONE', #9398, 0.007874015748031482076 ) ;
#2507 = ORIENTED_EDGE ( 'NONE', *, *, #6952, .T. ) ;
#2508 = AXIS2_PLACEMENT_3D ( 'NONE', #5968, #1411, #4965 ) ;
#2509 = LINE ( 'NONE', #7873, #5792 ) ;
#2510 = CARTESIAN_POINT ( 'NONE',  ( 0.1082677165354330728, 0.000000000000000000, 0.08858267716535435377 ) ) ;
#2511 = CARTESIAN_POINT ( 'NONE',  ( 0.1082677165354330728, 0.08464566929133858497, 0.1820866141732283561 ) ) ;
#2512 = CARTESIAN_POINT ( 'NONE',  ( 0.03186362628935827945, 0.08847238680531502308, 0.02937672409850394101 ) ) ;
#2513 = CARTESIAN_POINT ( 'NONE',  ( -0.1259842519685039353, -0.08858267716535435377, 0.1771653543307087075 ) ) ;
#2514 = CARTESIAN_POINT ( 'NONE',  ( -0.04488723819500000517, 0.09922412772279530502, 0.03033443914716141623 ) ) ;
#2515 = EDGE_CURVE ( 'NONE', #6907, #3964, #2263, .T. ) ;
#2516 = DIRECTION ( 'NONE',  ( -1.000000000000000000, 0.000000000000000000, 0.000000000000000000 ) ) ;
#2517 = CIRCLE ( 'NONE', #9774, 0.01771653543307086243 ) ;
#2518 = DIRECTION ( 'NONE',  ( 0.000000000000000000, -1.000000000000000000, 0.000000000000000000 ) ) ;
#2519 = VECTOR ( 'NONE', #7104, 39.37007874015748143 ) ;
#2520 = ORIENTED_EDGE ( 'NONE', *, *, #3941, .F. ) ;
#2521 = EDGE_CURVE ( 'NONE', #11021, #7475, #1437, .T. ) ;
#2522 = ORIENTED_EDGE ( 'NONE', *, *, #1955, .F. ) ;
#2523 = CARTESIAN_POINT ( 'NONE',  ( -0.1082677165354331006, 0.09842519685039370636, 0.000000000000000000 ) ) ;
#2524 = ORIENTED_EDGE ( 'NONE', *, *, #1261, .F. ) ;
#2525 = CARTESIAN_POINT ( 'NONE',  ( -0.1078127691192519721, -0.05118110236220473758, 0.1102362204724409572 ) ) ;
#2526 = ORIENTED_EDGE ( 'NONE', *, *, #2421, .T. ) ;
#2527 = VECTOR ( 'NONE', #3971, 39.37007874015748143 ) ;
#2528 = VECTOR ( 'NONE', #2660, 39.37007874015748143 ) ;
#2529 = DIRECTION ( 'NONE',  ( -0.000000000000000000, 0.000000000000000000, -1.000000000000000000 ) ) ;
#2530 = CARTESIAN_POINT ( 'NONE',  ( 0.1003937007874015630, 0.08858267716535435377, 0.03149606299212598381 ) ) ;
#2531 = DIRECTION ( 'NONE',  ( 0.000000000000000000, 0.000000000000000000, 1.000000000000000000 ) ) ;
#2532 = CARTESIAN_POINT ( 'NONE',  ( -0.07283464566929134798, 0.08464566929133858497, 0.000000000000000000 ) ) ;
#2533 = EDGE_CURVE ( 'NONE', #11133, #8395, #4813, .T. ) ;
#2534 = CARTESIAN_POINT ( 'NONE',  ( 0.02559055118110236879, 0.08065085847005494524, 0.3516148386962926198 ) ) ;
#2535 = FACE_OUTER_BOUND ( 'NONE', #11311, .T. ) ;
#2536 = VERTEX_POINT ( 'NONE', #3141 ) ;
#2537 = CARTESIAN_POINT ( 'NONE',  ( 0.1003937007874015630, 0.08070866141732283006, 0.1102362204724409434 ) ) ;
#2538 = CIRCLE ( 'NONE', #2350, 0.07873982347860858377 ) ;
#2539 = EDGE_LOOP ( 'NONE', ( #3653, #3378, #2039, #8873 ) ) ;
#2540 = LINE ( 'NONE', #6040, #8250 ) ;
#2541 = CARTESIAN_POINT ( 'NONE',  ( 0.1259842519685039353, -0.09842519685039369248, 0.1771653543307087075 ) ) ;
#2542 = EDGE_LOOP ( 'NONE', ( #2961, #6671, #4704, #278 ) ) ;
#2543 = EDGE_CURVE ( 'NONE', #5889, #6524, #6690, .T. ) ;
#2544 = EDGE_CURVE ( 'NONE', #3672, #10052, #3715, .T. ) ;
#2545 = DIRECTION ( 'NONE',  ( 0.000000000000000000, 0.000000000000000000, 1.000000000000000000 ) ) ;
#2546 = CARTESIAN_POINT ( 'NONE',  ( 0.02559055118110236879, 0.08932856491944882182, 0.04527559055118110520 ) ) ;
#2547 = ORIENTED_EDGE ( 'NONE', *, *, #8670, .F. ) ;
#2548 = EDGE_LOOP ( 'NONE', ( #9853, #9924, #131, #10656 ) ) ;
#2549 = ORIENTED_EDGE ( 'NONE', *, *, #7099, .T. ) ;
#2550 = CARTESIAN_POINT ( 'NONE',  ( -0.02559055118110236879, 0.08246587429720472762, 0.1851137642978346598 ) ) ;
#2551 = EDGE_CURVE ( 'NONE', #4468, #1823, #4937, .T. ) ;
#2552 = DIRECTION ( 'NONE',  ( 0.000000000000000000, 0.000000000000000000, 1.000000000000000000 ) ) ;
#2553 = CARTESIAN_POINT ( 'NONE',  ( -0.1422251440816929002, -0.09842519685039370636, 0.3223955678324803564 ) ) ;
#2554 = DIRECTION ( 'NONE',  ( 0.000000000000000000, 1.000000000000000000, 0.000000000000000000 ) ) ;
#2555 =( NAMED_UNIT ( * ) PLANE_ANGLE_UNIT ( ) SI_UNIT ( $, .RADIAN. ) );
#2556 = LINE ( 'NONE', #3429, #5408 ) ;
#2557 = ORIENTED_EDGE ( 'NONE', *, *, #7760, .T. ) ;
#2558 = FACE_OUTER_BOUND ( 'NONE', #11305, .T. ) ;
#2559 = ORIENTED_EDGE ( 'NONE', *, *, #9279, .T. ) ;
#2560 = ORIENTED_EDGE ( 'NONE', *, *, #9300, .T. ) ;
#2561 = DIRECTION ( 'NONE',  ( -0.4516689612929381537, 0.000000000000000000, 0.8921856025539519619 ) ) ;
#2562 = CARTESIAN_POINT ( 'NONE',  ( -0.1259842519685039353, -0.08858267716535435377, 0.09055118110236221041 ) ) ;
#2563 = B_SPLINE_CURVE_WITH_KNOTS ( 'NONE', 3,
 ( #8730, #4063, #7623, #11177, #2314, #7224, #3453, #14 ),
 .UNSPECIFIED., .F., .F.,
 ( 4, 2, 2, 4 ),
 ( 3.125888552359981194E-17, 0.0001597235092559232811, 0.0003194470185118153372, 0.0006388940370236012925 ),
 .UNSPECIFIED. ) ;
#2564 = DIRECTION ( 'NONE',  ( 0.000000000000000000, 1.000000000000000000, 0.000000000000000000 ) ) ;
#2565 = AXIS2_PLACEMENT_3D ( 'NONE', #10137, #230, #5706 ) ;
#2566 = ADVANCED_FACE ( 'NONE', ( #519 ), #4992, .T. ) ;
#2567 = DIRECTION ( 'NONE',  ( 1.000000000000000000, 0.000000000000000000, 0.000000000000000000 ) ) ;
#2568 = DIRECTION ( 'NONE',  ( 0.000000000000000000, 0.000000000000000000, 1.000000000000000000 ) ) ;
#2569 = LINE ( 'NONE', #6126, #9346 ) ;
#2570 = LINE ( 'NONE', #764, #7597 ) ;
#2571 = FACE_BOUND ( 'NONE', #9119, .T. ) ;
#2572 = ORIENTED_EDGE ( 'NONE', *, *, #5142, .T. ) ;
#2573 = ORIENTED_EDGE ( 'NONE', *, *, #8614, .F. ) ;
#2574 = DIRECTION ( 'NONE',  ( 0.000000000000000000, 0.000000000000000000, 1.000000000000000000 ) ) ;
#2575 = ORIENTED_EDGE ( 'NONE', *, *, #10857, .T. ) ;
#2576 = EDGE_CURVE ( 'NONE', #5894, #6932, #7394, .T. ) ;
#2577 = DIRECTION ( 'NONE',  ( 1.000000000000000000, 0.000000000000000000, 0.000000000000000000 ) ) ;
#2578 = CARTESIAN_POINT ( 'NONE',  ( 0.1313389175166435607, -0.08858267716535435377, 0.06597324254562390855 ) ) ;
#2579 = EDGE_CURVE ( 'NONE', #4680, #4761, #6516, .T. ) ;
#2580 = FACE_OUTER_BOUND ( 'NONE', #2028, .T. ) ;
#2581 = CARTESIAN_POINT ( 'NONE',  ( 0.1082677165354330728, 0.000000000000000000, 0.1771653543307087075 ) ) ;
#2582 = EDGE_CURVE ( 'NONE', #741, #11422, #4756, .T. ) ;
#2583 = CARTESIAN_POINT ( 'NONE',  ( 0.000000000000000000, 0.09842519685039370636, 0.2362204724409449064 ) ) ;
#2584 = LINE ( 'NONE', #9526, #9802 ) ;
#2585 = CYLINDRICAL_SURFACE ( 'NONE', #2438, 0.01574803149606299885 ) ;
#2586 = ORIENTED_EDGE ( 'NONE', *, *, #4759, .F. ) ;
#2587 = CARTESIAN_POINT ( 'NONE',  ( -0.09055115297606301794, -2.378426066473872145E-10, -0.09842519685036860144 ) ) ;
#2588 = ORIENTED_EDGE ( 'NONE', *, *, #8411, .T. ) ;
#2589 = EDGE_CURVE ( 'NONE', #9869, #677, #3891, .T. ) ;
#2590 = FACE_OUTER_BOUND ( 'NONE', #1388, .T. ) ;
#2591 = DIRECTION ( 'NONE',  ( 0.000000000000000000, 0.000000000000000000, 1.000000000000000000 ) ) ;
#2592 = EDGE_LOOP ( 'NONE', ( #6967, #5135 ) ) ;
#2593 = EDGE_CURVE ( 'NONE', #8569, #6481, #4856, .T. ) ;
#2594 = DIRECTION ( 'NONE',  ( -0.9999850114987313132, -1.605215561510380789E-15, 0.005475105285021432747 ) ) ;
#2595 = CARTESIAN_POINT ( 'NONE',  ( 0.02545908716461811605, 0.09556971663377954174, 0.03877733079992914250 ) ) ;
#2596 = VECTOR ( 'NONE', #4168, 39.37007874015748143 ) ;
#2597 = ORIENTED_EDGE ( 'NONE', *, *, #7650, .F. ) ;
#2598 = ORIENTED_EDGE ( 'NONE', *, *, #11499, .F. ) ;
#2599 = ADVANCED_FACE ( 'NONE', ( #6983 ), #9548, .T. ) ;
#2600 = ORIENTED_EDGE ( 'NONE', *, *, #8002, .T. ) ;
#2601 = AXIS2_PLACEMENT_3D ( 'NONE', #8799, #7868, #6064 ) ;
#2602 = EDGE_LOOP ( 'NONE', ( #1284, #569, #3416, #3614, #1941, #11473, #8262, #2426 ) ) ;
#2603 = CARTESIAN_POINT ( 'NONE',  ( -0.1313389175166527201, -0.08858267716535435377, 0.3395385684779934077 ) ) ;
#2604 = DIRECTION ( 'NONE',  ( 1.000000000000000000, 0.000000000000000000, 0.000000000000000000 ) ) ;
#2605 = CARTESIAN_POINT ( 'NONE',  ( -0.02559055118110236879, 0.04886347282282663129, 0.06908076273878797913 ) ) ;
#2606 = CARTESIAN_POINT ( 'NONE',  ( -0.1082677165354330728, 0.09842519685039370636, 0.3858267716535433989 ) ) ;
#2607 = VECTOR ( 'NONE', #5376, 39.37007874015748143 ) ;
#2608 = VECTOR ( 'NONE', #5811, 39.37007874015748143 ) ;
#2609 = ORIENTED_EDGE ( 'NONE', *, *, #9035, .F. ) ;
#2610 = DIRECTION ( 'NONE',  ( 1.000000000000000000, 0.000000000000000000, 0.000000000000000000 ) ) ;
#2611 = ORIENTED_EDGE ( 'NONE', *, *, #11306, .F. ) ;
#2612 = EDGE_CURVE ( 'NONE', #4309, #7475, #10073, .T. ) ;
#2613 = EDGE_CURVE ( 'NONE', #10279, #11251, #7862, .T. ) ;
#2614 = ORIENTED_EDGE ( 'NONE', *, *, #2787, .F. ) ;
#2615 = ORIENTED_EDGE ( 'NONE', *, *, #9657, .T. ) ;
#2616 = CARTESIAN_POINT ( 'NONE',  ( 9.040207670871209492E-18, -0.09842519685039370636, 0.4133858267716535861 ) ) ;
#2617 = CARTESIAN_POINT ( 'NONE',  ( -0.1367820307991732265, -0.09350393700787401619, 0.3260741689685827671 ) ) ;
#2618 = AXIS2_PLACEMENT_3D ( 'NONE', #4602, #8170, #9379 ) ;
#2619 = DIRECTION ( 'NONE',  ( 0.000000000000000000, 1.000000000000000000, 0.000000000000000000 ) ) ;
#2620 = VECTOR ( 'NONE', #10510, 39.37007874015748143 ) ;
#2621 = CARTESIAN_POINT ( 'NONE',  ( 0.08355528609496697123, 0.03561207170511480891, -0.09842518598451226175 ) ) ;
#2622 = DIRECTION ( 'NONE',  ( 0.000000000000000000, 0.000000000000000000, 1.000000000000000000 ) ) ;
#2623 = CARTESIAN_POINT ( 'NONE',  ( 0.09704724409448818589, 0.09842519685039370636, 0.1102362204724409434 ) ) ;
#2624 = CARTESIAN_POINT ( 'NONE',  ( -0.02165833399816503163, -0.09601268649329071370, 0.3402943264894073838 ) ) ;
#2625 = CARTESIAN_POINT ( 'NONE',  ( 0.02559055118110236879, 0.03543307086614305018, 0.2342519685039370358 ) ) ;
#2626 = EDGE_LOOP ( 'NONE', ( #11018, #1361, #5375, #7211, #2600, #11477, #363, #4311, #894, #524, #6635, #6115 ) ) ;
#2627 = VERTEX_POINT ( 'NONE', #574 ) ;
#2628 = VECTOR ( 'NONE', #2071, 39.37007874015748143 ) ;
#2629 = VERTEX_POINT ( 'NONE', #6166 ) ;
#2630 = VECTOR ( 'NONE', #6920, 39.37007874015748143 ) ;
#2631 = EDGE_CURVE ( 'NONE', #10037, #10763, #5998, .T. ) ;
#2632 = ORIENTED_EDGE ( 'NONE', *, *, #1073, .T. ) ;
#2633 = DIRECTION ( 'NONE',  ( 1.000000000000000000, 0.000000000000000000, 0.000000000000000000 ) ) ;
#2634 = CARTESIAN_POINT ( 'NONE',  ( 0.1259842519684842566, -0.09842519685039369248, 0.09055118110236221041 ) ) ;
#2635 = DIRECTION ( 'NONE',  ( -1.000000000000000000, -0.000000000000000000, -0.000000000000000000 ) ) ;
#2636 = LINE ( 'NONE', #6200, #9603 ) ;
#2637 = VECTOR ( 'NONE', #2782, 39.37007874015748143 ) ;
#2638 = CARTESIAN_POINT ( 'NONE',  ( -0.1082677165354330728, 0.000000000000000000, 0.1811023622047244208 ) ) ;
#2639 = DIRECTION ( 'NONE',  ( 0.000000000000000000, 0.000000000000000000, 1.000000000000000000 ) ) ;
#2640 = LINE ( 'NONE', #3569, #4658 ) ;
#2641 = ORIENTED_EDGE ( 'NONE', *, *, #6237, .T. ) ;
#2642 = DIRECTION ( 'NONE',  ( 1.000000000000000000, 0.000000000000000000, 0.000000000000000000 ) ) ;
#2643 = EDGE_CURVE ( 'NONE', #5894, #9387, #5111, .T. ) ;
#2644 = EDGE_LOOP ( 'NONE', ( #10418, #3930 ) ) ;
#2645 = VECTOR ( 'NONE', #9679, 39.37007874015748143 ) ;
#2646 = PLANE ( 'NONE',  #4512 ) ;
#2647 = CARTESIAN_POINT ( 'NONE',  ( 0.1415403842505781884, -0.08858267716535433989, 0.3562992125984252301 ) ) ;
#2648 = ORIENTED_EDGE ( 'NONE', *, *, #8378, .T. ) ;
#2649 = CARTESIAN_POINT ( 'NONE',  ( -0.1131889763779527630, 0.02066929133858268208, 0.3169291338582677642 ) ) ;
#2650 = CARTESIAN_POINT ( 'NONE',  ( 0.02572181542359841880, 0.09976357747362205042, 0.03100258047694487429 ) ) ;
#2651 = VECTOR ( 'NONE', #1603, 39.37007874015748143 ) ;
#2652 = EDGE_CURVE ( 'NONE', #612, #1781, #8736, .T. ) ;
#2653 = VERTEX_POINT ( 'NONE', #6111 ) ;
#2654 = ORIENTED_EDGE ( 'NONE', *, *, #5627, .T. ) ;
#2655 = LINE ( 'NONE', #1777, #39 ) ;
#2656 = LINE ( 'NONE', #6325, #6946 ) ;
#2657 = VERTEX_POINT ( 'NONE', #4243 ) ;
#2658 = AXIS2_PLACEMENT_3D ( 'NONE', #919, #1147, #2906 ) ;
#2659 = VERTEX_POINT ( 'NONE', #9718 ) ;
#2660 = DIRECTION ( 'NONE',  ( -1.000000000000000000, 0.000000000000000000, 0.000000000000000000 ) ) ;
#2661 = CARTESIAN_POINT ( 'NONE',  ( 0.09055118110236230755, 0.09842519685039370636, 0.03149606299212590749 ) ) ;
#2662 = CARTESIAN_POINT ( 'NONE',  ( -0.03916255285195031910, 0.1052004269885361415, 0.02970388327850438659 ) ) ;
#2663 = EDGE_CURVE ( 'NONE', #54, #11238, #9662, .T. ) ;
#2664 = SHAPE_DEFINITION_REPRESENTATION ( #10638, #22 ) ;
#2665 = DIRECTION ( 'NONE',  ( 1.000000000000000000, 0.000000000000000000, 0.000000000000000000 ) ) ;
#2666 = VECTOR ( 'NONE', #4839, 39.37007874015748143 ) ;
#2667 =( BOUNDED_CURVE ( )  B_SPLINE_CURVE ( 3, ( #7206, #3825, #9892, #1018 ),
 .UNSPECIFIED., .F., .F. ) 
 B_SPLINE_CURVE_WITH_KNOTS ( ( 4, 4 ),
 ( 0.000000000000000000, 1.000000000000000000 ),
 .UNSPECIFIED. ) 
 CURVE ( )  GEOMETRIC_REPRESENTATION_ITEM ( )  RATIONAL_B_SPLINE_CURVE ( ( 1.171578803377541611, 0.9846280708629084888, 0.9504522253088225625, 1.069051266715284054 ) ) 
 REPRESENTATION_ITEM ( '' )  );
#2668 = EDGE_LOOP ( 'NONE', ( #8616, #15, #2090, #9361 ) ) ;
#2669 = FACE_OUTER_BOUND ( 'NONE', #1971, .T. ) ;
#2670 = ORIENTED_EDGE ( 'NONE', *, *, #5109, .F. ) ;
#2671 = VERTEX_POINT ( 'NONE', #1664 ) ;
#2672 = DIRECTION ( 'NONE',  ( 0.000000000000000000, 1.000000000000000000, 0.000000000000000000 ) ) ;
#2673 = AXIS2_PLACEMENT_3D ( 'NONE', #8819, #10677, #5253 ) ;
#2674 = DIRECTION ( 'NONE',  ( 0.000000000000000000, -1.000000000000000000, 0.000000000000000000 ) ) ;
#2675 = CARTESIAN_POINT ( 'NONE',  ( 0.06252330018911193832, 0.09842519685039370636, 0.3555182651917877523 ) ) ;
#2676 = LINE ( 'NONE', #5241, #4543 ) ;
#2677 = DIRECTION ( 'NONE',  ( 0.000000000000000000, 0.000000000000000000, -1.000000000000000000 ) ) ;
#2678 = CARTESIAN_POINT ( 'NONE',  ( -0.1082677165354330728, -0.05905511811023622659, 0.09842519685039370636 ) ) ;
#2679 = ADVANCED_FACE ( 'NONE', ( #3484 ), #10426, .T. ) ;
#2680 = LINE ( 'NONE', #8974, #11323 ) ;
#2681 = EDGE_CURVE ( 'NONE', #8705, #7459, #800, .T. ) ;
#2682 = CARTESIAN_POINT ( 'NONE',  ( 0.1082677165354330728, 0.000000000000000000, 0.2263779527559055260 ) ) ;
#2683 = ORIENTED_EDGE ( 'NONE', *, *, #4423, .F. ) ;
#2684 = DIRECTION ( 'NONE',  ( 1.000000000000000000, 0.000000000000000000, 0.000000000000000000 ) ) ;
#2685 = EDGE_LOOP ( 'NONE', ( #11051, #4263, #5871, #7043 ) ) ;
#2686 = DIRECTION ( 'NONE',  ( 1.000000000000000000, 0.000000000000000000, 0.000000000000000000 ) ) ;
#2687 = EDGE_LOOP ( 'NONE', ( #9910, #8458, #2670, #8545 ) ) ;
#2688 = DIRECTION ( 'NONE',  ( 0.000000000000000000, 0.000000000000000000, 1.000000000000000000 ) ) ;
#2689 = CARTESIAN_POINT ( 'NONE',  ( -0.1181102362204724532, 0.08070866141732283006, 0.1574803149606299191 ) ) ;
#2690 = VECTOR ( 'NONE', #4476, 39.37007874015748143 ) ;
#2691 = DIRECTION ( 'NONE',  ( 0.8285309289390956344, 0.000000000000000000, 0.5599433005147210762 ) ) ;
#2692 = FACE_OUTER_BOUND ( 'NONE', #253, .T. ) ;
#2693 = VECTOR ( 'NONE', #4607, 39.37007874015748143 ) ;
#2694 = CARTESIAN_POINT ( 'NONE',  ( -0.02559055118110236879, 0.05322417248446690424, 0.3763779205345635925 ) ) ;
#2695 = DIRECTION ( 'NONE',  ( -1.000000000000000000, 0.000000000000000000, 0.000000000000000000 ) ) ;
#2696 = FACE_OUTER_BOUND ( 'NONE', #7134, .T. ) ;
#2697 = CARTESIAN_POINT ( 'NONE',  ( 0.1082677165354330728, 0.000000000000000000, 0.2145669291338582751 ) ) ;
#2698 = ORIENTED_EDGE ( 'NONE', *, *, #512, .F. ) ;
#2699 = VECTOR ( 'NONE', #9859, 39.37007874015748143 ) ;
#2700 = CIRCLE ( 'NONE', #6980, 0.003821856477086623891 ) ;
#2701 = ORIENTED_EDGE ( 'NONE', *, *, #3455, .T. ) ;
#2702 = DIRECTION ( 'NONE',  ( 0.000000000000000000, 0.000000000000000000, 1.000000000000000000 ) ) ;
#2703 = DIRECTION ( 'NONE',  ( -0.9999850114987546279, 0.000000000000000000, 0.005475105280772813061 ) ) ;
#2704 = B_SPLINE_CURVE_WITH_KNOTS ( 'NONE', 3,
 ( #2078, #10191, #3769, #10890, #8326, #2013 ),
 .UNSPECIFIED., .F., .F.,
 ( 4, 2, 4 ),
 ( 0.000000000000000000, 0.5000000000000000000, 1.000000000000000000 ),
 .UNSPECIFIED. ) ;
#2705 = VERTEX_POINT ( 'NONE', #5282 ) ;
#2706 = EDGE_CURVE ( 'NONE', #10081, #5894, #7035, .T. ) ;
#2707 = CIRCLE ( 'NONE', #4560, 0.03543307086614172485 ) ;
#2708 = DIRECTION ( 'NONE',  ( 0.000000000000000000, 7.228014483236698528E-16, 1.000000000000000000 ) ) ;
#2709 = VECTOR ( 'NONE', #2835, 39.37007874015748143 ) ;
#2710 = CARTESIAN_POINT ( 'NONE',  ( 0.02613168849610630548, 0.09970084731000000700, 0.03102357459472441376 ) ) ;
#2711 = ORIENTED_EDGE ( 'NONE', *, *, #1739, .F. ) ;
#2712 = VERTEX_POINT ( 'NONE', #6811 ) ;
#2713 = EDGE_CURVE ( 'NONE', #2388, #10325, #6866, .T. ) ;
#2714 = CARTESIAN_POINT ( 'NONE',  ( 0.1185651836366535539, -0.06692913385826770867, 0.05118110236220473758 ) ) ;
#2715 = AXIS2_PLACEMENT_3D ( 'NONE', #10192, #6577, #5637 ) ;
#2716 = EDGE_CURVE ( 'NONE', #4391, #10580, #2436, .T. ) ;
#2717 = VERTEX_POINT ( 'NONE', #9491 ) ;
#2718 = CARTESIAN_POINT ( 'NONE',  ( 0.1181102362204724532, -0.05905511811023622659, 0.03937007874015747977 ) ) ;
#2719 = EDGE_CURVE ( 'NONE', #6512, #7625, #6928, .T. ) ;
#2720 = CARTESIAN_POINT ( 'NONE',  ( 0.1416803402307874049, -0.09541178818188979227, 0.2164209475051180886 ) ) ;
#2721 = FACE_OUTER_BOUND ( 'NONE', #1675, .T. ) ;
#2722 = CYLINDRICAL_SURFACE ( 'NONE', #3744, 0.007874015748031499423 ) ;
#2723 = VECTOR ( 'NONE', #2991, 39.37007874015748854 ) ;
#2724 = ORIENTED_EDGE ( 'NONE', *, *, #5731, .T. ) ;
#2725 = CARTESIAN_POINT ( 'NONE',  ( -0.1259842519685039353, -0.09842519685039369248, 0.2164279190586220203 ) ) ;
#2726 = EDGE_LOOP ( 'NONE', ( #9872, #11351, #8049, #4973, #1745, #9644, #7842, #7580 ) ) ;
#2727 = ORIENTED_EDGE ( 'NONE', *, *, #3611, .F. ) ;
#2728 = EDGE_CURVE ( 'NONE', #3352, #3381, #5875, .T. ) ;
#2729 = CARTESIAN_POINT ( 'NONE',  ( 0.03149606299212598381, 0.08095377066255905751, 0.2106299212598425064 ) ) ;
#2730 = DIRECTION ( 'NONE',  ( 0.000000000000000000, 1.000000000000000000, 0.000000000000000000 ) ) ;
#2731 = LINE ( 'NONE', #4421, #6420 ) ;
#2732 = EDGE_CURVE ( 'NONE', #3783, #4350, #1589, .T. ) ;
#2733 = FACE_OUTER_BOUND ( 'NONE', #10730, .T. ) ;
#2734 = DIRECTION ( 'NONE',  ( 1.000000000000000000, 0.000000000000000000, 0.000000000000000000 ) ) ;
#2735 = LINE ( 'NONE', #1904, #6289 ) ;
#2736 = CARTESIAN_POINT ( 'NONE',  ( 0.07322834645669720754, 0.09842519685039370636, 0.2381889763779512226 ) ) ;
#2737 = ORIENTED_EDGE ( 'NONE', *, *, #4552, .F. ) ;
#2738 = LINE ( 'NONE', #9742, #9134 ) ;
#2739 = ORIENTED_EDGE ( 'NONE', *, *, #4014, .F. ) ;
#2740 = ORIENTED_EDGE ( 'NONE', *, *, #2544, .F. ) ;
#2741 = EDGE_CURVE ( 'NONE', #9403, #7359, #384, .T. ) ;
#2742 = DIRECTION ( 'NONE',  ( 1.000000000000000000, 0.000000000000000000, 0.000000000000000000 ) ) ;
#2743 = ADVANCED_FACE ( 'NONE', ( #9012 ), #1071, .F. ) ;
#2744 = CYLINDRICAL_SURFACE ( 'NONE', #473, 0.06102362204724411099 ) ;
#2745 = CARTESIAN_POINT ( 'NONE',  ( -0.02559055104932049865, 0.08887361715946683061, 0.04527559058893775717 ) ) ;
#2746 = CARTESIAN_POINT ( 'NONE',  ( 0.1082677165354330728, 0.09842519685039370636, 0.3858267716535433989 ) ) ;
#2747 = FACE_OUTER_BOUND ( 'NONE', #7262, .T. ) ;
#2748 = DIRECTION ( 'NONE',  ( -1.000000000000000000, 0.000000000000000000, 0.000000000000000000 ) ) ;
#2749 = LINE ( 'NONE', #2860, #2357 ) ;
#2750 = DIRECTION ( 'NONE',  ( 4.426808671231942861E-15, 0.000000000000000000, -1.000000000000000000 ) ) ;
#2751 = VERTEX_POINT ( 'NONE', #7148 ) ;
#2752 = AXIS2_PLACEMENT_3D ( 'NONE', #867, #4640, #10 ) ;
#2753 = ORIENTED_EDGE ( 'NONE', *, *, #6024, .F. ) ;
#2754 = EDGE_CURVE ( 'NONE', #9403, #6601, #9833, .T. ) ;
#2755 = CARTESIAN_POINT ( 'NONE',  ( 0.05539912351201074781, 0.09842519685039369248, 0.3413482639294156407 ) ) ;
#2756 = EDGE_CURVE ( 'NONE', #8780, #3091, #10652, .T. ) ;
#2757 = CARTESIAN_POINT ( 'NONE',  ( 0.05539438984539590133, 0.09186351706036748055, 0.3413234415406886657 ) ) ;
#2758 = VERTEX_POINT ( 'NONE', #3760 ) ;
#2759 = PLANE ( 'NONE',  #11291 ) ;
#2760 = CARTESIAN_POINT ( 'NONE',  ( 0.1082677165354330728, -0.05905511811023622659, 0.03937007874015747977 ) ) ;
#2761 = PLANE ( 'NONE',  #5615 ) ;
#2762 = ORIENTED_EDGE ( 'NONE', *, *, #4880, .T. ) ;
#2763 = ORIENTED_EDGE ( 'NONE', *, *, #9648, .T. ) ;
#2764 = DIRECTION ( 'NONE',  ( -1.000000000000000000, 0.000000000000000000, 0.000000000000000000 ) ) ;
#2765 = EDGE_CURVE ( 'NONE', #10190, #5563, #10709, .T. ) ;
#2766 = VERTEX_POINT ( 'NONE', #4572 ) ;
#2767 = CARTESIAN_POINT ( 'NONE',  ( 0.000000000000000000, 0.09842519685039370636, 0.2834645669291339098 ) ) ;
#2768 = VECTOR ( 'NONE', #5918, 39.37007874015748143 ) ;
#2769 = FACE_OUTER_BOUND ( 'NONE', #7980, .T. ) ;
#2770 = CARTESIAN_POINT ( 'NONE',  ( 0.09055118110236221041, 0.08858267716535435377, 0.1574803149606299191 ) ) ;
#2771 = CARTESIAN_POINT ( 'NONE',  ( -0.1027559055118110187, -0.05118110236220473758, 0.03149606299212598381 ) ) ;
#2772 = EDGE_LOOP ( 'NONE', ( #7976, #3109, #6850, #8258 ) ) ;
#2773 = DIRECTION ( 'NONE',  ( 1.000000000000000000, 0.000000000000000000, 0.000000000000000000 ) ) ;
#2774 = CIRCLE ( 'NONE', #3350, 0.01771653543307086243 ) ;
#2775 = ORIENTED_EDGE ( 'NONE', *, *, #10005, .T. ) ;
#2776 = EDGE_CURVE ( 'NONE', #11099, #7883, #1828, .T. ) ;
#2777 = VERTEX_POINT ( 'NONE', #10002 ) ;
#2778 = CARTESIAN_POINT ( 'NONE',  ( 0.02559055118110237573, 0.06778246372590553126, 0.05146518875334647053 ) ) ;
#2779 = DIRECTION ( 'NONE',  ( 0.000000000000000000, 0.000000000000000000, 1.000000000000000000 ) ) ;
#2780 = LINE ( 'NONE', #8866, #471 ) ;
#2781 = DIRECTION ( 'NONE',  ( 0.000000000000000000, 0.000000000000000000, -1.000000000000000000 ) ) ;
#2782 = DIRECTION ( 'NONE',  ( -0.9999731893419400164, -3.174679950267938291E-13, 0.007322608640960788333 ) ) ;
#2783 = AXIS2_PLACEMENT_3D ( 'NONE', #10014, #2016, #10769 ) ;
#2784 = CIRCLE ( 'NONE', #10983, 0.09842519685039370636 ) ;
#2785 = DIRECTION ( 'NONE',  ( 0.000000000000000000, -1.000000000000000000, 0.000000000000000000 ) ) ;
#2786 = DIRECTION ( 'NONE',  ( 0.000000000000000000, 0.000000000000000000, 1.000000000000000000 ) ) ;
#2787 = EDGE_CURVE ( 'NONE', #7312, #2834, #7972, .T. ) ;
#2788 = VERTEX_POINT ( 'NONE', #2661 ) ;
#2789 = ORIENTED_EDGE ( 'NONE', *, *, #9314, .T. ) ;
#2790 = ORIENTED_EDGE ( 'NONE', *, *, #3080, .T. ) ;
#2791 = DIRECTION ( 'NONE',  ( 1.000000000000000000, 0.000000000000000000, 0.000000000000000000 ) ) ;
#2792 = VERTEX_POINT ( 'NONE', #8850 ) ;
#2793 = CIRCLE ( 'NONE', #10054, 0.07086614173228347746 ) ;
#2794 = AXIS2_PLACEMENT_3D ( 'NONE', #10286, #11216, #495 ) ;
#2795 = FACE_OUTER_BOUND ( 'NONE', #3124, .T. ) ;
#2796 = CARTESIAN_POINT ( 'NONE',  ( 0.1082677165354330728, 0.000000000000000000, 0.1811023622047244208 ) ) ;
#2797 = FACE_OUTER_BOUND ( 'NONE', #11393, .T. ) ;
#2798 = CARTESIAN_POINT ( 'NONE',  ( 0.01933692075632048937, -0.09659266640870756149, 0.08714366093218485487 ) ) ;
#2799 = CARTESIAN_POINT ( 'NONE',  ( 0.1422251440816951207, -0.08813714464149606520, 0.3223955678324835761 ) ) ;
#2800 = CARTESIAN_POINT ( 'NONE',  ( 0.06102362204724411099, 7.473238341253535789E-18, 0.4527559055118110520 ) ) ;
#2801 = CARTESIAN_POINT ( 'NONE',  ( -0.04297621330366142162, 0.06304418446173228052, 0.3326771653543307283 ) ) ;
#2802 = CARTESIAN_POINT ( 'NONE',  ( 0.02725810412134087660, 0.08724390517490968056, 0.1639313742361133974 ) ) ;
#2803 = VECTOR ( 'NONE', #7306, 39.37007874015748143 ) ;
#2804 = ADVANCED_FACE ( 'NONE', ( #2769 ), #3288, .F. ) ;
#2805 = VERTEX_POINT ( 'NONE', #5337 ) ;
#2806 = VECTOR ( 'NONE', #299, 39.37007874015748143 ) ;
#2807 = VERTEX_POINT ( 'NONE', #1948 ) ;
#2808 = ORIENTED_EDGE ( 'NONE', *, *, #3334, .T. ) ;
#2809 = FACE_OUTER_BOUND ( 'NONE', #4416, .T. ) ;
#2810 = VECTOR ( 'NONE', #8738, 39.37007874015748143 ) ;
#2811 = DIRECTION ( 'NONE',  ( 0.000000000000000000, 0.000000000000000000, -1.000000000000000000 ) ) ;
#2812 = AXIS2_PLACEMENT_3D ( 'NONE', #9846, #1901, #3661 ) ;
#2813 = ORIENTED_EDGE ( 'NONE', *, *, #2681, .T. ) ;
#2814 = CARTESIAN_POINT ( 'NONE',  ( 0.07342519685039372579, 0.08464566929133858497, 0.3858267716535434544 ) ) ;
#2815 = LINE ( 'NONE', #204, #2040 ) ;
#2816 = EDGE_CURVE ( 'NONE', #10919, #6644, #8901, .T. ) ;
#2817 = EDGE_CURVE ( 'NONE', #54, #6617, #9066, .T. ) ;
#2818 = VECTOR ( 'NONE', #5839, 39.37007874015748143 ) ;
#2819 = ORIENTED_EDGE ( 'NONE', *, *, #11358, .F. ) ;
#2820 = VERTEX_POINT ( 'NONE', #4623 ) ;
#2821 = CARTESIAN_POINT ( 'NONE',  ( -0.1027559055118110187, -0.05118110236220473758, 0.1574803149606299191 ) ) ;
#2822 = EDGE_LOOP ( 'NONE', ( #9458, #587, #6039, #6734 ) ) ;
#2823 = AXIS2_PLACEMENT_3D ( 'NONE', #791, #3361, #685 ) ;
#2824 = LINE ( 'NONE', #2767, #3993 ) ;
#2825 = CARTESIAN_POINT ( 'NONE',  ( -0.1259842519685039353, -0.08070866141732283006, 0.05039370078740158104 ) ) ;
#2826 = CARTESIAN_POINT ( 'NONE',  ( -0.03104294575134369447, 0.1129621285646906226, 0.03001160027869965649 ) ) ;
#2827 = EDGE_CURVE ( 'NONE', #267, #5394, #1905, .T. ) ;
#2828 = DIRECTION ( 'NONE',  ( 0.000000000000000000, 0.000000000000000000, 1.000000000000000000 ) ) ;
#2829 = VERTEX_POINT ( 'NONE', #4409 ) ;
#2830 = DIRECTION ( 'NONE',  ( -1.000000000000000000, 0.000000000000000000, 0.000000000000000000 ) ) ;
#2831 = VECTOR ( 'NONE', #4456, 39.37007874015748143 ) ;
#2832 = ORIENTED_EDGE ( 'NONE', *, *, #7334, .F. ) ;
#2833 = ORIENTED_EDGE ( 'NONE', *, *, #5788, .F. ) ;
#2834 = VERTEX_POINT ( 'NONE', #5690 ) ;
#2835 = DIRECTION ( 'NONE',  ( 0.000000000000000000, 1.000000000000000000, 0.000000000000000000 ) ) ;
#2836 = B_SPLINE_CURVE_WITH_KNOTS ( 'NONE', 3,
 ( #6139, #6743, #6796, #7559, #1424, #10517 ),
 .UNSPECIFIED., .F., .F.,
 ( 4, 2, 4 ),
 ( 0.000000000000000000, 0.5000000000000000000, 1.000000000000000000 ),
 .UNSPECIFIED. ) ;
#2837 = CARTESIAN_POINT ( 'NONE',  ( 0.06257629798830746659, 0.06651394093228023274, -0.09842518578053094380 ) ) ;
#2838 = CARTESIAN_POINT ( 'NONE',  ( 0.000000000000000000, 0.07406400688303149682, 0.1574803149606299191 ) ) ;
#2839 = DIRECTION ( 'NONE',  ( -0.000000000000000000, -1.000000000000000000, -0.000000000000000000 ) ) ;
#2840 = AXIS2_PLACEMENT_3D ( 'NONE', #617, #7902, #1650 ) ;
#2841 = CARTESIAN_POINT ( 'NONE',  ( -0.1406663324992913355, -0.08956692913385827515, 0.2164279190586220203 ) ) ;
#2842 = CARTESIAN_POINT ( 'NONE',  ( 0.06318897637795276023, 0.08464566929133858497, 0.2106299212598425064 ) ) ;
#2843 = EDGE_CURVE ( 'NONE', #6229, #8247, #7497, .T. ) ;
#2844 = CARTESIAN_POINT ( 'NONE',  ( -0.1313389175166534417, -0.08813714464149606520, 0.3297527701046849558 ) ) ;
#2845 = VERTEX_POINT ( 'NONE', #1366 ) ;
#2846 = CARTESIAN_POINT ( 'NONE',  ( 0.06608228669999999250, 0.08858267716535435377, 0.3626048274511812219 ) ) ;
#2847 = ORIENTED_EDGE ( 'NONE', *, *, #4248, .T. ) ;
#2848 = ORIENTED_EDGE ( 'NONE', *, *, #5443, .F. ) ;
#2849 = ORIENTED_EDGE ( 'NONE', *, *, #2728, .F. ) ;
#2850 = AXIS2_PLACEMENT_3D ( 'NONE', #7657, #4159, #5140 ) ;
#2851 = DIRECTION ( 'NONE',  ( -1.000000000000000000, 0.000000000000000000, 0.000000000000000000 ) ) ;
#2852 = CYLINDRICAL_SURFACE ( 'NONE', #8069, 0.01771653543307086243 ) ;
#2853 = VERTEX_POINT ( 'NONE', #8254 ) ;
#2854 = CARTESIAN_POINT ( 'NONE',  ( -0.1406312231058267637, -0.08267716535433072833, 0.05118110236220473758 ) ) ;
#2855 = EDGE_CURVE ( 'NONE', #3270, #6675, #18, .T. ) ;
#2856 = DIRECTION ( 'NONE',  ( 0.000000000000000000, 0.000000000000000000, 1.000000000000000000 ) ) ;
#2857 = LINE ( 'NONE', #9976, #1025 ) ;
#2858 = DIRECTION ( 'NONE',  ( 0.000000000000000000, 0.000000000000000000, 1.000000000000000000 ) ) ;
#2859 = CARTESIAN_POINT ( 'NONE',  ( 0.02559055118110236879, 0.04801281490194301421, 0.3881973065801487821 ) ) ;
#2860 = CARTESIAN_POINT ( 'NONE',  ( -0.07283464566929134798, 0.02362204724409448786, 0.1102362204724409434 ) ) ;
#2861 = EDGE_CURVE ( 'NONE', #40, #8520, #10252, .T. ) ;
#2862 = DIRECTION ( 'NONE',  ( -0.2275011753997955577, 0.000000000000000000, -0.9737778058631811895 ) ) ;
#2863 = VECTOR ( 'NONE', #6993, 39.37007874015748143 ) ;
#2864 = EDGE_LOOP ( 'NONE', ( #8951, #4626, #11406, #4253 ) ) ;
#2865 = ORIENTED_EDGE ( 'NONE', *, *, #10374, .T. ) ;
#2866 = VERTEX_POINT ( 'NONE', #9364 ) ;
#2867 = LINE ( 'NONE', #3045, #7887 ) ;
#2868 = VECTOR ( 'NONE', #5689, 39.37007874015748143 ) ;
#2869 = VECTOR ( 'NONE', #5196, 39.37007874015748854 ) ;
#2870 = LINE ( 'NONE', #11507, #5668 ) ;
#2871 = EDGE_CURVE ( 'NONE', #5234, #2326, #2793, .T. ) ;
#2872 = EDGE_LOOP ( 'NONE', ( #3365, #2192, #5101, #818 ) ) ;
#2873 = CARTESIAN_POINT ( 'NONE',  ( 0.1181102362204724532, 0.05905511811023622659, 0.07086614173228347746 ) ) ;
#2874 = DIRECTION ( 'NONE',  ( 0.000000000000000000, 1.000000000000000000, 0.000000000000000000 ) ) ;
#2875 = EDGE_CURVE ( 'NONE', #3435, #1551, #3067, .T. ) ;
#2876 = CARTESIAN_POINT ( 'NONE',  ( 0.04744094488188976833, 0.09153543307086615954, 0.08464566929133858497 ) ) ;
#2877 = CARTESIAN_POINT ( 'NONE',  ( 0.03941062983692913968, 0.1053879300563779625, 0.02975410588394094419 ) ) ;
#2878 = AXIS2_PLACEMENT_3D ( 'NONE', #10211, #10965, #9395 ) ;
#2879 = CIRCLE ( 'NONE', #5867, 0.09842519685039370636 ) ;
#2880 = ORIENTED_EDGE ( 'NONE', *, *, #5096, .T. ) ;
#2881 = EDGE_LOOP ( 'NONE', ( #5233, #1300, #6043, #4084, #10436, #4884, #10095, #10047, #11136, #6468, #6008, #11400 ) ) ;
#2882 = CARTESIAN_POINT ( 'NONE',  ( -0.02559055118110236879, 0.05634701029051921578, 0.3749112753754881844 ) ) ;
#2883 = LINE ( 'NONE', #6446, #1370 ) ;
#2884 = ADVANCED_FACE ( 'NONE', ( #4003 ), #11116, .F. ) ;
#2885 = EDGE_CURVE ( 'NONE', #9716, #9668, #9247, .T. ) ;
#2886 = ORIENTED_EDGE ( 'NONE', *, *, #9793, .F. ) ;
#2887 = VECTOR ( 'NONE', #2691, 39.37007874015748143 ) ;
#2888 = CIRCLE ( 'NONE', #4384, 0.007874015748031499423 ) ;
#2889 = CARTESIAN_POINT ( 'NONE',  ( 0.06608228669999999250, 0.09350393700787401619, 0.3626048274511812219 ) ) ;
#2890 = CARTESIAN_POINT ( 'NONE',  ( 0.1324510504523622179, -0.09159608583385828173, 0.2164786448983858080 ) ) ;
#2891 = CARTESIAN_POINT ( 'NONE',  ( -0.03311400082921638760, 0.09535860883996076509, 0.02949001742832267972 ) ) ;
#2892 = DIRECTION ( 'NONE',  ( 0.000000000000000000, 0.000000000000000000, 1.000000000000000000 ) ) ;
#2893 = EDGE_LOOP ( 'NONE', ( #1153, #619, #6133, #5209, #5613, #1632, #7694, #704, #7439, #7633, #2724, #1344 ) ) ;
#2894 = DIRECTION ( 'NONE',  ( 0.000000000000000000, 1.000000000000000000, 0.000000000000000000 ) ) ;
#2895 = VECTOR ( 'NONE', #1682, 39.37007874015748143 ) ;
#2896 = VERTEX_POINT ( 'NONE', #9304 ) ;
#2897 = ORIENTED_EDGE ( 'NONE', *, *, #3081, .T. ) ;
#2898 = ADVANCED_FACE ( 'NONE', ( #5806 ), #450, .F. ) ;
#2899 = DIRECTION ( 'NONE',  ( 0.000000000000000000, 1.000000000000000000, 0.000000000000000000 ) ) ;
#2900 = AXIS2_PLACEMENT_3D ( 'NONE', #5022, #6960, #8826 ) ;
#2901 = CARTESIAN_POINT ( 'NONE',  ( 0.1254645074937401628, -0.09152461811905511502, 0.2165125624589764042 ) ) ;
#2902 = CARTESIAN_POINT ( 'NONE',  ( -0.1078127691192519721, -0.05118110236220473758, 0.1023622047244094752 ) ) ;
#2903 = DIRECTION ( 'NONE',  ( 0.8849182223818913284, 0.000000000000000000, -0.4657464328327953762 ) ) ;
#2904 = CARTESIAN_POINT ( 'NONE',  ( -0.03697995016737379986, 0.09842519685039369248, 0.3326973715792440611 ) ) ;
#2905 = CARTESIAN_POINT ( 'NONE',  ( -0.1131889763779527630, -0.01771653543307086937, 0.3523622047244094890 ) ) ;
#2906 = DIRECTION ( 'NONE',  ( 1.000000000000000000, 0.000000000000000000, 0.000000000000000000 ) ) ;
#2907 = ORIENTED_EDGE ( 'NONE', *, *, #2020, .T. ) ;
#2908 = CYLINDRICAL_SURFACE ( 'NONE', #8930, 0.005142621160748004315 ) ;
#2909 = VERTEX_POINT ( 'NONE', #6744 ) ;
#2910 = ORIENTED_EDGE ( 'NONE', *, *, #11309, .T. ) ;
#2911 = PLANE ( 'NONE',  #9874 ) ;
#2912 = ORIENTED_EDGE ( 'NONE', *, *, #6287, .F. ) ;
#2913 = CARTESIAN_POINT ( 'NONE',  ( 0.000000000000000000, 0.000000000000000000, 0.2952755905486614263 ) ) ;
#2914 = CARTESIAN_POINT ( 'NONE',  ( 0.07293825113963917084, 0.08858267716535435377, 0.1240157480314994926 ) ) ;
#2915 = ADVANCED_FACE ( 'NONE', ( #6680 ), #10302, .F. ) ;
#2916 = CARTESIAN_POINT ( 'NONE',  ( 0.000000000000000000, -0.09521821916964566535, 0.09842519685039370636 ) ) ;
#2917 = CARTESIAN_POINT ( 'NONE',  ( 0.09055116703918818233, -0.1760490543707323718, -0.09842519685038113308 ) ) ;
#2918 = DIRECTION ( 'NONE',  ( 0.000000000000000000, 0.000000000000000000, -1.000000000000000000 ) ) ;
#2919 = DIRECTION ( 'NONE',  ( 1.000000000000000000, 0.000000000000000000, 0.000000000000000000 ) ) ;
#2920 = CARTESIAN_POINT ( 'NONE',  ( -0.09389763779527779408, 0.09842519685039370636, 0.02952755905511654511 ) ) ;
#2921 = LINE ( 'NONE', #10853, #3102 ) ;
#2922 = FACE_OUTER_BOUND ( 'NONE', #9559, .T. ) ;
#2923 = ORIENTED_EDGE ( 'NONE', *, *, #6802, .T. ) ;
#2924 = EDGE_CURVE ( 'NONE', #89, #7812, #8580, .T. ) ;
#2925 = CARTESIAN_POINT ( 'NONE',  ( 0.1246696106390157432, -0.08806230133389764125, 0.2165440507534251990 ) ) ;
#2926 = ORIENTED_EDGE ( 'NONE', *, *, #5029, .F. ) ;
#2927 = DIRECTION ( 'NONE',  ( 0.000000000000000000, 0.000000000000000000, 1.000000000000000000 ) ) ;
#2928 = EDGE_CURVE ( 'NONE', #6159, #8632, #4058, .T. ) ;
#2929 = CARTESIAN_POINT ( 'NONE',  ( -0.1313389175166494727, -0.08858267716535435377, 0.06597324254563263768 ) ) ;
#2930 = ORIENTED_EDGE ( 'NONE', *, *, #4161, .T. ) ;
#2931 = DIRECTION ( 'NONE',  ( 0.000000000000000000, 0.000000000000000000, -1.000000000000000000 ) ) ;
#2932 = DIRECTION ( 'NONE',  ( 1.000000000000000000, 0.000000000000000000, 0.000000000000000000 ) ) ;
#2933 = AXIS2_PLACEMENT_3D ( 'NONE', #5958, #10561, #2516 ) ;
#2934 = CARTESIAN_POINT ( 'NONE',  ( 0.1181102362204724671, -0.08070866141733654131, 0.2165354330708695874 ) ) ;
#2935 = FACE_BOUND ( 'NONE', #5963, .T. ) ;
#2936 = CARTESIAN_POINT ( 'NONE',  ( 0.1164130221040915736, 0.09089742769705960734, 0.2854330708661417804 ) ) ;
#2937 = LINE ( 'NONE', #8362, #2218 ) ;
#2938 = ADVANCED_FACE ( 'NONE', ( #3190 ), #6503, .T. ) ;
#2939 = ORIENTED_EDGE ( 'NONE', *, *, #2756, .F. ) ;
#2940 = ORIENTED_EDGE ( 'NONE', *, *, #7015, .T. ) ;
#2941 = DIRECTION ( 'NONE',  ( -0.000000000000000000, -0.000000000000000000, -1.000000000000000000 ) ) ;
#2942 = CARTESIAN_POINT ( 'NONE',  ( 3.616083068348386480E-19, -0.1141732283464566844, 0.3208661417322835607 ) ) ;
#2943 = ORIENTED_EDGE ( 'NONE', *, *, #7848, .F. ) ;
#2944 = CARTESIAN_POINT ( 'NONE',  ( 0.1131889763779527630, -0.05905511811023622659, 0.2283464566929133688 ) ) ;
#2945 = DIRECTION ( 'NONE',  ( -1.000000000000000000, 0.000000000000000000, 0.000000000000000000 ) ) ;
#2946 = CARTESIAN_POINT ( 'NONE',  ( -0.02553612993612233012, 0.09578432107954511221, 0.03832942191087789635 ) ) ;
#2947 = CARTESIAN_POINT ( 'NONE',  ( -0.1181102362204724532, -0.05118110236220473758, 0.1102362204724409572 ) ) ;
#2948 = EDGE_CURVE ( 'NONE', #966, #7367, #6154, .T. ) ;
#2949 = ORIENTED_EDGE ( 'NONE', *, *, #5161, .T. ) ;
#2950 = CARTESIAN_POINT ( 'NONE',  ( 0.000000000000000000, 0.000000000000000000, 0.000000000000000000 ) ) ;
#2951 = ORIENTED_EDGE ( 'NONE', *, *, #7047, .F. ) ;
#2952 = EDGE_LOOP ( 'NONE', ( #11296, #8677, #8994, #8430 ) ) ;
#2953 = VECTOR ( 'NONE', #2371, 39.37007874015748143 ) ;
#2954 = DIRECTION ( 'NONE',  ( 1.000000000000000000, 0.000000000000000000, 0.000000000000000000 ) ) ;
#2955 = LINE ( 'NONE', #6637, #4393 ) ;
#2956 = DIRECTION ( 'NONE',  ( 0.000000000000000000, 0.000000000000000000, -1.000000000000000000 ) ) ;
#2957 = CARTESIAN_POINT ( 'NONE',  ( 0.000000000000000000, 0.08464566929133858497, 0.3543307086614174151 ) ) ;
#2958 = DIRECTION ( 'NONE',  ( 1.000000000000000000, 0.000000000000000000, 0.000000000000000000 ) ) ;
#2959 = PLANE ( 'NONE',  #1255 ) ;
#2960 = LINE ( 'NONE', #4022, #2475 ) ;
#2961 = ORIENTED_EDGE ( 'NONE', *, *, #315, .F. ) ;
#2962 = EDGE_CURVE ( 'NONE', #10600, #162, #10440, .T. ) ;
#2963 = AXIS2_PLACEMENT_3D ( 'NONE', #11281, #3179, #2474 ) ;
#2964 = CARTESIAN_POINT ( 'NONE',  ( 0.02559055118110236879, 0.09887649084480314154, 0.3484251968503936925 ) ) ;
#2965 = EDGE_CURVE ( 'NONE', #6524, #4309, #4743, .T. ) ;
#2966 = ORIENTED_EDGE ( 'NONE', *, *, #3722, .T. ) ;
#2967 = ORIENTED_EDGE ( 'NONE', *, *, #6002, .T. ) ;
#2968 = CARTESIAN_POINT ( 'NONE',  ( -0.1003937007874015630, 0.08858267716535435377, 0.1574803149606299191 ) ) ;
#2969 = EDGE_LOOP ( 'NONE', ( #5516, #1243 ) ) ;
#2970 = CARTESIAN_POINT ( 'NONE',  ( 0.1082677165354331006, 0.09842519685039370636, 0.2381889763779527491 ) ) ;
#2971 = DIRECTION ( 'NONE',  ( 0.000000000000000000, 0.000000000000000000, -1.000000000000000000 ) ) ;
#2972 = CARTESIAN_POINT ( 'NONE',  ( -0.1370649114109842581, -0.09350393700787401619, 0.07962882031755905143 ) ) ;
#2973 = VECTOR ( 'NONE', #10865, 39.37007874015748854 ) ;
#2974 = CARTESIAN_POINT ( 'NONE',  ( 0.02559055118110237573, 0.04962423579974242771, 0.3671946673164381836 ) ) ;
#2975 = CARTESIAN_POINT ( 'NONE',  ( -0.1181102362204724532, -0.05118110236220473758, 0.2362204724409449064 ) ) ;
#2976 = CARTESIAN_POINT ( 'NONE',  ( 0.1082677165354330728, -0.08290899240536012127, 0.3562992125984252301 ) ) ;
#2977 = CARTESIAN_POINT ( 'NONE',  ( 0.04148596331444882185, 0.09842519685039370636, 0.02952755905511811330 ) ) ;
#2978 = ORIENTED_EDGE ( 'NONE', *, *, #1533, .F. ) ;
#2979 = EDGE_CURVE ( 'NONE', #10750, #9673, #7435, .T. ) ;
#2980 = AXIS2_PLACEMENT_3D ( 'NONE', #8372, #5560, #4683 ) ;
#2981 = VECTOR ( 'NONE', #4266, 39.37007874015748143 ) ;
#2982 = CARTESIAN_POINT ( 'NONE',  ( 0.1152779933476377888, -0.08185727545874016409, 0.2165354118217323320 ) ) ;
#2983 = ORIENTED_EDGE ( 'NONE', *, *, #4107, .T. ) ;
#2984 = FACE_OUTER_BOUND ( 'NONE', #5686, .T. ) ;
#2985 = CYLINDRICAL_SURFACE ( 'NONE', #5106, 0.003856965870551185352 ) ;
#2986 = ORIENTED_EDGE ( 'NONE', *, *, #8146, .T. ) ;
#2987 = FACE_OUTER_BOUND ( 'NONE', #8440, .T. ) ;
#2988 = VECTOR ( 'NONE', #10854, 39.37007874015748143 ) ;
#2989 = PLANE ( 'NONE',  #6893 ) ;
#2990 = VECTOR ( 'NONE', #5102, 39.37007874015748143 ) ;
#2991 = DIRECTION ( 'NONE',  ( -0.4657464328329224412, 0.000000000000000000, 0.8849182223818243820 ) ) ;
#2992 = PLANE ( 'NONE',  #7084 ) ;
#2993 = CARTESIAN_POINT ( 'NONE',  ( 0.02720975808640945653, 0.09890446146582679288, 0.03131123560798818040 ) ) ;
#2994 = ORIENTED_EDGE ( 'NONE', *, *, #6858, .T. ) ;
#2995 = EDGE_CURVE ( 'NONE', #3692, #6817, #623, .T. ) ;
#2996 = CARTESIAN_POINT ( 'NONE',  ( 0.000000000000000000, 0.1007874015748031621, 0.000000000000000000 ) ) ;
#2997 = VERTEX_POINT ( 'NONE', #11461 ) ;
#2998 = ORIENTED_EDGE ( 'NONE', *, *, #9355, .F. ) ;
#2999 = AXIS2_PLACEMENT_3D ( 'NONE', #8615, #7180, #9043 ) ;
#3000 = VECTOR ( 'NONE', #11244, 39.37007874015748143 ) ;
#3001 = CARTESIAN_POINT ( 'NONE',  ( 0.03149606299212598381, 0.08464566929133858497, 0.3543307086614174151 ) ) ;
#3002 = DIRECTION ( 'NONE',  ( 1.000000000000000000, 0.000000000000000000, 0.000000000000000000 ) ) ;
#3003 = EDGE_LOOP ( 'NONE', ( #9502, #4201, #6541, #2442 ) ) ;
#3004 = CYLINDRICAL_SURFACE ( 'NONE', #6410, 0.04578276980082677389 ) ;
#3005 = EDGE_CURVE ( 'NONE', #2430, #11164, #6102, .T. ) ;
#3006 = DIRECTION ( 'NONE',  ( 0.000000000000000000, -1.000000000000000000, 0.000000000000000000 ) ) ;
#3007 = CARTESIAN_POINT ( 'NONE',  ( -0.02559055118110236879, 0.05148199376635685665, 0.2054966182813980913 ) ) ;
#3008 = VECTOR ( 'NONE', #11127, 39.37007874015748143 ) ;
#3009 = EDGE_CURVE ( 'NONE', #9727, #9658, #5065, .T. ) ;
#3010 = DIRECTION ( 'NONE',  ( -0.3801694726947272285, -0.9249052542707669744, 0.004630621269408690364 ) ) ;
#3011 = CARTESIAN_POINT ( 'NONE',  ( 0.000000000000000000, 0.09842519685039370636, 0.1801181102362204856 ) ) ;
#3012 = CARTESIAN_POINT ( 'NONE',  ( 0.1417322834645669549, -0.01968503937007873988, 0.05511811023622047168 ) ) ;
#3013 = B_SPLINE_CURVE_WITH_KNOTS ( 'NONE', 3,
 ( #1818, #2647, #8943, #1931, #5374, #5493 ),
 .UNSPECIFIED., .F., .F.,
 ( 4, 2, 4 ),
 ( 0.000000000000000000, 0.5000000000000000000, 1.000000000000000000 ),
 .UNSPECIFIED. ) ;
#3014 = ORIENTED_EDGE ( 'NONE', *, *, #8862, .F. ) ;
#3015 = VERTEX_POINT ( 'NONE', #7907 ) ;
#3016 = AXIS2_PLACEMENT_3D ( 'NONE', #109, #6280, #7258 ) ;
#3017 = DIRECTION ( 'NONE',  ( 0.000000000000000000, -1.000000000000000000, 0.000000000000000000 ) ) ;
#3018 = ADVANCED_FACE ( 'NONE', ( #8612 ), #10415, .T. ) ;
#3019 = DIRECTION ( 'NONE',  ( 0.000000000000000000, 1.000000000000000000, 0.000000000000000000 ) ) ;
#3020 = DIRECTION ( 'NONE',  ( -1.000000000000000000, 0.000000000000000000, 0.000000000000000000 ) ) ;
#3021 = CYLINDRICAL_SURFACE ( 'NONE', #6918, 0.02165354330708662081 ) ;
#3022 = CARTESIAN_POINT ( 'NONE',  ( 0.02559055118110237573, 0.06721587900129921689, 0.3698066959289764144 ) ) ;
#3023 = CARTESIAN_POINT ( 'NONE',  ( 0.04734251968503937202, 0.08464566929133858497, 0.2106299212598425064 ) ) ;
#3024 = CARTESIAN_POINT ( 'NONE',  ( -0.02558283220313263898, 0.08314926127263774780, 0.3484251968503936370 ) ) ;
#3025 = VECTOR ( 'NONE', #7937, 39.37007874015748143 ) ;
#3026 = VERTEX_POINT ( 'NONE', #4176 ) ;
#3027 = VERTEX_POINT ( 'NONE', #7027 ) ;
#3028 = ORIENTED_EDGE ( 'NONE', *, *, #9236, .F. ) ;
#3029 = ORIENTED_EDGE ( 'NONE', *, *, #796, .T. ) ;
#3030 = ORIENTED_EDGE ( 'NONE', *, *, #10857, .F. ) ;
#3031 = CARTESIAN_POINT ( 'NONE',  ( -0.1082677165354330728, 0.09842519685039370636, 0.2834645669291339098 ) ) ;
#3032 = DIRECTION ( 'NONE',  ( 0.000000000000000000, 0.000000000000000000, -1.000000000000000000 ) ) ;
#3033 = AXIS2_PLACEMENT_3D ( 'NONE', #8249, #327, #6739 ) ;
#3034 = CARTESIAN_POINT ( 'NONE',  ( -0.03149606299212598381, 0.08095377066255905751, 0.2106299212598425064 ) ) ;
#3035 = ADVANCED_FACE ( 'NONE', ( #3476 ), #2307, .T. ) ;
#3036 = ADVANCED_FACE ( 'NONE', ( #9538 ), #11231, .T. ) ;
#3037 = CARTESIAN_POINT ( 'NONE',  ( 0.1131889763779527630, -0.02362204724409448092, 0.2145669291338582751 ) ) ;
#3038 = LINE ( 'NONE', #8222, #7914 ) ;
#3039 = CARTESIAN_POINT ( 'NONE',  ( 0.1181102362204724532, 0.08267716535433072833, 0.3838582677165355284 ) ) ;
#3040 = CARTESIAN_POINT ( 'NONE',  ( -0.09842519685039370636, 0.09842519685039370636, 0.4330708661417322913 ) ) ;
#3041 = ORIENTED_EDGE ( 'NONE', *, *, #1955, .T. ) ;
#3042 = VECTOR ( 'NONE', #3848, 39.37007874015748143 ) ;
#3043 = CARTESIAN_POINT ( 'NONE',  ( 0.04299097086775590520, 0.07705649976582513994, 0.1768909994994463386 ) ) ;
#3044 = EDGE_LOOP ( 'NONE', ( #4062, #9483, #10057, #3754 ) ) ;
#3045 = CARTESIAN_POINT ( 'NONE',  ( 0.1082677165354330728, 0.05905511811023622659, 0.3346456692913385988 ) ) ;
#3046 = CARTESIAN_POINT ( 'NONE',  ( -0.02559055118110236185, 0.09473329822164812397, 0.1712598425196844854 ) ) ;
#3047 = EDGE_CURVE ( 'NONE', #2909, #10081, #684, .T. ) ;
#3048 = VERTEX_POINT ( 'NONE', #11342 ) ;
#3049 = DIRECTION ( 'NONE',  ( 0.000000000000000000, -0.4285714285733245865, 0.9035079029043519006 ) ) ;
#3050 = AXIS2_PLACEMENT_3D ( 'NONE', #6941, #2338, #3275 ) ;
#3051 = CARTESIAN_POINT ( 'NONE',  ( -0.1393455678156299282, -0.08858267716535435377, 0.3562992125984252301 ) ) ;
#3052 = DIRECTION ( 'NONE',  ( 0.2275011753997955577, 0.000000000000000000, -0.9737778058631811895 ) ) ;
#3053 = DIRECTION ( 'NONE',  ( -0.000000000000000000, -0.000000000000000000, -1.000000000000000000 ) ) ;
#3054 = CARTESIAN_POINT ( 'NONE',  ( 0.03020627108076378090, 0.1136060892934645933, 0.03010747452859842410 ) ) ;
#3055 = EDGE_LOOP ( 'NONE', ( #9602, #8546, #10931, #7070 ) ) ;
#3056 = CARTESIAN_POINT ( 'NONE',  ( 0.09055118110236221041, 0.09842519685039370636, 0.01476377952755905665 ) ) ;
#3057 = VECTOR ( 'NONE', #244, 39.37007874015748143 ) ;
#3058 = ORIENTED_EDGE ( 'NONE', *, *, #9686, .T. ) ;
#3059 = VECTOR ( 'NONE', #1857, 39.37007874015748143 ) ;
#3060 = ORIENTED_EDGE ( 'NONE', *, *, #7356, .T. ) ;
#3061 = DIRECTION ( 'NONE',  ( 0.000000000000000000, 0.000000000000000000, 1.000000000000000000 ) ) ;
#3062 = DIRECTION ( 'NONE',  ( 1.000000000000000000, 0.000000000000000000, 0.000000000000000000 ) ) ;
#3063 = EDGE_CURVE ( 'NONE', #1617, #8030, #9228, .T. ) ;
#3064 = ORIENTED_EDGE ( 'NONE', *, *, #4745, .T. ) ;
#3065 = LINE ( 'NONE', #4116, #459 ) ;
#3066 = CIRCLE ( 'NONE', #6605, 0.01771653543307086243 ) ;
#3067 = LINE ( 'NONE', #1251, #9319 ) ;
#3068 = VECTOR ( 'NONE', #6362, 39.37007874015748143 ) ;
#3069 = CARTESIAN_POINT ( 'NONE',  ( -0.03063901692115438696, 0.1049102929930506301, 0.02823861916175346432 ) ) ;
#3070 = FACE_OUTER_BOUND ( 'NONE', #6010, .T. ) ;
#3071 = APPROVAL ( #9664, 'UNSPECIFIED' ) ;
#3072 = VERTEX_POINT ( 'NONE', #10533 ) ;
#3073 = DIRECTION ( 'NONE',  ( 0.5807246816275540846, 0.000000000000000000, -0.8141000209732068837 ) ) ;
#3074 = ORIENTED_EDGE ( 'NONE', *, *, #9073, .T. ) ;
#3075 = EDGE_CURVE ( 'NONE', #10448, #9142, #6798, .T. ) ;
#3076 = VERTEX_POINT ( 'NONE', #1602 ) ;
#3077 = VECTOR ( 'NONE', #11387, 39.37007874015748143 ) ;
#3078 = EDGE_LOOP ( 'NONE', ( #3589, #9280, #9062, #8788 ) ) ;
#3079 = VECTOR ( 'NONE', #6288, 39.37007874015748143 ) ;
#3080 = EDGE_CURVE ( 'NONE', #3882, #11270, #7738, .T. ) ;
#3081 = EDGE_CURVE ( 'NONE', #10956, #9741, #5157, .T. ) ;
#3082 = CARTESIAN_POINT ( 'NONE',  ( 0.1422251440816940105, -0.08858267716535435377, 0.3223955678324820218 ) ) ;
#3083 = CARTESIAN_POINT ( 'NONE',  ( -0.1082677165354331006, -0.03937007874015747977, 0.4133858267716535861 ) ) ;
#3084 = PLANE ( 'NONE',  #9585 ) ;
#3085 = LINE ( 'NONE', #5882, #9309 ) ;
#3086 = DIRECTION ( 'NONE',  ( 0.000000000000000000, 0.000000000000000000, 1.000000000000000000 ) ) ;
#3087 = DIRECTION ( 'NONE',  ( 0.000000000000000000, -1.000000000000000000, 0.000000000000000000 ) ) ;
#3088 = CIRCLE ( 'NONE', #2715, 0.02165354330708662081 ) ;
#3089 = FACE_OUTER_BOUND ( 'NONE', #5489, .T. ) ;
#3090 = VECTOR ( 'NONE', #9832, 39.37007874015748143 ) ;
#3091 = VERTEX_POINT ( 'NONE', #4980 ) ;
#3092 = EDGE_LOOP ( 'NONE', ( #3863, #10117, #11250, #1881, #3960, #9448, #3150, #5991 ) ) ;
#3093 = CARTESIAN_POINT ( 'NONE',  ( 0.04133848442894893366, 0.08887361748325463273, 0.02952771768361272045 ) ) ;
#3094 = ORIENTED_EDGE ( 'NONE', *, *, #10477, .T. ) ;
#3095 = EDGE_CURVE ( 'NONE', #979, #9387, #560, .T. ) ;
#3096 = ORIENTED_EDGE ( 'NONE', *, *, #3332, .F. ) ;
#3097 = ORIENTED_EDGE ( 'NONE', *, *, #3252, .F. ) ;
#3098 = ORIENTED_EDGE ( 'NONE', *, *, #9941, .T. ) ;
#3099 = CARTESIAN_POINT ( 'NONE',  ( 0.1063464589733429805, 0.09805663150164005415, 0.3838582677165355284 ) ) ;
#3100 = CARTESIAN_POINT ( 'NONE',  ( -0.1082677165354330728, 0.0009842519685039369942, 0.3307086614173229133 ) ) ;
#3101 = EDGE_CURVE ( 'NONE', #5906, #9416, #2424, .T. ) ;
#3102 = VECTOR ( 'NONE', #8936, 39.37007874015748143 ) ;
#3103 = ADVANCED_FACE ( 'NONE', ( #8948 ), #947, .F. ) ;
#3104 = DIRECTION ( 'NONE',  ( 0.6401843996644798196, 7.839997759131750897E-17, -0.7682212795973758501 ) ) ;
#3105 = DIRECTION ( 'NONE',  ( 1.000000000000000000, 0.000000000000000000, 0.000000000000000000 ) ) ;
#3106 = DIRECTION ( 'NONE',  ( 1.000000000000000000, 0.000000000000000000, 0.000000000000000000 ) ) ;
#3107 = DIRECTION ( 'NONE',  ( 0.000000000000000000, 0.4251026817763923771, 0.9051451319796838257 ) ) ;
#3108 = DIRECTION ( 'NONE',  ( -1.000000000000000000, 0.000000000000000000, 0.000000000000000000 ) ) ;
#3109 = ORIENTED_EDGE ( 'NONE', *, *, #2816, .T. ) ;
#3110 = EDGE_CURVE ( 'NONE', #117, #1550, #5217, .T. ) ;
#3111 = ADVANCED_FACE ( 'NONE', ( #8013 ), #1002, .F. ) ;
#3112 = LINE ( 'NONE', #311, #7261 ) ;
#3113 = ORIENTED_EDGE ( 'NONE', *, *, #1932, .F. ) ;
#3114 = DIRECTION ( 'NONE',  ( 0.000000000000000000, 1.000000000000000000, 0.000000000000000000 ) ) ;
#3115 = FACE_OUTER_BOUND ( 'NONE', #2315, .T. ) ;
#3116 = DIRECTION ( 'NONE',  ( 0.000000000000000000, 0.000000000000000000, 1.000000000000000000 ) ) ;
#3117 = CARTESIAN_POINT ( 'NONE',  ( -0.1436560374559051334, -0.08858267716535435377, 0.3547506367027130625 ) ) ;
#3118 = CARTESIAN_POINT ( 'NONE',  ( -0.1131889763779527630, 0.05905511811023622659, 0.07086614173228347746 ) ) ;
#3119 = CARTESIAN_POINT ( 'NONE',  ( -0.1059055118110236310, 0.08858267716535435377, 0.1574803149606299191 ) ) ;
#3120 = ORIENTED_EDGE ( 'NONE', *, *, #1710, .T. ) ;
#3121 = LINE ( 'NONE', #6673, #7810 ) ;
#3122 = EDGE_CURVE ( 'NONE', #11021, #11234, #9689, .T. ) ;
#3123 = EDGE_CURVE ( 'NONE', #156, #5482, #3638, .T. ) ;
#3124 = EDGE_LOOP ( 'NONE', ( #6687, #2074, #4481, #3503 ) ) ;
#3125 = ORIENTED_EDGE ( 'NONE', *, *, #3367, .F. ) ;
#3126 = LINE ( 'NONE', #5618, #6386 ) ;
#3127 = CARTESIAN_POINT ( 'NONE',  ( -0.07086614173228347746, 0.000000000000000000, 0.3029921271622834644 ) ) ;
#3128 = ORIENTED_EDGE ( 'NONE', *, *, #3884, .F. ) ;
#3129 = CYLINDRICAL_SURFACE ( 'NONE', #10690, 0.007874015748031499423 ) ;
#3130 = CARTESIAN_POINT ( 'NONE',  ( 0.1131889763779527630, -0.01771653543307087283, 0.3523622047244094890 ) ) ;
#3131 = CARTESIAN_POINT ( 'NONE',  ( -0.02553262676018970903, 0.09564448075021320106, 0.03855088779417367023 ) ) ;
#3132 = CARTESIAN_POINT ( 'NONE',  ( 0.05413385826771653642, -0.03937007874015747977, 0.02952755905511811330 ) ) ;
#3133 = ORIENTED_EDGE ( 'NONE', *, *, #8872, .F. ) ;
#3134 = CIRCLE ( 'NONE', #2933, 0.07086614173228347746 ) ;
#3135 = CARTESIAN_POINT ( 'NONE',  ( -0.09389763779527558751, 0.09842519685039370636, 0.1555118110236220763 ) ) ;
#3136 = ADVANCED_FACE ( 'NONE', ( #6319 ), #9822, .F. ) ;
#3137 = ORIENTED_EDGE ( 'NONE', *, *, #10488, .T. ) ;
#3138 = VERTEX_POINT ( 'NONE', #4561 ) ;
#3139 = DIRECTION ( 'NONE',  ( 1.000000000000000000, 0.000000000000000000, 0.000000000000000000 ) ) ;
#3140 = DIRECTION ( 'NONE',  ( 1.000000000000000000, 0.000000000000000000, 0.000000000000000000 ) ) ;
#3141 = CARTESIAN_POINT ( 'NONE',  ( -0.1422251440816939827, -0.08858267716535435377, 0.3468957707501952870 ) ) ;
#3142 = CARTESIAN_POINT ( 'NONE',  ( 0.09055118110235264861, 0.09842519685039370636, 0.1574803149606318342 ) ) ;
#3143 = DIRECTION ( 'NONE',  ( 0.000000000000000000, 0.000000000000000000, -1.000000000000000000 ) ) ;
#3144 = DIRECTION ( 'NONE',  ( -0.000000000000000000, -1.000000000000000000, -0.000000000000000000 ) ) ;
#3145 = FACE_OUTER_BOUND ( 'NONE', #468, .T. ) ;
#3146 = VERTEX_POINT ( 'NONE', #2760 ) ;
#3147 = ORIENTED_EDGE ( 'NONE', *, *, #4897, .F. ) ;
#3148 = CARTESIAN_POINT ( 'NONE',  ( -0.1082677165354330728, -0.01968503937007873988, 0.2263779527559055260 ) ) ;
#3149 = EDGE_CURVE ( 'NONE', #9427, #7898, #1711, .T. ) ;
#3150 = ORIENTED_EDGE ( 'NONE', *, *, #2631, .T. ) ;
#3151 = ORIENTED_EDGE ( 'NONE', *, *, #6566, .F. ) ;
#3152 = CLOSED_SHELL ( 'NONE', ( #2476, #6036, #7609, #4147, #9109, #9769, #747, #4920, #8602, #11504, #716, #1359, #9891, #3436, #7997, #8836, #7803, #10571, #7938, #6659, #5754, #5293, #3900, #6709, #8682, #9506, #8845, #2884, #10129, #3346, #4080, #9274, #4955, #2679, #481, #9049, #3598, #5000, #1277, #5905, #6338, #8355, #4251, #11100, #9285, #5380, #8214, #8757, #738, #10284, #5559, #4332, #8021, #10920, #3397, #650, #449, #5813, #10158, #7418, #3450, #10631, #7732, #7140, #6158, #198, #856, #8710, #3036, #10236, #9736, #3419, #6371, #3399, #902, #9131, #7903, #6602, #11321, #58, #8424, #1877, #8498, #8784, #6151, #11436, #4104, #10985, #8121, #6122, #8245, #2018, #504, #10393, #3988, #5570, #6716, #3136, #5505, #1152, #3740, #10494, #2009, #2311, #4691, #7496, #9738, #1450, #3775, #9806, #7686, #4502, #493, #10524, #8471, #929 ) ) ;
#3153 = ORIENTED_EDGE ( 'NONE', *, *, #2754, .T. ) ;
#3154 = ORIENTED_EDGE ( 'NONE', *, *, #10116, .F. ) ;
#3155 = CARTESIAN_POINT ( 'NONE',  ( 0.000000000000000000, 0.000000000000000000, 0.1574803149606299191 ) ) ;
#3156 = CYLINDRICAL_SURFACE ( 'NONE', #85, 0.01771653543307086243 ) ;
#3157 = LINE ( 'NONE', #7703, #4377 ) ;
#3158 = CARTESIAN_POINT ( 'NONE',  ( -0.08547988798639144514, -0.1785664362270300842, -0.09842519685038113308 ) ) ;
#3159 = DIRECTION ( 'NONE',  ( 1.000000000000000000, 0.000000000000000000, 0.000000000000000000 ) ) ;
#3160 = FACE_OUTER_BOUND ( 'NONE', #9703, .T. ) ;
#3161 = EDGE_CURVE ( 'NONE', #6544, #11132, #842, .T. ) ;
#3162 = VECTOR ( 'NONE', #10929, 39.37007874015748143 ) ;
#3163 = CARTESIAN_POINT ( 'NONE',  ( -0.1091297408830999571, 0.09694458694771311558, 0.3838582677165355284 ) ) ;
#3164 = ORIENTED_EDGE ( 'NONE', *, *, #8922, .F. ) ;
#3165 = EDGE_CURVE ( 'NONE', #8197, #9295, #8180, .T. ) ;
#3166 = CARTESIAN_POINT ( 'NONE',  ( 0.1082677165354330728, 0.05905511811023622659, 0.3523622047244094890 ) ) ;
#3167 = VERTEX_POINT ( 'NONE', #10695 ) ;
#3168 = AXIS2_PLACEMENT_3D ( 'NONE', #834, #6466, #2087 ) ;
#3169 = DIRECTION ( 'NONE',  ( 0.3422818791946308226, 0.000000000000000000, -0.9395973154362415869 ) ) ;
#3170 = DIRECTION ( 'NONE',  ( 1.000000000000000000, 0.000000000000000000, 0.000000000000000000 ) ) ;
#3171 = CARTESIAN_POINT ( 'NONE',  ( -0.1259842519685039353, -0.08858267716535435377, 0.3129921259842520231 ) ) ;
#3172 = DIRECTION ( 'NONE',  ( 1.000000000000000000, 0.000000000000000000, 0.000000000000000000 ) ) ;
#3173 = EDGE_CURVE ( 'NONE', #6764, #3431, #2815, .T. ) ;
#3174 = CARTESIAN_POINT ( 'NONE',  ( 0.000000000000000000, 0.000000000000000000, -0.09055118110236221041 ) ) ;
#3175 = PLANE ( 'NONE',  #6342 ) ;
#3176 = AXIS2_PLACEMENT_3D ( 'NONE', #6271, #3690, #4451 ) ;
#3177 = ORIENTED_EDGE ( 'NONE', *, *, #8089, .T. ) ;
#3178 = VECTOR ( 'NONE', #9288, 39.37007874015748143 ) ;
#3179 = DIRECTION ( 'NONE',  ( 0.000000000000000000, -1.000000000000000000, 0.000000000000000000 ) ) ;
#3180 = VERTEX_POINT ( 'NONE', #1771 ) ;
#3181 = ORIENTED_EDGE ( 'NONE', *, *, #3571, .T. ) ;
#3182 = CARTESIAN_POINT ( 'NONE',  ( 0.1313389175165870781, -0.09842519685039370636, 0.3395385684779739788 ) ) ;
#3183 = VECTOR ( 'NONE', #7204, 39.37007874015748143 ) ;
#3184 = LINE ( 'NONE', #10179, #8075 ) ;
#3185 = CIRCLE ( 'NONE', #4836, 0.09842519685039370636 ) ;
#3186 = ORIENTED_EDGE ( 'NONE', *, *, #11259, .T. ) ;
#3187 = CARTESIAN_POINT ( 'NONE',  ( 0.04427584488500576482, 0.09842519685039369248, 0.3326766805402285865 ) ) ;
#3188 = EDGE_CURVE ( 'NONE', #5482, #9286, #8129, .T. ) ;
#3189 = EDGE_CURVE ( 'NONE', #10279, #11223, #9001, .T. ) ;
#3190 = FACE_OUTER_BOUND ( 'NONE', #4155, .T. ) ;
#3191 = CARTESIAN_POINT ( 'NONE',  ( -0.02725955864861408576, 0.08724518091461147540, 0.1639281004800904051 ) ) ;
#3192 = B_SPLINE_CURVE_WITH_KNOTS ( 'NONE', 3,
 ( #3471, #5861, #2302, #9418, #679, #6968 ),
 .UNSPECIFIED., .F., .F.,
 ( 4, 2, 4 ),
 ( 0.000000000000000000, 0.5000000000000000000, 1.000000000000000000 ),
 .UNSPECIFIED. ) ;
#3193 = CARTESIAN_POINT ( 'NONE',  ( 0.07322834645668968578, 0.08464566929133858497, 0.1122047244094499935 ) ) ;
#3194 = VECTOR ( 'NONE', #8991, 39.37007874015748143 ) ;
#3195 = AXIS2_PLACEMENT_3D ( 'NONE', #4951, #2276, #6877 ) ;
#3196 = ORIENTED_EDGE ( 'NONE', *, *, #4231, .F. ) ;
#3197 = ORIENTED_EDGE ( 'NONE', *, *, #5491, .T. ) ;
#3198 = EDGE_LOOP ( 'NONE', ( #5812, #3610, #8884, #4095 ) ) ;
#3199 = ORIENTED_EDGE ( 'NONE', *, *, #7857, .T. ) ;
#3200 = DIRECTION ( 'NONE',  ( 0.000000000000000000, 0.000000000000000000, -1.000000000000000000 ) ) ;
#3201 = EDGE_CURVE ( 'NONE', #6189, #1505, #1483, .T. ) ;
#3202 = LINE ( 'NONE', #6810, #9233 ) ;
#3203 = CARTESIAN_POINT ( 'NONE',  ( -0.1313389175166535527, -0.08858267716535435377, 0.3395385684779921864 ) ) ;
#3204 = LINE ( 'NONE', #1265, #3575 ) ;
#3205 = CARTESIAN_POINT ( 'NONE',  ( 0.000000000000000000, 0.000000000000000000, 0.000000000000000000 ) ) ;
#3206 = CARTESIAN_POINT ( 'NONE',  ( 0.1082677165354330728, -0.01968503937007873988, 0.2263779527559055260 ) ) ;
#3207 = DIRECTION ( 'NONE',  ( 0.000000000000000000, 0.000000000000000000, -1.000000000000000000 ) ) ;
#3208 = EDGE_LOOP ( 'NONE', ( #10888, #10185, #6143, #10716 ) ) ;
#3209 = ORIENTED_EDGE ( 'NONE', *, *, #9121, .F. ) ;
#3210 = CARTESIAN_POINT ( 'NONE',  ( 0.1346456692913385877, -0.08858267716535435377, 0.07086614173228347746 ) ) ;
#3211 = VECTOR ( 'NONE', #464, 39.37007874015748143 ) ;
#3212 = VERTEX_POINT ( 'NONE', #6380 ) ;
#3213 = EDGE_LOOP ( 'NONE', ( #6737, #4157, #9447, #2492 ) ) ;
#3214 = ORIENTED_EDGE ( 'NONE', *, *, #8957, .F. ) ;
#3215 = CARTESIAN_POINT ( 'NONE',  ( -0.1181102362204724532, 0.02362204724409448786, 0.03149606299212598381 ) ) ;
#3216 = DIRECTION ( 'NONE',  ( 0.000000000000000000, 0.000000000000000000, -1.000000000000000000 ) ) ;
#3217 = DIRECTION ( 'NONE',  ( 1.000000000000000000, 0.000000000000000000, 0.000000000000000000 ) ) ;
#3218 = EDGE_CURVE ( 'NONE', #7883, #10327, #6156, .T. ) ;
#3219 = CARTESIAN_POINT ( 'NONE',  ( 0.1204916978504291108, -0.09755231737931467639, 0.2165354331658464748 ) ) ;
#3220 = DIRECTION ( 'NONE',  ( 1.000000000000000000, 0.000000000000000000, 0.000000000000000000 ) ) ;
#3221 = VECTOR ( 'NONE', #1773, 39.37007874015748143 ) ;
#3222 = CARTESIAN_POINT ( 'NONE',  ( -0.1181102362204724532, 0.08070866141732283006, 0.1102362204724409434 ) ) ;
#3223 = CARTESIAN_POINT ( 'NONE',  ( 0.1259842519684842566, -0.09842519685039369248, 0.05118110236220473758 ) ) ;
#3224 = ORIENTED_EDGE ( 'NONE', *, *, #1136, .F. ) ;
#3225 = DIRECTION ( 'NONE',  ( 1.000000000000000000, 0.000000000000000000, 0.000000000000000000 ) ) ;
#3226 = ORIENTED_EDGE ( 'NONE', *, *, #8969, .F. ) ;
#3227 = AXIS2_PLACEMENT_3D ( 'NONE', #8333, #7453, #349 ) ;
#3228 = EDGE_CURVE ( 'NONE', #5331, #571, #8838, .T. ) ;
#3229 = LINE ( 'NONE', #5018, #634 ) ;
#3230 = CARTESIAN_POINT ( 'NONE',  ( -0.02661417322834646118, 0.06220472440944882497, 0.3873837476665354385 ) ) ;
#3231 = EDGE_CURVE ( 'NONE', #2853, #3420, #11511, .T. ) ;
#3232 = LINE ( 'NONE', #5081, #10897 ) ;
#3233 = FACE_OUTER_BOUND ( 'NONE', #9130, .T. ) ;
#3234 = LINE ( 'NONE', #3867, #7566 ) ;
#3235 = DIRECTION ( 'NONE',  ( 1.000000000000000000, 0.000000000000000000, 0.000000000000000000 ) ) ;
#3236 = CIRCLE ( 'NONE', #3969, 0.04578276980082677389 ) ;
#3237 = CARTESIAN_POINT ( 'NONE',  ( 0.02595606523969920879, 0.09647827767394838439, 0.3444086081390206888 ) ) ;
#3238 = VERTEX_POINT ( 'NONE', #3522 ) ;
#3239 = EDGE_LOOP ( 'NONE', ( #6805, #10018, #10645, #7615, #4963, #1432, #6647, #4834 ) ) ;
#3240 = ADVANCED_FACE ( 'NONE', ( #7080 ), #10641, .T. ) ;
#3241 = CARTESIAN_POINT ( 'NONE',  ( -0.1076711924192363251, 0.08569986989356839779, 0.3838582677165355839 ) ) ;
#3242 = CARTESIAN_POINT ( 'NONE',  ( -0.1393455678156299282, -0.07874015748031495954, 0.3129921259842520231 ) ) ;
#3243 = ORIENTED_EDGE ( 'NONE', *, *, #2187, .F. ) ;
#3244 = EDGE_CURVE ( 'NONE', #3783, #9727, #375, .T. ) ;
#3245 = CARTESIAN_POINT ( 'NONE',  ( -0.02559055118110236879, 0.05216292877700969693, 0.3660023665961456008 ) ) ;
#3246 = CARTESIAN_POINT ( 'NONE',  ( 0.03149606299212992511, 0.06845653158925198156, 0.3267716535433071168 ) ) ;
#3247 = CARTESIAN_POINT ( 'NONE',  ( -0.02836950732173065814, 0.08777664459065036284, 0.1620778117596026191 ) ) ;
#3248 = DIRECTION ( 'NONE',  ( 0.2275011753997955577, 0.000000000000000000, 0.9737778058631811895 ) ) ;
#3249 = AXIS2_PLACEMENT_3D ( 'NONE', #9298, #2243, #1305 ) ;
#3250 = EDGE_LOOP ( 'NONE', ( #3829, #7130, #5323, #2076 ) ) ;
#3251 = EDGE_LOOP ( 'NONE', ( #6068, #10916, #5568, #1774, #10753, #8517 ) ) ;
#3252 = EDGE_CURVE ( 'NONE', #5075, #612, #7710, .T. ) ;
#3253 = EDGE_CURVE ( 'NONE', #6822, #3845, #10225, .T. ) ;
#3254 = ORIENTED_EDGE ( 'NONE', *, *, #9068, .T. ) ;
#3255 = ORIENTED_EDGE ( 'NONE', *, *, #9530, .F. ) ;
#3256 = ORIENTED_EDGE ( 'NONE', *, *, #342, .F. ) ;
#3257 = CIRCLE ( 'NONE', #9011, 0.007874015748031525444 ) ;
#3258 = VECTOR ( 'NONE', #2591, 39.37007874015748143 ) ;
#3259 = LINE ( 'NONE', #4934, #6066 ) ;
#3260 = DIRECTION ( 'NONE',  ( 0.000000000000000000, 0.000000000000000000, -1.000000000000000000 ) ) ;
#3261 = CARTESIAN_POINT ( 'NONE',  ( 0.1027559055118110187, -0.05118110236220473758, 0.03149606299212598381 ) ) ;
#3262 = CARTESIAN_POINT ( 'NONE',  ( 0.1131889763779527630, 0.02066929133858268208, 0.3169291338582677642 ) ) ;
#3263 = APPROVAL_ROLE ( '' ) ;
#3264 = CARTESIAN_POINT ( 'NONE',  ( -0.02559055118110236879, 0.07443004459219401681, 0.04527559052507874882 ) ) ;
#3265 = LINE ( 'NONE', #1498, #1537 ) ;
#3266 = ORIENTED_EDGE ( 'NONE', *, *, #10957, .F. ) ;
#3267 = ORIENTED_EDGE ( 'NONE', *, *, #11306, .T. ) ;
#3268 = CARTESIAN_POINT ( 'NONE',  ( -0.1082677165354330728, -0.05905511811023622659, 0.3307086614173229133 ) ) ;
#3269 = VECTOR ( 'NONE', #5901, 39.37007874015748854 ) ;
#3270 = VERTEX_POINT ( 'NONE', #9234 ) ;
#3271 = VERTEX_POINT ( 'NONE', #7483 ) ;
#3272 = ORIENTED_EDGE ( 'NONE', *, *, #6135, .T. ) ;
#3273 = EDGE_LOOP ( 'NONE', ( #6645, #3531, #874, #8156 ) ) ;
#3274 = CARTESIAN_POINT ( 'NONE',  ( -0.1181102362204724532, -0.08070866141732283006, 0.1968503937007874127 ) ) ;
#3275 = DIRECTION ( 'NONE',  ( 0.000000000000000000, 0.000000000000000000, -1.000000000000000000 ) ) ;
#3276 = CARTESIAN_POINT ( 'NONE',  ( -0.1131889763779527630, -0.02362204724409448786, 0.07086614173228347746 ) ) ;
#3277 = CONICAL_SURFACE ( 'NONE', #8855, 0.07873982347637066559, 0.7853960423744472674 ) ;
#3278 = DIRECTION ( 'NONE',  ( 0.000000000000000000, 0.000000000000000000, 1.000000000000000000 ) ) ;
#3279 = CARTESIAN_POINT ( 'NONE',  ( 0.1082677165354330728, -0.08070866141732283006, 0.3129921259842520231 ) ) ;
#3280 = VECTOR ( 'NONE', #3017, 39.37007874015748143 ) ;
#3281 = DIRECTION ( 'NONE',  ( 0.000000000000000000, 0.000000000000000000, 1.000000000000000000 ) ) ;
#3282 = CARTESIAN_POINT ( 'NONE',  ( -0.1082677165354330728, -0.08070866141732283006, 0.3129921259842520231 ) ) ;
#3283 = CARTESIAN_POINT ( 'NONE',  ( 0.03312856355849607554, 0.09512034087322836229, 0.02939815764791732511 ) ) ;
#3284 = VERTEX_POINT ( 'NONE', #8305 ) ;
#3285 = EDGE_LOOP ( 'NONE', ( #11004, #861, #3474, #1580, #7054, #7505, #1269, #4342 ) ) ;
#3286 = EDGE_CURVE ( 'NONE', #3964, #5683, #1240, .T. ) ;
#3287 = DIRECTION ( 'NONE',  ( 0.000000000000000000, 0.000000000000000000, -1.000000000000000000 ) ) ;
#3288 = B_SPLINE_SURFACE_WITH_KNOTS ( 'NONE', 3, 3, ( 
 ( #5388, #6391, #4462, #1783 ),
 ( #8959, #8082, #2890, #159 ),
 ( #2720, #6224, #10813, #9945 ),
 ( #6330, #9887, #900, #7090 ) ),
 .UNSPECIFIED., .F., .F., .F.,
 ( 4, 4 ),
 ( 4, 4 ),
 ( -0.08151303784565999688, 1.081513037846000058 ),
 ( -0.01967387564801999916, 0.2805051947605999851 ),
 .UNSPECIFIED. ) ;
#3289 = VECTOR ( 'NONE', #9256, 39.37007874015748143 ) ;
#3290 = VERTEX_POINT ( 'NONE', #3807 ) ;
#3291 = DIRECTION ( 'NONE',  ( 1.000000000000000000, 0.000000000000000000, 0.000000000000000000 ) ) ;
#3292 = CARTESIAN_POINT ( 'NONE',  ( -0.09842519685039370636, 0.1007874015748031621, 0.000000000000000000 ) ) ;
#3293 = PLANE ( 'NONE',  #4383 ) ;
#3294 = DIRECTION ( 'NONE',  ( 0.000000000000000000, -1.000000000000000000, 0.000000000000000000 ) ) ;
#3295 = AXIS2_PLACEMENT_3D ( 'NONE', #3174, #5793, #8421 ) ;
#3296 = PLANE ( 'NONE',  #8952 ) ;
#3297 = EDGE_CURVE ( 'NONE', #7191, #1135, #6529, .T. ) ;
#3298 = EDGE_LOOP ( 'NONE', ( #9969, #8523, #1375, #6160 ) ) ;
#3299 = DIRECTION ( 'NONE',  ( -0.4516689612929381537, 0.000000000000000000, -0.8921856025539519619 ) ) ;
#3300 = EDGE_CURVE ( 'NONE', #6387, #554, #5610, .T. ) ;
#3301 = ORIENTED_EDGE ( 'NONE', *, *, #4797, .F. ) ;
#3302 = CARTESIAN_POINT ( 'NONE',  ( -0.1023622047244094613, 0.08858267716535435377, 0.3838582677165355284 ) ) ;
#3303 = LINE ( 'NONE', #9650, #3258 ) ;
#3304 = ORIENTED_EDGE ( 'NONE', *, *, #688, .T. ) ;
#3305 = CARTESIAN_POINT ( 'NONE',  ( -0.1259842519685039353, -0.08858267716535435377, 0.3129921259842520231 ) ) ;
#3306 = LINE ( 'NONE', #3415, #2282 ) ;
#3307 = ADVANCED_FACE ( 'NONE', ( #3868 ), #2992, .T. ) ;
#3308 = VERTEX_POINT ( 'NONE', #10868 ) ;
#3309 = ORIENTED_EDGE ( 'NONE', *, *, #10711, .F. ) ;
#3310 = ORIENTED_EDGE ( 'NONE', *, *, #182, .T. ) ;
#3311 = VERTEX_POINT ( 'NONE', #1178 ) ;
#3312 = CARTESIAN_POINT ( 'NONE',  ( 0.000000000000000000, 0.000000000000000000, 0.4527559055118110520 ) ) ;
#3313 = CARTESIAN_POINT ( 'NONE',  ( 0.1241562068127952806, -0.09931591096393699303, 0.2165387422010236207 ) ) ;
#3314 = DIRECTION ( 'NONE',  ( 0.000000000000000000, 1.000000000000000000, 0.000000000000000000 ) ) ;
#3315 = DIRECTION ( 'NONE',  ( 1.000000000000000000, 0.000000000000000000, 0.000000000000000000 ) ) ;
#3316 = EDGE_CURVE ( 'NONE', #4350, #9658, #2234, .T. ) ;
#3317 = APPROVAL_ROLE ( '' ) ;
#3318 = VECTOR ( 'NONE', #3955, 39.37007874015748143 ) ;
#3319 = DIRECTION ( 'NONE',  ( 0.000000000000000000, 0.9051451319801792073, -0.4251026817753373876 ) ) ;
#3320 = ORIENTED_EDGE ( 'NONE', *, *, #2299, .T. ) ;
#3321 = ORIENTED_EDGE ( 'NONE', *, *, #182, .F. ) ;
#3322 = CARTESIAN_POINT ( 'NONE',  ( 0.1313389175166535527, -0.08858267716535435377, 0.3297527701046850668 ) ) ;
#3323 = ORIENTED_EDGE ( 'NONE', *, *, #2214, .F. ) ;
#3324 = ORIENTED_EDGE ( 'NONE', *, *, #8438, .T. ) ;
#3325 = ORIENTED_EDGE ( 'NONE', *, *, #6213, .F. ) ;
#3326 = PLANE ( 'NONE',  #3195 ) ;
#3327 = CARTESIAN_POINT ( 'NONE',  ( -0.1003937007874015630, 0.08070866141732283006, 0.1102362204724409434 ) ) ;
#3328 = DIRECTION ( 'NONE',  ( 1.000000000000000000, 0.000000000000000000, 0.000000000000000000 ) ) ;
#3329 = CARTESIAN_POINT ( 'NONE',  ( -0.1082677165354330728, -0.06889763779527559306, 0.4133858267716535861 ) ) ;
#3330 = CARTESIAN_POINT ( 'NONE',  ( -0.07322834645670577014, 0.09153543307086615954, 0.2381889763779480862 ) ) ;
#3331 = LINE ( 'NONE', #9625, #1332 ) ;
#3332 = EDGE_CURVE ( 'NONE', #8247, #7756, #4729, .T. ) ;
#3333 = LINE ( 'NONE', #4375, #153 ) ;
#3334 = EDGE_CURVE ( 'NONE', #554, #1000, #4471, .T. ) ;
#3335 = CARTESIAN_POINT ( 'NONE',  ( 0.07322834645668968578, 0.09842519685039370636, 0.1122047244094499935 ) ) ;
#3336 = VERTEX_POINT ( 'NONE', #7372 ) ;
#3337 = ORIENTED_EDGE ( 'NONE', *, *, #4073, .T. ) ;
#3338 = CARTESIAN_POINT ( 'NONE',  ( 0.1081720773211417436, -0.08572994939153542882, 0.2165354354384252111 ) ) ;
#3339 = EDGE_LOOP ( 'NONE', ( #754, #5159, #2208, #2739 ) ) ;
#3340 = CARTESIAN_POINT ( 'NONE',  ( 0.000000000000000000, 0.000000000000000000, -0.09055118110236221041 ) ) ;
#3341 = CARTESIAN_POINT ( 'NONE',  ( -0.1244670245173621903, -0.09842519685039370636, 0.1771653543307087075 ) ) ;
#3342 = VECTOR ( 'NONE', #2057, 39.37007874015748143 ) ;
#3343 = CARTESIAN_POINT ( 'NONE',  ( -0.1082677165354330728, -0.05905511811023622659, 0.07086614173228347746 ) ) ;
#3344 = DIRECTION ( 'NONE',  ( 0.000000000000000000, -1.000000000000000000, 0.000000000000000000 ) ) ;
#3345 = CARTESIAN_POINT ( 'NONE',  ( 0.1259842519685039353, -0.08070866141732283006, 0.09055118110236221041 ) ) ;
#3346 = ADVANCED_FACE ( 'NONE', ( #11107 ), #2053, .F. ) ;
#3347 = CARTESIAN_POINT ( 'NONE',  ( -0.1003937007874015630, 0.09842519685039370636, 0.1102362204724409295 ) ) ;
#3348 = VERTEX_POINT ( 'NONE', #5794 ) ;
#3349 = CARTESIAN_POINT ( 'NONE',  ( -0.03149606299212598381, 0.09842519685039370636, 0.4330708661417324024 ) ) ;
#3350 = AXIS2_PLACEMENT_3D ( 'NONE', #4577, #4520, #6283 ) ;
#3351 = ORIENTED_EDGE ( 'NONE', *, *, #7860, .F. ) ;
#3352 = VERTEX_POINT ( 'NONE', #3989 ) ;
#3353 = DIRECTION ( 'NONE',  ( 0.000000000000000000, 0.000000000000000000, -1.000000000000000000 ) ) ;
#3354 = DIRECTION ( 'NONE',  ( 0.000000000000000000, 1.000000000000000000, 0.000000000000000000 ) ) ;
#3355 = B_SPLINE_CURVE_WITH_KNOTS ( 'NONE', 3,
 ( #7677, #5986, #4981, #3247, #3191, #735, #11402, #4118 ),
 .UNSPECIFIED., .F., .F.,
 ( 4, 2, 2, 4 ),
 ( 4.676448020763640917E-14, 0.0003272814704210193714, 0.0004909222056081468007, 0.0006545629407952742842 ),
 .UNSPECIFIED. ) ;
#3356 = EDGE_LOOP ( 'NONE', ( #5895, #4881, #3467, #6359 ) ) ;
#3357 = VECTOR ( 'NONE', #9901, 39.37007874015748143 ) ;
#3358 = VECTOR ( 'NONE', #5710, 39.37007874015748854 ) ;
#3359 = ADVANCED_FACE ( 'NONE', ( #9991 ), #6491, .F. ) ;
#3360 = CARTESIAN_POINT ( 'NONE',  ( 0.02559056123817485956, 0.09471347417303833949, 0.03972528651739812289 ) ) ;
#3361 = DIRECTION ( 'NONE',  ( 1.000000000000000000, 0.000000000000000000, 0.000000000000000000 ) ) ;
#3362 = ORIENTED_EDGE ( 'NONE', *, *, #10536, .F. ) ;
#3363 = VECTOR ( 'NONE', #5050, 39.37007874015748143 ) ;
#3364 = AXIS2_PLACEMENT_3D ( 'NONE', #11096, #488, #4040 ) ;
#3365 = ORIENTED_EDGE ( 'NONE', *, *, #2861, .T. ) ;
#3366 = ORIENTED_EDGE ( 'NONE', *, *, #8558, .F. ) ;
#3367 = EDGE_CURVE ( 'NONE', #1420, #4136, #9351, .T. ) ;
#3368 = B_SPLINE_CURVE_WITH_KNOTS ( 'NONE', 3,
 ( #10221, #7543, #2108, #372, #5607, #4046 ),
 .UNSPECIFIED., .F., .F.,
 ( 4, 2, 4 ),
 ( 0.000000000000000000, 0.5000000000000000000, 1.000000000000000000 ),
 .UNSPECIFIED. ) ;
#3369 = CARTESIAN_POINT ( 'NONE',  ( 8.437527159479780144E-19, -0.1220472440944882220, 0.08464566929133858497 ) ) ;
#3370 = EDGE_CURVE ( 'NONE', #7444, #2445, #2112, .T. ) ;
#3371 = CARTESIAN_POINT ( 'NONE',  ( 0.1190128840621653555, -0.09783171638066928688, 0.2165371681717716823 ) ) ;
#3372 = DIRECTION ( 'NONE',  ( 0.000000000000000000, -1.000000000000000000, 0.000000000000000000 ) ) ;
#3373 = DIRECTION ( 'NONE',  ( 1.000000000000000000, 0.000000000000000000, 0.000000000000000000 ) ) ;
#3374 = AXIS2_PLACEMENT_3D ( 'NONE', #2876, #4848, #6439 ) ;
#3375 = AXIS2_PLACEMENT_3D ( 'NONE', #8860, #6940, #10497 ) ;
#3376 = PRODUCT ( 'Same_Sky_SJ3-35013A-SMT-TR', 'Same_Sky_SJ3-35013A-SMT-TR', '', ( #7864 ) ) ;
#3377 = CARTESIAN_POINT ( 'NONE',  ( -0.03149606299212598381, 0.08095377066255905751, 0.07086614173228347746 ) ) ;
#3378 = ORIENTED_EDGE ( 'NONE', *, *, #4909, .F. ) ;
#3379 = ORIENTED_EDGE ( 'NONE', *, *, #10280, .F. ) ;
#3380 = CARTESIAN_POINT ( 'NONE',  ( 0.02559055118110236879, 0.09473329822164784642, 0.1712598425196850405 ) ) ;
#3381 = VERTEX_POINT ( 'NONE', #5674 ) ;
#3382 = ORIENTED_EDGE ( 'NONE', *, *, #1575, .F. ) ;
#3383 = CARTESIAN_POINT ( 'NONE',  ( -0.1181102362204724532, 0.0009842519685039369942, 0.3838582677165355284 ) ) ;
#3384 = ADVANCED_FACE ( 'NONE', ( #2935, #10045 ), #10521, .T. ) ;
#3385 = VECTOR ( 'NONE', #5639, 39.37007874015748143 ) ;
#3386 = CARTESIAN_POINT ( 'NONE',  ( -0.1082677165354330728, -0.08070866141732283006, 0.09055118110236221041 ) ) ;
#3387 = FACE_OUTER_BOUND ( 'NONE', #11465, .T. ) ;
#3388 = DIRECTION ( 'NONE',  ( 0.000000000000000000, 0.000000000000000000, 1.000000000000000000 ) ) ;
#3389 = CARTESIAN_POINT ( 'NONE',  ( 0.1259842519685039353, -0.08858267716535435377, 0.3129921259842520231 ) ) ;
#3390 = LINE ( 'NONE', #9735, #4323 ) ;
#3391 = FACE_OUTER_BOUND ( 'NONE', #6336, .T. ) ;
#3392 = DIRECTION ( 'NONE',  ( 1.000000000000000000, 0.000000000000000000, 0.000000000000000000 ) ) ;
#3393 = VECTOR ( 'NONE', #11093, 39.37007874015748143 ) ;
#3394 = ORIENTED_EDGE ( 'NONE', *, *, #8576, .F. ) ;
#3395 = ORIENTED_EDGE ( 'NONE', *, *, #6913, .T. ) ;
#3396 = ORIENTED_EDGE ( 'NONE', *, *, #10149, .T. ) ;
#3397 = ADVANCED_FACE ( 'NONE', ( #11331 ), #6733, .T. ) ;
#3398 = FACE_BOUND ( 'NONE', #3055, .T. ) ;
#3399 = ADVANCED_FACE ( 'NONE', ( #2535 ), #4970, .F. ) ;
#3400 = VECTOR ( 'NONE', #9719, 39.37007874015748143 ) ;
#3401 = CARTESIAN_POINT ( 'NONE',  ( 0.1189125299000393654, -0.07737951885744094593, 0.2165354330708661457 ) ) ;
#3402 = CARTESIAN_POINT ( 'NONE',  ( 0.1181102362204724532, 0.05905511811023622659, 0.1968503937007874127 ) ) ;
#3403 = LINE ( 'NONE', #9642, #9982 ) ;
#3404 = CARTESIAN_POINT ( 'NONE',  ( -0.1244670245173621903, -0.07874015748031495954, 0.1771653543307087075 ) ) ;
#3405 = ORIENTED_EDGE ( 'NONE', *, *, #1064, .T. ) ;
#3406 = DIRECTION ( 'NONE',  ( 0.000000000000000000, 0.000000000000000000, -1.000000000000000000 ) ) ;
#3407 = VECTOR ( 'NONE', #656, 39.37007874015748143 ) ;
#3408 = ORIENTED_EDGE ( 'NONE', *, *, #860, .T. ) ;
#3409 = CARTESIAN_POINT ( 'NONE',  ( -0.02559055118110236879, 0.04035433070866141503, 0.2342519685039370358 ) ) ;
#3410 = ADVANCED_FACE ( 'NONE', ( #8715 ), #3175, .F. ) ;
#3411 = CARTESIAN_POINT ( 'NONE',  ( 0.000000000000000000, 0.08464566929133858497, 0.3858267716535433989 ) ) ;
#3412 = ORIENTED_EDGE ( 'NONE', *, *, #2551, .T. ) ;
#3413 = AXIS2_PLACEMENT_3D ( 'NONE', #3633, #8942, #7242 ) ;
#3414 = CARTESIAN_POINT ( 'NONE',  ( 0.02559045686407411188, 0.09408979335498493524, 0.04041878302495696684 ) ) ;
#3415 = CARTESIAN_POINT ( 'NONE',  ( -0.1181102362204724532, 0.05905511811023622659, 0.3346456692913385988 ) ) ;
#3416 = ORIENTED_EDGE ( 'NONE', *, *, #10248, .T. ) ;
#3417 = CIRCLE ( 'NONE', #9932, 0.04578276980082676695 ) ;
#3418 = ORIENTED_EDGE ( 'NONE', *, *, #10839, .F. ) ;
#3419 = ADVANCED_FACE ( 'NONE', ( #9527 ), #725, .T. ) ;
#3420 = VERTEX_POINT ( 'NONE', #11392 ) ;
#3421 = ORIENTED_EDGE ( 'NONE', *, *, #1435, .F. ) ;
#3422 = DIRECTION ( 'NONE',  ( 0.000000000000000000, -1.000000000000000000, 0.000000000000000000 ) ) ;
#3423 = PLANE ( 'NONE',  #7175 ) ;
#3424 = CARTESIAN_POINT ( 'NONE',  ( -0.02857262542736726044, 0.09789452951331444053, 0.1618056719167065005 ) ) ;
#3425 = AXIS2_PLACEMENT_3D ( 'NONE', #2617, #4370, #5345 ) ;
#3426 = CARTESIAN_POINT ( 'NONE',  ( 0.1131889763779527630, -0.01771653543307087283, 0.3169291338582677642 ) ) ;
#3427 = EDGE_CURVE ( 'NONE', #11064, #8030, #5085, .T. ) ;
#3428 = CALENDAR_DATE ( 2024, 1, 10 ) ;
#3429 = CARTESIAN_POINT ( 'NONE',  ( 0.09389763779528031984, 0.09153543307086615954, 0.02952755905511474099 ) ) ;
#3430 = EDGE_CURVE ( 'NONE', #5087, #1419, #10461, .T. ) ;
#3431 = VERTEX_POINT ( 'NONE', #671 ) ;
#3432 = ORIENTED_EDGE ( 'NONE', *, *, #11451, .T. ) ;
#3433 = LINE ( 'NONE', #905, #2225 ) ;
#3434 = ORIENTED_EDGE ( 'NONE', *, *, #7674, .T. ) ;
#3435 = VERTEX_POINT ( 'NONE', #3347 ) ;
#3436 = ADVANCED_FACE ( 'NONE', ( #2472, #1468, #6032 ), #6094, .F. ) ;
#3437 = VECTOR ( 'NONE', #9421, 39.37007874015748143 ) ;
#3438 = ORIENTED_EDGE ( 'NONE', *, *, #7414, .F. ) ;
#3439 = VECTOR ( 'NONE', #6664, 39.37007874015748143 ) ;
#3440 = FACE_OUTER_BOUND ( 'NONE', #415, .T. ) ;
#3441 = DIRECTION ( 'NONE',  ( -0.5599433005142223641, 0.000000000000000000, 0.8285309289394328092 ) ) ;
#3442 = DIRECTION ( 'NONE',  ( 0.000000000000000000, -1.000000000000000000, 0.000000000000000000 ) ) ;
#3443 = CARTESIAN_POINT ( 'NONE',  ( 0.04486388419181103898, 0.09900842164492126840, 0.03030748575451968491 ) ) ;
#3444 = DIRECTION ( 'NONE',  ( 0.000000000000000000, 0.000000000000000000, 1.000000000000000000 ) ) ;
#3445 = CARTESIAN_POINT ( 'NONE',  ( -0.03186362113154330572, 0.08847238718755906506, 0.02937674837078346410 ) ) ;
#3446 = CARTESIAN_POINT ( 'NONE',  ( -0.1082677165354330728, 0.08464566929133858497, 0.2834645669291339098 ) ) ;
#3447 = AXIS2_PLACEMENT_3D ( 'NONE', #6831, #6074, #2568 ) ;
#3448 = FACE_BOUND ( 'NONE', #7281, .T. ) ;
#3449 = AXIS2_PLACEMENT_3D ( 'NONE', #1096, #9091, #8220 ) ;
#3450 = ADVANCED_FACE ( 'NONE', ( #4165 ), #3296, .T. ) ;
#3451 = ORIENTED_EDGE ( 'NONE', *, *, #2369, .F. ) ;
#3452 = ORIENTED_EDGE ( 'NONE', *, *, #9942, .T. ) ;
#3453 = CARTESIAN_POINT ( 'NONE',  ( 0.03708764668685568533, 0.09842519685039370636, 0.1555118484832816173 ) ) ;
#3454 = DIRECTION ( 'NONE',  ( -1.000000000000000000, 0.000000000000000000, 0.000000000000000000 ) ) ;
#3455 = EDGE_CURVE ( 'NONE', #6749, #582, #5916, .T. ) ;
#3456 = EDGE_LOOP ( 'NONE', ( #713, #5036, #2572, #9533, #6939, #9758, #638, #4267, #8521, #2414, #2930, #10246 ) ) ;
#3457 = DIRECTION ( 'NONE',  ( -0.000000000000000000, -0.000000000000000000, -1.000000000000000000 ) ) ;
#3458 = CIRCLE ( 'NONE', #6990, 0.04578276980082677389 ) ;
#3459 = AXIS2_PLACEMENT_3D ( 'NONE', #6576, #10132, #8264 ) ;
#3460 = LINE ( 'NONE', #7011, #2318 ) ;
#3461 = LINE ( 'NONE', #5969, #8672 ) ;
#3462 = LINE ( 'NONE', #2581, #6974 ) ;
#3463 = DIRECTION ( 'NONE',  ( 0.000000000000000000, 0.000000000000000000, 1.000000000000000000 ) ) ;
#3464 = CARTESIAN_POINT ( 'NONE',  ( 0.03149606299212336785, 0.09842519685039370636, 0.2362204724409449341 ) ) ;
#3465 = DIRECTION ( 'NONE',  ( 0.8285309289399143129, 0.000000000000000000, 0.5599433005135096009 ) ) ;
#3466 = EDGE_CURVE ( 'NONE', #3027, #1297, #10288, .T. ) ;
#3467 = ORIENTED_EDGE ( 'NONE', *, *, #1752, .F. ) ;
#3468 = DIRECTION ( 'NONE',  ( 0.000000000000000000, -1.000000000000000000, 0.000000000000000000 ) ) ;
#3469 = AXIS2_PLACEMENT_3D ( 'NONE', #632, #3140, #5049 ) ;
#3470 = ORIENTED_EDGE ( 'NONE', *, *, #9433, .T. ) ;
#3471 = CARTESIAN_POINT ( 'NONE',  ( -0.1023622047244094613, 0.09842519685039372024, 0.2854330708661417804 ) ) ;
#3472 = LINE ( 'NONE', #6152, #4913 ) ;
#3473 = B_SPLINE_SURFACE_WITH_KNOTS ( 'NONE', 3, 3, ( 
 ( #9957, #226, #10074, #4872 ),
 ( #3770, #7329, #2901, #10012 ),
 ( #2014, #5571, #9136, #1142 ),
 ( #4694, #3313, #6865, #3371 ) ),
 .UNSPECIFIED., .F., .F., .F.,
 ( 4, 4 ),
 ( 4, 4 ),
 ( -0.07628014735051999451, 1.076320879887999959 ),
 ( 0.2411577121564000004, 0.3797135318777999924 ),
 .UNSPECIFIED. ) ;
#3474 = ORIENTED_EDGE ( 'NONE', *, *, #3075, .F. ) ;
#3475 = AXIS2_PLACEMENT_3D ( 'NONE', #5971, #7835, #7016 ) ;
#3476 = FACE_OUTER_BOUND ( 'NONE', #3635, .T. ) ;
#3477 = DIRECTION ( 'NONE',  ( 1.000000000000000000, 0.000000000000000000, 0.000000000000000000 ) ) ;
#3478 = EDGE_CURVE ( 'NONE', #6617, #6085, #8770, .T. ) ;
#3479 = ADVANCED_FACE ( 'NONE', ( #5852 ), #9411, .T. ) ;
#3480 = EDGE_LOOP ( 'NONE', ( #5765, #2012, #4614, #10489, #4252, #4346, #336, #8651, #3096, #1674, #3394, #7682, #845, #5528, #11110, #10226 ) ) ;
#3481 = ORIENTED_EDGE ( 'NONE', *, *, #10827, .T. ) ;
#3482 = VERTEX_POINT ( 'NONE', #6784 ) ;
#3483 = CARTESIAN_POINT ( 'NONE',  ( 0.000000000000000000, -0.09842519685039370636, 0.4527559055118110520 ) ) ;
#3484 = FACE_OUTER_BOUND ( 'NONE', #6585, .T. ) ;
#3485 = FACE_OUTER_BOUND ( 'NONE', #8571, .T. ) ;
#3486 = EDGE_CURVE ( 'NONE', #5134, #10554, #4301, .T. ) ;
#3487 = CARTESIAN_POINT ( 'NONE',  ( 0.1010826771653543232, 0.09842519685039370636, 0.1555118110236220763 ) ) ;
#3488 = ORIENTED_EDGE ( 'NONE', *, *, #10438, .T. ) ;
#3489 = LINE ( 'NONE', #11419, #10783 ) ;
#3490 = ORIENTED_EDGE ( 'NONE', *, *, #5484, .F. ) ;
#3491 = ORIENTED_EDGE ( 'NONE', *, *, #8548, .F. ) ;
#3492 = EDGE_LOOP ( 'NONE', ( #9268, #11050, #9771, #11241, #4524, #2727, #297, #5138 ) ) ;
#3493 = DIRECTION ( 'NONE',  ( 1.000000000000000000, 0.000000000000000000, 0.000000000000000000 ) ) ;
#3494 = CARTESIAN_POINT ( 'NONE',  ( -0.1082677165354330728, 0.08070866141732283006, 0.1574803149606299191 ) ) ;
#3495 = LINE ( 'NONE', #10604, #5488 ) ;
#3496 = VECTOR ( 'NONE', #8586, 39.37007874015748143 ) ;
#3497 = CARTESIAN_POINT ( 'NONE',  ( 0.04353596776939348822, 0.08027698554491362326, -0.09842518688601649413 ) ) ;
#3498 = CARTESIAN_POINT ( 'NONE',  ( 0.1082677165354330728, 0.08267716535433072833, 0.3838582677165355284 ) ) ;
#3499 = CARTESIAN_POINT ( 'NONE',  ( -0.02550945343846456465, 0.09177467276311022937, 0.04308320358523622107 ) ) ;
#3500 = CARTESIAN_POINT ( 'NONE',  ( 0.1313389175165936562, -0.09842519685039370636, 0.3297527701047232584 ) ) ;
#3501 = EDGE_CURVE ( 'NONE', #408, #3348, #9469, .T. ) ;
#3502 = DIRECTION ( 'NONE',  ( 1.000000000000000000, 0.000000000000000000, 0.000000000000000000 ) ) ;
#3503 = ORIENTED_EDGE ( 'NONE', *, *, #6078, .F. ) ;
#3504 = ORIENTED_EDGE ( 'NONE', *, *, #6349, .F. ) ;
#3505 = DIRECTION ( 'NONE',  ( -1.000000000000000000, 0.000000000000000000, 0.000000000000000000 ) ) ;
#3506 = EDGE_LOOP ( 'NONE', ( #7515, #8858, #10661 ) ) ;
#3507 = CARTESIAN_POINT ( 'NONE',  ( -0.04433365213458971554, 0.09842519685039370636, 0.3326771653543307283 ) ) ;
#3508 = CARTESIAN_POINT ( 'NONE',  ( 0.04148596420358267867, 0.09350393700787401619, 0.1555118110236220763 ) ) ;
#3509 = EDGE_CURVE ( 'NONE', #8977, #9630, #6262, .T. ) ;
#3510 = DIRECTION ( 'NONE',  ( -1.000000000000000000, 0.000000000000000000, 0.000000000000000000 ) ) ;
#3511 = DIRECTION ( 'NONE',  ( 0.000000000000000000, 0.000000000000000000, 1.000000000000000000 ) ) ;
#3512 = LINE ( 'NONE', #8934, #568 ) ;
#3513 = DIRECTION ( 'NONE',  ( 0.000000000000000000, 0.000000000000000000, 1.000000000000000000 ) ) ;
#3514 = DIRECTION ( 'NONE',  ( -0.3363363969974910717, 0.000000000000000000, -0.9417419115950750319 ) ) ;
#3515 = ORIENTED_EDGE ( 'NONE', *, *, #233, .T. ) ;
#3516 = PLANE ( 'NONE',  #4278 ) ;
#3517 = VERTEX_POINT ( 'NONE', #10576 ) ;
#3518 = DIRECTION ( 'NONE',  ( 0.000000000000000000, -1.000000000000000000, -1.019389822608000021E-13 ) ) ;
#3519 = DIRECTION ( 'NONE',  ( 0.000000000000000000, 0.000000000000000000, 1.000000000000000000 ) ) ;
#3520 = ADVANCED_FACE ( 'NONE', ( #29 ), #5425, .T. ) ;
#3521 = ORIENTED_EDGE ( 'NONE', *, *, #9201, .T. ) ;
#3522 = CARTESIAN_POINT ( 'NONE',  ( -0.1313389175166146394, -0.09842519685039370636, 0.1919037375080113739 ) ) ;
#3523 = FACE_OUTER_BOUND ( 'NONE', #6614, .T. ) ;
#3524 = CIRCLE ( 'NONE', #5010, 0.01771653543307086243 ) ;
#3525 = ORIENTED_EDGE ( 'NONE', *, *, #8894, .F. ) ;
#3526 = VERTEX_POINT ( 'NONE', #141 ) ;
#3527 = CARTESIAN_POINT ( 'NONE',  ( -0.1417322834645669549, -0.004724409448818895838, 0.08661417322834646937 ) ) ;
#3528 = EDGE_CURVE ( 'NONE', #1551, #8177, #5981, .T. ) ;
#3529 = CIRCLE ( 'NONE', #6710, 0.09842519685039370636 ) ;
#3530 = ADVANCED_FACE ( 'NONE', ( #10625 ), #2585, .F. ) ;
#3531 = ORIENTED_EDGE ( 'NONE', *, *, #2875, .T. ) ;
#3532 = DIRECTION ( 'NONE',  ( -0.4657464328329224412, 0.000000000000000000, -0.8849182223818243820 ) ) ;
#3533 = DIRECTION ( 'NONE',  ( 0.000000000000000000, 0.000000000000000000, -1.000000000000000000 ) ) ;
#3534 = CARTESIAN_POINT ( 'NONE',  ( -0.03756990233613718977, 0.1079616331249470262, 0.02980770946666909393 ) ) ;
#3535 = FACE_OUTER_BOUND ( 'NONE', #4249, .T. ) ;
#3536 = VECTOR ( 'NONE', #5436, 39.37007874015748143 ) ;
#3537 = AXIS2_PLACEMENT_3D ( 'NONE', #7502, #6571, #7440 ) ;
#3538 = ORIENTED_EDGE ( 'NONE', *, *, #1334, .T. ) ;
#3539 = DIRECTION ( 'NONE',  ( 1.000000000000000000, 0.000000000000000000, 0.000000000000000000 ) ) ;
#3540 = VERTEX_POINT ( 'NONE', #8937 ) ;
#3541 = ORIENTED_EDGE ( 'NONE', *, *, #1815, .F. ) ;
#3542 = ORIENTED_EDGE ( 'NONE', *, *, #11288, .T. ) ;
#3543 = DIRECTION ( 'NONE',  ( 0.000000000000000000, 0.000000000000000000, 1.000000000000000000 ) ) ;
#3544 = EDGE_CURVE ( 'NONE', #5978, #5713, #5368, .T. ) ;
#3545 = ORIENTED_EDGE ( 'NONE', *, *, #1081, .T. ) ;
#3546 = VECTOR ( 'NONE', #7017, 39.37007874015748143 ) ;
#3547 = CARTESIAN_POINT ( 'NONE',  ( -0.03149606299212598381, 0.07406400688303149682, 0.1574803149606299191 ) ) ;
#3548 = CIRCLE ( 'NONE', #7840, 0.005905511811023620231 ) ;
#3549 = LINE ( 'NONE', #5701, #10539 ) ;
#3550 = LINE ( 'NONE', #7106, #2690 ) ;
#3551 = DIRECTION ( 'NONE',  ( 0.000000000000000000, 0.000000000000000000, -1.000000000000000000 ) ) ;
#3552 = CARTESIAN_POINT ( 'NONE',  ( -0.1428063554291652271, -0.08813603796283467351, 0.2094395362843032571 ) ) ;
#3553 = LINE ( 'NONE', #5072, #3407 ) ;
#3554 = EDGE_LOOP ( 'NONE', ( #2966, #5723, #11179, #9241 ) ) ;
#3555 = VERTEX_POINT ( 'NONE', #881 ) ;
#3556 = VECTOR ( 'NONE', #1326, 39.37007874015748143 ) ;
#3557 = LINE ( 'NONE', #9854, #939 ) ;
#3558 = ORIENTED_EDGE ( 'NONE', *, *, #9998, .F. ) ;
#3559 = AXIS2_PLACEMENT_3D ( 'NONE', #9330, #9560, #10385 ) ;
#3560 = EDGE_LOOP ( 'NONE', ( #10097, #73, #9101, #1658 ) ) ;
#3561 = LINE ( 'NONE', #3619, #6394 ) ;
#3562 = EDGE_CURVE ( 'NONE', #3517, #4819, #2251, .T. ) ;
#3563 = LINE ( 'NONE', #8113, #829 ) ;
#3564 = DIRECTION ( 'NONE',  ( 0.000000000000000000, 0.000000000000000000, 1.000000000000000000 ) ) ;
#3565 = CARTESIAN_POINT ( 'NONE',  ( -0.1082677165354330728, 0.0009842519685039369942, 0.3523622047244094890 ) ) ;
#3566 = VECTOR ( 'NONE', #1102, 39.37007874015748143 ) ;
#3567 = LINE ( 'NONE', #9695, #10048 ) ;
#3568 = FACE_OUTER_BOUND ( 'NONE', #1392, .T. ) ;
#3569 = CARTESIAN_POINT ( 'NONE',  ( -0.1082677165354330728, -0.03937007874015747977, 0.2263779527559055260 ) ) ;
#3570 = VERTEX_POINT ( 'NONE', #989 ) ;
#3571 = EDGE_CURVE ( 'NONE', #7807, #11194, #7236, .T. ) ;
#3572 = EDGE_CURVE ( 'NONE', #10900, #5445, #6309, .T. ) ;
#3573 = B_SPLINE_CURVE_WITH_KNOTS ( 'NONE', 3,
 ( #6267, #11039, #9347, #5727, #1288, #10164, #8298, #6547, #256, #10220 ),
 .UNSPECIFIED., .F., .F.,
 ( 4, 2, 2, 2, 4 ),
 ( 2.407412430484044816E-35, 0.0004310874558709493079, 0.0008621749117418986159, 0.001293262367612848032, 0.001724349823483797232 ),
 .UNSPECIFIED. ) ;
#3574 = ORIENTED_EDGE ( 'NONE', *, *, #5177, .T. ) ;
#3575 = VECTOR ( 'NONE', #2958, 39.37007874015748143 ) ;
#3576 = PLANE ( 'NONE',  #7135 ) ;
#3577 = EDGE_CURVE ( 'NONE', #234, #2236, #6203, .T. ) ;
#3578 = DIRECTION ( 'NONE',  ( -1.000000000000000000, -0.000000000000000000, -0.000000000000000000 ) ) ;
#3579 = VERTEX_POINT ( 'NONE', #4550 ) ;
#3580 = DIRECTION ( 'NONE',  ( 0.000000000000000000, 1.000000000000000000, 0.000000000000000000 ) ) ;
#3581 = CARTESIAN_POINT ( 'NONE',  ( 0.02546696218780708856, 0.09570076850783464095, 0.03855434851630314824 ) ) ;
#3582 = VECTOR ( 'NONE', #5942, 39.37007874015748143 ) ;
#3583 = EDGE_CURVE ( 'NONE', #6211, #4137, #6181, .T. ) ;
#3584 = ORIENTED_EDGE ( 'NONE', *, *, #9412, .T. ) ;
#3585 = EDGE_LOOP ( 'NONE', ( #1689, #5355, #2701, #5382 ) ) ;
#3586 = LINE ( 'NONE', #2821, #8993 ) ;
#3587 = ADVANCED_FACE ( 'NONE', ( #1701 ), #4338, .T. ) ;
#3588 = VECTOR ( 'NONE', #3114, 39.37007874015748143 ) ;
#3589 = ORIENTED_EDGE ( 'NONE', *, *, #5605, .F. ) ;
#3590 = LINE ( 'NONE', #6109, #675 ) ;
#3591 = CARTESIAN_POINT ( 'NONE',  ( 0.1082677165354330728, 0.08464566929133858497, 0.05610236220472441387 ) ) ;
#3592 = LINE ( 'NONE', #1725, #8426 ) ;
#3593 = CARTESIAN_POINT ( 'NONE',  ( 0.09594951366374016022, -0.004724409448818898440, 0.3503937007874015630 ) ) ;
#3594 = AXIS2_PLACEMENT_3D ( 'NONE', #3100, #2030, #8402 ) ;
#3595 = EDGE_CURVE ( 'NONE', #10407, #2751, #2640, .T. ) ;
#3596 = ORIENTED_EDGE ( 'NONE', *, *, #6255, .F. ) ;
#3597 = LINE ( 'NONE', #7155, #5379 ) ;
#3598 = ADVANCED_FACE ( 'NONE', ( #7953 ), #11501, .T. ) ;
#3599 = ORIENTED_EDGE ( 'NONE', *, *, #5627, .F. ) ;
#3600 = ORIENTED_EDGE ( 'NONE', *, *, #7527, .T. ) ;
#3601 = PLANE ( 'NONE',  #7521 ) ;
#3602 = CIRCLE ( 'NONE', #6225, 0.01771653543307086243 ) ;
#3603 = CARTESIAN_POINT ( 'NONE',  ( 0.02559055118110237573, 0.09059494064084216980, 0.3552004520849906255 ) ) ;
#3604 = CARTESIAN_POINT ( 'NONE',  ( 0.08019784856116461691, 0.04309639182705327087, -0.09842518561543678324 ) ) ;
#3605 = CARTESIAN_POINT ( 'NONE',  ( -0.1313389175166527201, -0.08858267716535435377, 0.3395385684779934077 ) ) ;
#3606 = CARTESIAN_POINT ( 'NONE',  ( 0.000000000000000000, 0.09842519685039370636, 0.2106299212598425064 ) ) ;
#3607 = LINE ( 'NONE', #4637, #43 ) ;
#3608 = CARTESIAN_POINT ( 'NONE',  ( 0.000000000000000000, 0.09842519685039370636, 0.2381889763779527491 ) ) ;
#3609 = CARTESIAN_POINT ( 'NONE',  ( -0.1003937007874015630, 0.08070866141732283006, 0.2362204724409449064 ) ) ;
#3610 = ORIENTED_EDGE ( 'NONE', *, *, #1638, .F. ) ;
#3611 = EDGE_CURVE ( 'NONE', #7402, #10531, #7069, .T. ) ;
#3612 = EDGE_CURVE ( 'NONE', #7978, #8569, #9439, .T. ) ;
#3613 = AXIS2_PLACEMENT_3D ( 'NONE', #8345, #9276, #1279 ) ;
#3614 = ORIENTED_EDGE ( 'NONE', *, *, #5814, .T. ) ;
#3615 = VECTOR ( 'NONE', #11338, 39.37007874015748143 ) ;
#3616 = ORIENTED_EDGE ( 'NONE', *, *, #6881, .T. ) ;
#3617 = CARTESIAN_POINT ( 'NONE',  ( -0.04133195342221200608, 0.09181828154759257010, 0.02952755905511811330 ) ) ;
#3618 = EDGE_LOOP ( 'NONE', ( #3125, #3366, #6105, #7681, #1346, #3977, #9988, #7493 ) ) ;
#3619 = CARTESIAN_POINT ( 'NONE',  ( 0.1131889763779527630, -0.05905511811023622659, 0.1023622047244094752 ) ) ;
#3620 = CARTESIAN_POINT ( 'NONE',  ( 0.1406663324992519504, -0.09842519685039370636, 0.1771653543307087075 ) ) ;
#3621 = VECTOR ( 'NONE', #11483, 39.37007874015748143 ) ;
#3622 = DIRECTION ( 'NONE',  ( 6.195440985631205840E-16, 1.000000000000000000, -0.000000000000000000 ) ) ;
#3623 = DIRECTION ( 'NONE',  ( 0.000000000000000000, 1.000000000000000000, 0.000000000000000000 ) ) ;
#3624 = AXIS2_PLACEMENT_3D ( 'NONE', #3230, #2353, #9465 ) ;
#3625 = DIRECTION ( 'NONE',  ( 0.000000000000000000, 1.000000000000000000, 0.000000000000000000 ) ) ;
#3626 = CARTESIAN_POINT ( 'NONE',  ( 0.1313389175166417289, -0.09350393700787401619, 0.07575904091895450942 ) ) ;
#3627 = DIRECTION ( 'NONE',  ( 0.000000000000000000, 0.000000000000000000, -1.000000000000000000 ) ) ;
#3628 = CARTESIAN_POINT ( 'NONE',  ( 0.02661417322834646118, 0.05905511811023622659, 0.2170084889991732435 ) ) ;
#3629 = ORIENTED_EDGE ( 'NONE', *, *, #11158, .F. ) ;
#3630 = EDGE_CURVE ( 'NONE', #156, #7141, #248, .T. ) ;
#3631 = CIRCLE ( 'NONE', #7167, 0.007874015748031499423 ) ;
#3632 = ORIENTED_EDGE ( 'NONE', *, *, #824, .T. ) ;
#3633 = CARTESIAN_POINT ( 'NONE',  ( -0.1250000000000000000, 0.009842519685039369942, 0.08661417322834646937 ) ) ;
#3634 = CARTESIAN_POINT ( 'NONE',  ( -0.1313389175166141676, -0.09842519685039370636, 0.2016895358812992034 ) ) ;
#3635 = EDGE_LOOP ( 'NONE', ( #5920, #1195, #1749, #5003 ) ) ;
#3636 = DIRECTION ( 'NONE',  ( 0.000000000000000000, 0.000000000000000000, 1.000000000000000000 ) ) ;
#3637 = AXIS2_PLACEMENT_3D ( 'NONE', #7749, #4129, #8735 ) ;
#3638 = LINE ( 'NONE', #1820, #7644 ) ;
#3639 = VECTOR ( 'NONE', #1203, 39.37007874015748143 ) ;
#3640 = FACE_OUTER_BOUND ( 'NONE', #8246, .T. ) ;
#3641 = EDGE_CURVE ( 'NONE', #5766, #9372, #6480, .T. ) ;
#3642 = ORIENTED_EDGE ( 'NONE', *, *, #1073, .F. ) ;
#3643 = VERTEX_POINT ( 'NONE', #6760 ) ;
#3644 = DIRECTION ( 'NONE',  ( 0.000000000000000000, 1.000000000000000000, 0.000000000000000000 ) ) ;
#3645 = VECTOR ( 'NONE', #8058, 39.37007874015748143 ) ;
#3646 = ORIENTED_EDGE ( 'NONE', *, *, #6135, .F. ) ;
#3647 = EDGE_LOOP ( 'NONE', ( #5909, #10955, #152, #8228 ) ) ;
#3648 = CARTESIAN_POINT ( 'NONE',  ( 0.000000000000000000, 0.09842519685039370636, 0.4527559055118110520 ) ) ;
#3649 = ADVANCED_FACE ( 'NONE', ( #10255 ), #10197, .F. ) ;
#3650 = CARTESIAN_POINT ( 'NONE',  ( -0.1237832856772698165, -0.08858267716535438152, 0.3562992125984252856 ) ) ;
#3651 = DIRECTION ( 'NONE',  ( 0.000000000000000000, 0.000000000000000000, -1.000000000000000000 ) ) ;
#3652 = DIRECTION ( 'NONE',  ( 1.000000000000000000, 0.000000000000000000, 0.000000000000000000 ) ) ;
#3653 = ORIENTED_EDGE ( 'NONE', *, *, #4989, .T. ) ;
#3654 = LINE ( 'NONE', #4748, #7072 ) ;
#3655 = LINE ( 'NONE', #7209, #7828 ) ;
#3656 = ORIENTED_EDGE ( 'NONE', *, *, #6216, .F. ) ;
#3657 = EDGE_LOOP ( 'NONE', ( #4109, #10976, #3947, #676, #8676, #6081, #907, #2275 ) ) ;
#3658 = PLANE ( 'NONE',  #4013 ) ;
#3659 = CARTESIAN_POINT ( 'NONE',  ( -0.08864109563633512656, 0.02108549994895327073, -0.09842519670078472838 ) ) ;
#3660 = CARTESIAN_POINT ( 'NONE',  ( 0.1185651836366535539, -0.06692913385826770867, 0.04330708661417323468 ) ) ;
#3661 = DIRECTION ( 'NONE',  ( 0.000000000000000000, 0.000000000000000000, -1.000000000000000000 ) ) ;
#3662 = LINE ( 'NONE', #7512, #6546 ) ;
#3663 = CARTESIAN_POINT ( 'NONE',  ( -0.1181102362204724532, -0.05905511811023622659, 0.2224409448818897850 ) ) ;
#3664 = CARTESIAN_POINT ( 'NONE',  ( -0.1181102362204724532, 0.05905511811023622659, 0.05314960629921260116 ) ) ;
#3665 = ORIENTED_EDGE ( 'NONE', *, *, #1285, .T. ) ;
#3666 = ORIENTED_EDGE ( 'NONE', *, *, #11240, .F. ) ;
#3667 = ORIENTED_EDGE ( 'NONE', *, *, #8302, .F. ) ;
#3668 = B_SPLINE_CURVE_WITH_KNOTS ( 'NONE', 3,
 ( #2139, #9255, #3949, #7506, #11069, #3082 ),
 .UNSPECIFIED., .F., .F.,
 ( 4, 2, 4 ),
 ( 0.000000000000000000, 0.5000000000000000000, 1.000000000000000000 ),
 .UNSPECIFIED. ) ;
#3669 = DIRECTION ( 'NONE',  ( 0.000000000000000000, -1.000000000000000000, 0.000000000000000000 ) ) ;
#3670 = ORIENTED_EDGE ( 'NONE', *, *, #329, .F. ) ;
#3671 = DIRECTION ( 'NONE',  ( 0.000000000000000000, 0.000000000000000000, -1.000000000000000000 ) ) ;
#3672 = VERTEX_POINT ( 'NONE', #2200 ) ;
#3673 = CARTESIAN_POINT ( 'NONE',  ( -0.1250000000000000000, -0.01968503937007873988, 0.05511811023622047168 ) ) ;
#3674 = EDGE_CURVE ( 'NONE', #86, #6153, #8641, .T. ) ;
#3675 = EDGE_CURVE ( 'NONE', #1077, #7191, #7294, .T. ) ;
#3676 = CARTESIAN_POINT ( 'NONE',  ( -0.1259842519685039353, -0.08858267716535435377, 0.05118110236220473758 ) ) ;
#3677 = LINE ( 'NONE', #6477, #9523 ) ;
#3678 = DIRECTION ( 'NONE',  ( -0.000000000000000000, -1.000000000000000000, -0.000000000000000000 ) ) ;
#3679 = DIRECTION ( 'NONE',  ( 0.000000000000000000, 0.000000000000000000, -1.000000000000000000 ) ) ;
#3680 = CARTESIAN_POINT ( 'NONE',  ( -0.1003937007874015630, 0.08070866141732283006, 0.03149606299212992511 ) ) ;
#3681 = EDGE_LOOP ( 'NONE', ( #7323, #4591, #4051, #10841 ) ) ;
#3682 = VECTOR ( 'NONE', #10016, 39.37007874015748143 ) ;
#3683 = ORIENTED_EDGE ( 'NONE', *, *, #9911, .T. ) ;
#3684 = ORIENTED_EDGE ( 'NONE', *, *, #3859, .F. ) ;
#3685 = DIRECTION ( 'NONE',  ( 0.000000000000000000, 1.000000000000000000, 0.000000000000000000 ) ) ;
#3686 = CARTESIAN_POINT ( 'NONE',  ( 0.1181102362204724532, -0.05118110236220473758, 0.1574803149606299191 ) ) ;
#3687 = EDGE_CURVE ( 'NONE', #60, #5906, #7358, .T. ) ;
#3688 = ORIENTED_EDGE ( 'NONE', *, *, #46, .T. ) ;
#3689 = CARTESIAN_POINT ( 'NONE',  ( -0.1131889763779527630, -0.01771653543307086937, 0.3346456692913385988 ) ) ;
#3690 = DIRECTION ( 'NONE',  ( -1.000000000000000000, 0.000000000000000000, 0.000000000000000000 ) ) ;
#3691 = CARTESIAN_POINT ( 'NONE',  ( -0.1250000000000000000, -0.01968503937007873988, 0.3503937007874015630 ) ) ;
#3692 = VERTEX_POINT ( 'NONE', #522 ) ;
#3693 = ORIENTED_EDGE ( 'NONE', *, *, #1847, .T. ) ;
#3694 = CARTESIAN_POINT ( 'NONE',  ( -0.06338582677165355284, 0.09842519685039370636, 0.08464566929133858497 ) ) ;
#3695 = DIRECTION ( 'NONE',  ( 0.000000000000000000, 0.000000000000000000, -1.000000000000000000 ) ) ;
#3696 = EDGE_CURVE ( 'NONE', #9767, #7520, #5759, .T. ) ;
#3697 = ORIENTED_EDGE ( 'NONE', *, *, #11425, .T. ) ;
#3698 = DIRECTION ( 'NONE',  ( -1.000000000000000000, 0.000000000000000000, 0.000000000000000000 ) ) ;
#3699 = AXIS2_PLACEMENT_3D ( 'NONE', #2996, #7608, #5737 ) ;
#3700 = CARTESIAN_POINT ( 'NONE',  ( -0.1189056017087335299, -0.08473893413630638471, 0.3562992125984252856 ) ) ;
#3701 = CARTESIAN_POINT ( 'NONE',  ( -0.03008025312208889232, 0.1133204878917925679, 0.03002651020448935532 ) ) ;
#3702 = DIRECTION ( 'NONE',  ( -1.000000000000000000, 0.000000000000000000, 0.000000000000000000 ) ) ;
#3703 = ORIENTED_EDGE ( 'NONE', *, *, #9097, .T. ) ;
#3704 = LINE ( 'NONE', #1952, #185 ) ;
#3705 = ADVANCED_FACE ( 'NONE', ( #5886 ), #9321, .F. ) ;
#3706 = AXIS2_PLACEMENT_3D ( 'NONE', #1076, #9017, #962 ) ;
#3707 = ORIENTED_EDGE ( 'NONE', *, *, #364, .F. ) ;
#3708 = EDGE_LOOP ( 'NONE', ( #3574, #8064, #5046, #4448 ) ) ;
#3709 = ADVANCED_FACE ( 'NONE', ( #2922 ), #3735, .F. ) ;
#3710 = LINE ( 'NONE', #7268, #1015 ) ;
#3711 = DIRECTION ( 'NONE',  ( 0.000000000000000000, -1.000000000000000000, 0.000000000000000000 ) ) ;
#3712 = DIRECTION ( 'NONE',  ( 0.4516689612929381537, 0.000000000000000000, -0.8921856025539519619 ) ) ;
#3713 = DIRECTION ( 'NONE',  ( 0.000000000000000000, 1.000000000000000000, 0.000000000000000000 ) ) ;
#3714 = CARTESIAN_POINT ( 'NONE',  ( -0.1346456692913385877, -0.09842519685039370636, 0.07086614173228347746 ) ) ;
#3715 = CIRCLE ( 'NONE', #4314, 0.007874015748031499423 ) ;
#3716 = VECTOR ( 'NONE', #1314, 39.37007874015748143 ) ;
#3717 = LINE ( 'NONE', #10833, #2190 ) ;
#3718 = LINE ( 'NONE', #5406, #614 ) ;
#3719 = ORIENTED_EDGE ( 'NONE', *, *, #8438, .F. ) ;
#3720 = DIRECTION ( 'NONE',  ( 1.000000000000000000, 0.000000000000000000, 0.000000000000000000 ) ) ;
#3721 = ORIENTED_EDGE ( 'NONE', *, *, #7265, .T. ) ;
#3722 = EDGE_CURVE ( 'NONE', #1648, #4819, #8455, .T. ) ;
#3723 = ORIENTED_EDGE ( 'NONE', *, *, #11353, .F. ) ;
#3724 = CARTESIAN_POINT ( 'NONE',  ( -0.1181102362204724532, -0.02362204724409448092, 0.08858267716535435377 ) ) ;
#3725 = VERTEX_POINT ( 'NONE', #11187 ) ;
#3726 = CARTESIAN_POINT ( 'NONE',  ( 0.1101617337728054424, 0.09636587577136536409, 0.3838582677165355284 ) ) ;
#3727 = AXIS2_PLACEMENT_3D ( 'NONE', #11042, #9231, #8178 ) ;
#3728 = DIRECTION ( 'NONE',  ( 0.000000000000000000, -0.9051451319796838257, 0.4251026817763923771 ) ) ;
#3729 = CARTESIAN_POINT ( 'NONE',  ( 0.1313389175166536638, -0.09350393700787401619, 0.2016895358812990369 ) ) ;
#3730 = LINE ( 'NONE', #8879, #2699 ) ;
#3731 = DIRECTION ( 'NONE',  ( 0.000000000000000000, 0.000000000000000000, -1.000000000000000000 ) ) ;
#3732 = DIRECTION ( 'NONE',  ( 0.000000000000000000, -1.000000000000000000, 0.000000000000000000 ) ) ;
#3733 = CARTESIAN_POINT ( 'NONE',  ( 0.1181102362204724532, -0.08070866141732283006, 0.1968503937007874127 ) ) ;
#3734 = CARTESIAN_POINT ( 'NONE',  ( -0.09084645669291338543, 0.08464566929133858497, 0.3858267716535433989 ) ) ;
#3735 = CYLINDRICAL_SURFACE ( 'NONE', #7660, 0.01574803149606299191 ) ;
#3736 = AXIS2_PLACEMENT_3D ( 'NONE', #8601, #2295, #611 ) ;
#3737 = VERTEX_POINT ( 'NONE', #6426 ) ;
#3738 = AXIS2_PLACEMENT_3D ( 'NONE', #3155, #1510, #4255 ) ;
#3739 = EDGE_CURVE ( 'NONE', #2997, #6429, #9980, .T. ) ;
#3740 = ADVANCED_FACE ( 'NONE', ( #1980 ), #5539, .F. ) ;
#3741 = ORIENTED_EDGE ( 'NONE', *, *, #3674, .T. ) ;
#3742 = ORIENTED_EDGE ( 'NONE', *, *, #10269, .T. ) ;
#3743 = CARTESIAN_POINT ( 'NONE',  ( 0.07283464566929183370, 0.09842519685039370636, 0.1102362204724408462 ) ) ;
#3744 = AXIS2_PLACEMENT_3D ( 'NONE', #5510, #5449, #3702 ) ;
#3745 = CARTESIAN_POINT ( 'NONE',  ( 0.1259842519685039353, -0.08858267716535433989, 0.09133858267716535306 ) ) ;
#3746 = CIRCLE ( 'NONE', #217, 0.007874015748031499423 ) ;
#3747 = ORIENTED_EDGE ( 'NONE', *, *, #11358, .T. ) ;
#3748 = LINE ( 'NONE', #7303, #5781 ) ;
#3749 = DIRECTION ( 'NONE',  ( 0.000000000000000000, 0.000000000000000000, 1.000000000000000000 ) ) ;
#3750 = DIRECTION ( 'NONE',  ( -4.467475443614010638E-15, 0.000000000000000000, -1.000000000000000000 ) ) ;
#3751 = DIRECTION ( 'NONE',  ( 1.000000000000000000, 0.000000000000000000, 0.000000000000000000 ) ) ;
#3752 = AXIS2_PLACEMENT_3D ( 'NONE', #7985, #124, #3551 ) ;
#3753 = EDGE_CURVE ( 'NONE', #4350, #9543, #4876, .T. ) ;
#3754 = ORIENTED_EDGE ( 'NONE', *, *, #2077, .F. ) ;
#3755 = B_SPLINE_CURVE_WITH_KNOTS ( 'NONE', 3,
 ( #9111, #262, #2936, #6492, #817, #1686 ),
 .UNSPECIFIED., .F., .F.,
 ( 4, 2, 4 ),
 ( 0.000000000000000000, 0.5000000000000000000, 1.000000000000000000 ),
 .UNSPECIFIED. ) ;
#3756 = LINE ( 'NONE', #9828, #438 ) ;
#3757 = ORIENTED_EDGE ( 'NONE', *, *, #6562, .T. ) ;
#3758 = TOROIDAL_SURFACE ( 'NONE', #9354, 0.01377952755905503465, 0.007874015748031551465 ) ;
#3759 = CARTESIAN_POINT ( 'NONE',  ( -0.1259842519685039353, -0.08858267716535435377, 0.2164279190586220203 ) ) ;
#3760 = CARTESIAN_POINT ( 'NONE',  ( -3.811781653659667226E-15, -0.09842519685039370636, 0.000000000000000000 ) ) ;
#3761 = CARTESIAN_POINT ( 'NONE',  ( -0.04034510312637694385, 0.09726803678279750953, 0.02952776928345522689 ) ) ;
#3762 = FACE_OUTER_BOUND ( 'NONE', #5699, .T. ) ;
#3763 = ORIENTED_EDGE ( 'NONE', *, *, #1753, .F. ) ;
#3764 = CARTESIAN_POINT ( 'NONE',  ( 0.09074803149606300301, 0.09153543307086615954, 0.2381889763779527491 ) ) ;
#3765 = EDGE_CURVE ( 'NONE', #11307, #312, #8227, .T. ) ;
#3766 = VECTOR ( 'NONE', #128, 39.37007874015748143 ) ;
#3767 = ORIENTED_EDGE ( 'NONE', *, *, #5243, .T. ) ;
#3768 = VERTEX_POINT ( 'NONE', #4020 ) ;
#3769 = CARTESIAN_POINT ( 'NONE',  ( 0.1436235256778208846, -0.09842519685039372024, 0.3547499651345626392 ) ) ;
#3770 = CARTESIAN_POINT ( 'NONE',  ( 0.1296801849644094451, -0.09160260758488189547, 0.2164982891189370096 ) ) ;
#3771 = CARTESIAN_POINT ( 'NONE',  ( -0.04133816631444883066, 0.08858267716535433989, 0.02952755905787016535 ) ) ;
#3772 = CARTESIAN_POINT ( 'NONE',  ( -0.1259842519685039353, -0.09842519685039369248, 0.1763779527559055371 ) ) ;
#3773 = AXIS2_PLACEMENT_3D ( 'NONE', #9817, #1817, #5267 ) ;
#3774 = LINE ( 'NONE', #1963, #8790 ) ;
#3775 = ADVANCED_FACE ( 'NONE', ( #11129 ), #7691, .T. ) ;
#3776 = DIRECTION ( 'NONE',  ( 0.000000000000000000, 0.000000000000000000, -1.000000000000000000 ) ) ;
#3777 = CARTESIAN_POINT ( 'NONE',  ( -0.1250000000000000000, -0.01968503937007873988, 0.3188976377952755792 ) ) ;
#3778 = ORIENTED_EDGE ( 'NONE', *, *, #9922, .F. ) ;
#3779 = CARTESIAN_POINT ( 'NONE',  ( 0.1023622047244094613, 0.08858267716535435377, 0.3346456692913385988 ) ) ;
#3780 = EDGE_CURVE ( 'NONE', #4309, #9189, #11415, .T. ) ;
#3781 = EDGE_LOOP ( 'NONE', ( #371, #5465, #7731, #178 ) ) ;
#3782 = ORIENTED_EDGE ( 'NONE', *, *, #7129, .T. ) ;
#3783 = VERTEX_POINT ( 'NONE', #6170 ) ;
#3784 = AXIS2_PLACEMENT_3D ( 'NONE', #183, #10961, #3728 ) ;
#3785 = LINE ( 'NONE', #1156, #5275 ) ;
#3786 = LINE ( 'NONE', #4652, #5477 ) ;
#3787 = CARTESIAN_POINT ( 'NONE',  ( 0.1082677165354331006, -0.09842519685039370636, 0.02952755905512598547 ) ) ;
#3788 = DIRECTION ( 'NONE',  ( 0.000000000000000000, 1.000000000000000000, 0.000000000000000000 ) ) ;
#3789 = CARTESIAN_POINT ( 'NONE',  ( -0.04133844390173228855, 0.09842519703454725988, 0.1555118110248425167 ) ) ;
#3790 = CARTESIAN_POINT ( 'NONE',  ( 0.1082677165354330728, -0.08070866141732283006, 0.05118110236220473758 ) ) ;
#3791 = EDGE_CURVE ( 'NONE', #6524, #4137, #5285, .T. ) ;
#3792 = PLANE ( 'NONE',  #8688 ) ;
#3793 = CARTESIAN_POINT ( 'NONE',  ( -0.04148596327578740056, 0.09888014426657480704, 0.04527559055118110520 ) ) ;
#3794 = VECTOR ( 'NONE', #5063, 39.37007874015748854 ) ;
#3795 = VERTEX_POINT ( 'NONE', #5229 ) ;
#3796 = EDGE_CURVE ( 'NONE', #221, #6500, #8797, .T. ) ;
#3797 = DIRECTION ( 'NONE',  ( 0.8285309289390956344, 0.000000000000000000, 0.5599433005147210762 ) ) ;
#3798 = ORIENTED_EDGE ( 'NONE', *, *, #1703, .T. ) ;
#3799 = LINE ( 'NONE', #5544, #620 ) ;
#3800 = CIRCLE ( 'NONE', #8840, 0.007874015748031482076 ) ;
#3801 = VECTOR ( 'NONE', #7190, 39.37007874015748143 ) ;
#3802 = CARTESIAN_POINT ( 'NONE',  ( -0.1406312231058267637, -0.08812772974917322533, 0.08669421523181103373 ) ) ;
#3803 = ORIENTED_EDGE ( 'NONE', *, *, #5309, .T. ) ;
#3804 = PLANE ( 'NONE',  #759 ) ;
#3805 = EDGE_CURVE ( 'NONE', #11081, #1137, #6001, .T. ) ;
#3806 = CARTESIAN_POINT ( 'NONE',  ( 0.1181102362204724532, -0.05905511811023622659, 0.2263779527559055260 ) ) ;
#3807 = CARTESIAN_POINT ( 'NONE',  ( 0.1082677165354331006, -0.01968503937007873988, 0.3188976377952755792 ) ) ;
#3808 = CARTESIAN_POINT ( 'NONE',  ( 0.03069301563439370481, 0.1050081750387007740, 0.02811008489095275648 ) ) ;
#3809 = DIRECTION ( 'NONE',  ( 1.000000000000000000, 0.000000000000000000, 0.000000000000000000 ) ) ;
#3810 = DIRECTION ( 'NONE',  ( 0.000000000000000000, 0.000000000000000000, 1.000000000000000000 ) ) ;
#3811 = VECTOR ( 'NONE', #3712, 39.37007874015748143 ) ;
#3812 = VECTOR ( 'NONE', #11025, 39.37007874015748143 ) ;
#3813 = ORIENTED_EDGE ( 'NONE', *, *, #2713, .T. ) ;
#3814 = ORIENTED_EDGE ( 'NONE', *, *, #8862, .T. ) ;
#3815 = LINE ( 'NONE', #7377, #5442 ) ;
#3816 = CARTESIAN_POINT ( 'NONE',  ( 0.05748031496062992740, 0.08464566929133858497, 0.3543307086614174151 ) ) ;
#3817 = ORIENTED_EDGE ( 'NONE', *, *, #5334, .T. ) ;
#3818 = VECTOR ( 'NONE', #4783, 39.37007874015748143 ) ;
#3819 = AXIS2_PLACEMENT_3D ( 'NONE', #8080, #9776, #1782 ) ;
#3820 = DIRECTION ( 'NONE',  ( 0.8933713883279290613, 0.000000000000000000, -0.4493189986157146709 ) ) ;
#3821 = ADVANCED_FACE ( 'NONE', ( #9721 ), #7919, .T. ) ;
#3822 = EDGE_CURVE ( 'NONE', #9598, #6085, #2556, .T. ) ;
#3823 = CARTESIAN_POINT ( 'NONE',  ( -0.1406312231058267637, -0.08858267716535435377, 0.05503806823275591426 ) ) ;
#3824 = CARTESIAN_POINT ( 'NONE',  ( -0.02556312894337983699, 0.09614811286180736938, 0.03770296138200387309 ) ) ;
#3825 = CARTESIAN_POINT ( 'NONE',  ( -0.02745994873401597786, 0.09391018755920417516, 0.03409883431041493829 ) ) ;
#3826 = ORIENTED_EDGE ( 'NONE', *, *, #1167, .T. ) ;
#3827 = FACE_OUTER_BOUND ( 'NONE', #10206, .T. ) ;
#3828 = VECTOR ( 'NONE', #4670, 39.37007874015748854 ) ;
#3829 = ORIENTED_EDGE ( 'NONE', *, *, #4774, .T. ) ;
#3830 = ORIENTED_EDGE ( 'NONE', *, *, #10511, .T. ) ;
#3831 = ORIENTED_EDGE ( 'NONE', *, *, #6164, .T. ) ;
#3832 = ORIENTED_EDGE ( 'NONE', *, *, #6870, .T. ) ;
#3833 = CARTESIAN_POINT ( 'NONE',  ( -0.1417322834645669549, 0.009842519685039369942, 0.2125984251968504046 ) ) ;
#3834 = ADVANCED_FACE ( 'NONE', ( #3535 ), #4246, .T. ) ;
#3835 = VECTOR ( 'NONE', #3923, 39.37007874015748143 ) ;
#3836 = CARTESIAN_POINT ( 'NONE',  ( 0.1082677165354330728, -0.02362204724409448092, 0.08858267716535435377 ) ) ;
#3837 = CARTESIAN_POINT ( 'NONE',  ( -0.1181102362204724532, -0.06692913385826770867, 0.09842519685039370636 ) ) ;
#3838 = DIRECTION ( 'NONE',  ( 0.000000000000000000, 0.000000000000000000, 1.000000000000000000 ) ) ;
#3839 = CARTESIAN_POINT ( 'NONE',  ( -0.04297621460421260225, 0.06304418446173228052, 0.3326771653543307283 ) ) ;
#3840 = DIRECTION ( 'NONE',  ( 0.000000000000000000, 1.000000000000000000, 0.000000000000000000 ) ) ;
#3841 = CARTESIAN_POINT ( 'NONE',  ( -0.04070082165098427157, 0.09350387691515750499, 0.02952755905511811330 ) ) ;
#3842 = ORIENTED_EDGE ( 'NONE', *, *, #3577, .T. ) ;
#3843 = CARTESIAN_POINT ( 'NONE',  ( 0.1259842519685039353, -0.08070866141732283006, 0.05118110236220473758 ) ) ;
#3844 = ORIENTED_EDGE ( 'NONE', *, *, #8939, .T. ) ;
#3845 = VERTEX_POINT ( 'NONE', #2606 ) ;
#3846 = ORIENTED_EDGE ( 'NONE', *, *, #1011, .F. ) ;
#3847 = DIRECTION ( 'NONE',  ( 0.000000000000000000, -1.000000000000000000, 0.000000000000000000 ) ) ;
#3848 = DIRECTION ( 'NONE',  ( -1.453678890483365881E-16, 0.000000000000000000, -1.000000000000000000 ) ) ;
#3849 = ORIENTED_EDGE ( 'NONE', *, *, #1546, .F. ) ;
#3850 = LINE ( 'NONE', #3034, #7169 ) ;
#3851 = EDGE_CURVE ( 'NONE', #1122, #10672, #11471, .T. ) ;
#3852 = CARTESIAN_POINT ( 'NONE',  ( 0.09052222341979548892, 0.002590049548134565165, -0.09842519477324822297 ) ) ;
#3853 = DIRECTION ( 'NONE',  ( 0.000000000000000000, 1.000000000000000000, 0.000000000000000000 ) ) ;
#3854 = FACE_OUTER_BOUND ( 'NONE', #5060, .T. ) ;
#3855 = CARTESIAN_POINT ( 'NONE',  ( -0.1152329362888662584, 0.09187225242760474475, 0.3838582677165354173 ) ) ;
#3856 = VERTEX_POINT ( 'NONE', #8852 ) ;
#3857 = DIRECTION ( 'NONE',  ( 0.000000000000000000, -1.000000000000000000, 0.000000000000000000 ) ) ;
#3858 = ORIENTED_EDGE ( 'NONE', *, *, #2105, .T. ) ;
#3859 = EDGE_CURVE ( 'NONE', #10162, #10409, #10486, .T. ) ;
#3860 = LINE ( 'NONE', #10219, #1166 ) ;
#3861 = DIRECTION ( 'NONE',  ( 1.000000000000000000, 0.000000000000000000, 0.000000000000000000 ) ) ;
#3862 = ADVANCED_FACE ( 'NONE', ( #7975 ), #10429, .T. ) ;
#3863 = ORIENTED_EDGE ( 'NONE', *, *, #4666, .T. ) ;
#3864 = DIRECTION ( 'NONE',  ( 1.000000000000000000, 0.000000000000000000, 0.000000000000000000 ) ) ;
#3865 = CARTESIAN_POINT ( 'NONE',  ( 0.000000000000000000, 0.05905511811025696001, 0.09881889763780510316 ) ) ;
#3866 = CIRCLE ( 'NONE', #6667, 0.003821856477047251305 ) ;
#3867 = CARTESIAN_POINT ( 'NONE',  ( -0.1131889763779527630, -0.05905511811023622659, 0.1771653543307087075 ) ) ;
#3868 = FACE_OUTER_BOUND ( 'NONE', #11163, .T. ) ;
#3869 = CARTESIAN_POINT ( 'NONE',  ( 0.03440172456180315419, 0.1115101214899212739, 0.03001474689814173993 ) ) ;
#3870 = DIRECTION ( 'NONE',  ( -1.000000000000000000, 0.000000000000000000, 0.000000000000000000 ) ) ;
#3871 = ORIENTED_EDGE ( 'NONE', *, *, #8366, .T. ) ;
#3872 = ORIENTED_EDGE ( 'NONE', *, *, #1822, .T. ) ;
#3873 = EDGE_CURVE ( 'NONE', #10409, #9741, #11521, .T. ) ;
#3874 = CARTESIAN_POINT ( 'NONE',  ( -0.02559055118110236532, 0.04284154081737660130, 0.3727179899982002720 ) ) ;
#3875 = CARTESIAN_POINT ( 'NONE',  ( 0.000000000000000000, 0.08464566929133858497, 0.03149606299212598381 ) ) ;
#3876 = ORIENTED_EDGE ( 'NONE', *, *, #7295, .F. ) ;
#3877 = FACE_OUTER_BOUND ( 'NONE', #10760, .T. ) ;
#3878 = DIRECTION ( 'NONE',  ( -5.641040641533024672E-05, 0.9999999984089330551, 0.000000000000000000 ) ) ;
#3879 = CARTESIAN_POINT ( 'NONE',  ( -0.02553732576758031836, 0.09389352128336035663, 0.04075366786125326352 ) ) ;
#3880 = FACE_OUTER_BOUND ( 'NONE', #8060, .T. ) ;
#3881 = ORIENTED_EDGE ( 'NONE', *, *, #10405, .T. ) ;
#3882 = VERTEX_POINT ( 'NONE', #1497 ) ;
#3883 = EDGE_CURVE ( 'NONE', #10959, #1969, #1982, .T. ) ;
#3884 = EDGE_CURVE ( 'NONE', #6429, #9851, #636, .T. ) ;
#3885 = VERTEX_POINT ( 'NONE', #1559 ) ;
#3886 = VERTEX_POINT ( 'NONE', #5114 ) ;
#3887 = CIRCLE ( 'NONE', #1827, 0.007874015748031495954 ) ;
#3888 = DIRECTION ( 'NONE',  ( 0.8141000209730209214, 0.000000000000000000, 0.5807246816278149870 ) ) ;
#3889 = CARTESIAN_POINT ( 'NONE',  ( 0.1082677165354330728, -0.05118110236220473758, 0.1653543307086614567 ) ) ;
#3890 = CARTESIAN_POINT ( 'NONE',  ( -0.1131889763779527630, 0.05905511811023622659, 0.3346456692913385988 ) ) ;
#3891 = LINE ( 'NONE', #5703, #9890 ) ;
#3892 = CARTESIAN_POINT ( 'NONE',  ( 0.09842519685039370636, 1.205361022782828035E-17, 0.001811023622047244156 ) ) ;
#3893 = CARTESIAN_POINT ( 'NONE',  ( 0.000000000000000000, 0.1007874015748031621, 0.4330708661417322913 ) ) ;
#3894 = CARTESIAN_POINT ( 'NONE',  ( -0.02559055118110236879, 0.07756799344536575991, 0.3540708423138660965 ) ) ;
#3895 = ORIENTED_EDGE ( 'NONE', *, *, #5325, .F. ) ;
#3896 = VECTOR ( 'NONE', #6735, 39.37007874015748143 ) ;
#3897 = ORIENTED_EDGE ( 'NONE', *, *, #10634, .T. ) ;
#3898 = ORIENTED_EDGE ( 'NONE', *, *, #5192, .T. ) ;
#3899 = VERTEX_POINT ( 'NONE', #8687 ) ;
#3900 = ADVANCED_FACE ( 'NONE', ( #697 ), #7805, .T. ) ;
#3901 = EDGE_LOOP ( 'NONE', ( #7656, #1482, #3491, #3858, #3243 ) ) ;
#3902 = DIRECTION ( 'NONE',  ( 0.000000000000000000, 0.000000000000000000, 1.000000000000000000 ) ) ;
#3903 = CARTESIAN_POINT ( 'NONE',  ( -0.1181102362204724532, -0.05118110236220473758, 0.03149606299212598381 ) ) ;
#3904 = CARTESIAN_POINT ( 'NONE',  ( -0.005740088145234778158, -0.09842519685039349819, 0.07677165354330807434 ) ) ;
#3905 = AXIS2_PLACEMENT_3D ( 'NONE', #9325, #6873, #2204 ) ;
#3906 = DIRECTION ( 'NONE',  ( 0.000000000000000000, 0.000000000000000000, 1.000000000000000000 ) ) ;
#3907 = LINE ( 'NONE', #11027, #3057 ) ;
#3908 = CARTESIAN_POINT ( 'NONE',  ( 0.1172097817890387639, -0.09610846063648573190, 0.3562992125984252856 ) ) ;
#3909 = CARTESIAN_POINT ( 'NONE',  ( 0.1181102362204724532, -0.06692913385826770867, 0.1692913385826771699 ) ) ;
#3910 = ORIENTED_EDGE ( 'NONE', *, *, #3218, .T. ) ;
#3911 = AXIS2_PLACEMENT_3D ( 'NONE', #5497, #890, #7194 ) ;
#3912 = CIRCLE ( 'NONE', #577, 0.01574803149606299191 ) ;
#3913 = ADVANCED_FACE ( 'NONE', ( #960 ), #1950, .T. ) ;
#3914 = CARTESIAN_POINT ( 'NONE',  ( 0.1175901668186614263, -0.08902479157452757030, 0.2165319046983071316 ) ) ;
#3915 = VERTEX_POINT ( 'NONE', #4517 ) ;
#3916 = LINE ( 'NONE', #10974, #7702 ) ;
#3917 = DIRECTION ( 'NONE',  ( 0.000000000000000000, 0.000000000000000000, -1.000000000000000000 ) ) ;
#3918 = VERTEX_POINT ( 'NONE', #8085 ) ;
#3919 = DIRECTION ( 'NONE',  ( -1.000000000000000000, 0.000000000000000000, 0.000000000000000000 ) ) ;
#3920 = AXIS2_PLACEMENT_3D ( 'NONE', #7896, #11448, #3465 ) ;
#3921 = CARTESIAN_POINT ( 'NONE',  ( -0.04297621330366142162, 0.07808474771212402243, 0.3647021164824367223 ) ) ;
#3922 = AXIS2_PLACEMENT_3D ( 'NONE', #5896, #705, #9504 ) ;
#3923 = DIRECTION ( 'NONE',  ( 0.000000000000000000, 1.000000000000000000, 0.000000000000000000 ) ) ;
#3924 = DIRECTION ( 'NONE',  ( 0.000000000000000000, 0.000000000000000000, -1.000000000000000000 ) ) ;
#3925 = CARTESIAN_POINT ( 'NONE',  ( 0.02724810575240944888, 0.1067323018606693430, 0.02801774516403544163 ) ) ;
#3926 = ADVANCED_FACE ( 'NONE', ( #1785 ), #2006, .F. ) ;
#3927 = ORIENTED_EDGE ( 'NONE', *, *, #1842, .T. ) ;
#3928 = CARTESIAN_POINT ( 'NONE',  ( -0.1082677165354330728, 0.03937007874015484299, 0.08661417322834646937 ) ) ;
#3929 = ADVANCED_FACE ( 'NONE', ( #3762 ), #6393, .T. ) ;
#3930 = ORIENTED_EDGE ( 'NONE', *, *, #8997, .T. ) ;
#3931 = VERTEX_POINT ( 'NONE', #111 ) ;
#3932 = AXIS2_PLACEMENT_3D ( 'NONE', #7259, #9124, #3652 ) ;
#3933 = AXIS2_PLACEMENT_3D ( 'NONE', #7884, #5409, #9631 ) ;
#3934 = DIRECTION ( 'NONE',  ( 0.000000000000000000, 0.000000000000000000, -1.000000000000000000 ) ) ;
#3935 = CARTESIAN_POINT ( 'NONE',  ( 0.03149606299212205640, 0.09842519685039370636, 0.2470472440944881942 ) ) ;
#3936 = ORIENTED_EDGE ( 'NONE', *, *, #9059, .F. ) ;
#3937 = PLANE ( 'NONE',  #7533 ) ;
#3938 = DIRECTION ( 'NONE',  ( 0.000000000000000000, 0.000000000000000000, 1.000000000000000000 ) ) ;
#3939 = CARTESIAN_POINT ( 'NONE',  ( -0.02738191815981533966, 0.09385192504348455200, 0.03403821081456246539 ) ) ;
#3940 = CIRCLE ( 'NONE', #7669, 0.01771653543307086243 ) ;
#3941 = EDGE_CURVE ( 'NONE', #6662, #1091, #10712, .T. ) ;
#3942 = DIRECTION ( 'NONE',  ( 0.000000000000000000, -1.000000000000000000, 0.000000000000000000 ) ) ;
#3943 = ORIENTED_EDGE ( 'NONE', *, *, #1227, .F. ) ;
#3944 = DIRECTION ( 'NONE',  ( -1.000000000000000000, 0.000000000000000000, 0.000000000000000000 ) ) ;
#3945 = EDGE_CURVE ( 'NONE', #10430, #7872, #10883, .T. ) ;
#3946 = ORIENTED_EDGE ( 'NONE', *, *, #8568, .F. ) ;
#3947 = ORIENTED_EDGE ( 'NONE', *, *, #3544, .F. ) ;
#3948 = AXIS2_PLACEMENT_3D ( 'NONE', #3839, #7395, #10077 ) ;
#3949 = CARTESIAN_POINT ( 'NONE',  ( 0.1436235256777617930, -0.08858267716535438152, 0.3145413734480700385 ) ) ;
#3950 = DIRECTION ( 'NONE',  ( 0.000000000000000000, 1.000000000000000000, 0.000000000000000000 ) ) ;
#3951 = CARTESIAN_POINT ( 'NONE',  ( 0.1082677165354330728, 0.05905511811023622659, 0.2145669291338582751 ) ) ;
#3952 = CARTESIAN_POINT ( 'NONE',  ( -0.1181102362204724532, -0.05118110236220473758, 0.03937007874015747977 ) ) ;
#3953 = CARTESIAN_POINT ( 'NONE',  ( -0.02559055118110236879, 0.04527559055118110520, 0.2170084889991732435 ) ) ;
#3954 = EDGE_CURVE ( 'NONE', #8775, #7883, #5799, .T. ) ;
#3955 = DIRECTION ( 'NONE',  ( 1.000000000000000000, 0.000000000000000000, 0.000000000000000000 ) ) ;
#3956 = ADVANCED_FACE ( 'NONE', ( #1891 ), #2722, .F. ) ;
#3957 = CC_DESIGN_APPROVAL ( #3071, ( #9055 ) ) ;
#3958 = FACE_OUTER_BOUND ( 'NONE', #7557, .T. ) ;
#3959 = AXIS2_PLACEMENT_3D ( 'NONE', #1906, #231, #8043 ) ;
#3960 = ORIENTED_EDGE ( 'NONE', *, *, #4438, .T. ) ;
#3961 = ORIENTED_EDGE ( 'NONE', *, *, #10522, .T. ) ;
#3962 = DIRECTION ( 'NONE',  ( 0.000000000000000000, 0.000000000000000000, 1.000000000000000000 ) ) ;
#3963 = VERTEX_POINT ( 'NONE', #6333 ) ;
#3964 = VERTEX_POINT ( 'NONE', #9015 ) ;
#3965 = ORIENTED_EDGE ( 'NONE', *, *, #9149, .T. ) ;
#3966 = VERTEX_POINT ( 'NONE', #5562 ) ;
#3967 = CARTESIAN_POINT ( 'NONE',  ( 0.1127702553340460684, 0.09455375793249493066, 0.3838582677165355839 ) ) ;
#3968 = PLANE ( 'NONE',  #3594 ) ;
#3969 = AXIS2_PLACEMENT_3D ( 'NONE', #9358, #2941, #5740 ) ;
#3970 = DIRECTION ( 'NONE',  ( 0.000000000000000000, 1.000000000000000000, 0.000000000000000000 ) ) ;
#3971 = DIRECTION ( 'NONE',  ( 0.000000000000000000, -1.000000000000000000, 0.000000000000000000 ) ) ;
#3972 = CARTESIAN_POINT ( 'NONE',  ( -0.09055118110236221041, 0.09842519685039370636, 0.000000000000000000 ) ) ;
#3973 = DIRECTION ( 'NONE',  ( 0.000000000000000000, 0.000000000000000000, 1.000000000000000000 ) ) ;
#3974 = EDGE_CURVE ( 'NONE', #11137, #1600, #2667, .T. ) ;
#3975 = DIRECTION ( 'NONE',  ( 0.000000000000000000, 0.000000000000000000, -1.000000000000000000 ) ) ;
#3976 = EDGE_CURVE ( 'NONE', #6563, #2845, #4575, .T. ) ;
#3977 = ORIENTED_EDGE ( 'NONE', *, *, #2154, .F. ) ;
#3978 = ORIENTED_EDGE ( 'NONE', *, *, #9466, .T. ) ;
#3979 = VECTOR ( 'NONE', #10386, 39.37007874015748143 ) ;
#3980 = CARTESIAN_POINT ( 'NONE',  ( 0.07283464566928908590, 0.09842519685039370636, 0.1259842519685055728 ) ) ;
#3981 = ORIENTED_EDGE ( 'NONE', *, *, #1753, .T. ) ;
#3982 = DIRECTION ( 'NONE',  ( 1.000000000000000000, 0.000000000000000000, 0.000000000000000000 ) ) ;
#3983 = CYLINDRICAL_SURFACE ( 'NONE', #92, 0.007874015748031495954 ) ;
#3984 = CARTESIAN_POINT ( 'NONE',  ( 0.1417322834645669549, 0.009842519685039369942, 0.08661417322834646937 ) ) ;
#3985 = AXIS2_PLACEMENT_3D ( 'NONE', #4739, #10115, #11054 ) ;
#3986 = CARTESIAN_POINT ( 'NONE',  ( -0.1422251440816939827, -0.08858267716535435377, 0.3468957707501952870 ) ) ;
#3987 = DIRECTION ( 'NONE',  ( 0.000000000000000000, 0.000000000000000000, 1.000000000000000000 ) ) ;
#3988 = ADVANCED_FACE ( 'NONE', ( #6451 ), #8963, .F. ) ;
#3989 = CARTESIAN_POINT ( 'NONE',  ( -0.09054685370319566495, -0.0008828582562784219150, -0.09842519685037277866 ) ) ;
#3990 = CARTESIAN_POINT ( 'NONE',  ( 0.02768783276163386264, 0.09784766806102362935, 0.03175020340538582675 ) ) ;
#3991 = ORIENTED_EDGE ( 'NONE', *, *, #5869, .T. ) ;
#3992 = FACE_OUTER_BOUND ( 'NONE', #1733, .T. ) ;
#3993 = VECTOR ( 'NONE', #3698, 39.37007874015748143 ) ;
#3994 = ORIENTED_EDGE ( 'NONE', *, *, #6389, .T. ) ;
#3995 = AXIS2_PLACEMENT_3D ( 'NONE', #4902, #7419, #492 ) ;
#3996 = ORIENTED_EDGE ( 'NONE', *, *, #6976, .F. ) ;
#3997 = CARTESIAN_POINT ( 'NONE',  ( -0.02558283220313511616, 0.09472723263649619752, 0.3484251968503938035 ) ) ;
#3998 = DIRECTION ( 'NONE',  ( 0.000000000000000000, 0.000000000000000000, -1.000000000000000000 ) ) ;
#3999 = ORIENTED_EDGE ( 'NONE', *, *, #5744, .T. ) ;
#4000 = DIRECTION ( 'NONE',  ( 0.000000000000000000, 0.000000000000000000, -1.000000000000000000 ) ) ;
#4001 = EDGE_CURVE ( 'NONE', #11194, #2445, #4464, .T. ) ;
#4002 = CIRCLE ( 'NONE', #8664, 0.007874015748031516770 ) ;
#4003 = FACE_OUTER_BOUND ( 'NONE', #4720, .T. ) ;
#4004 = AXIS2_PLACEMENT_3D ( 'NONE', #8095, #5239, #63 ) ;
#4005 = CARTESIAN_POINT ( 'NONE',  ( -0.02662314899849859903, 0.09958242140474109216, 0.03114938547355260851 ) ) ;
#4006 = DIRECTION ( 'NONE',  ( 0.000000000000000000, 1.000000000000000000, 0.000000000000000000 ) ) ;
#4007 = EDGE_LOOP ( 'NONE', ( #3064, #511, #112, #8478, #8871, #6660, #3763, #5762 ) ) ;
#4008 = FACE_OUTER_BOUND ( 'NONE', #10306, .T. ) ;
#4009 = EDGE_LOOP ( 'NONE', ( #9106, #4513, #7363, #7867 ) ) ;
#4010 = ORIENTED_EDGE ( 'NONE', *, *, #6495, .F. ) ;
#4011 = AXIS2_PLACEMENT_3D ( 'NONE', #4843, #9230, #5729 ) ;
#4012 = ORIENTED_EDGE ( 'NONE', *, *, #631, .F. ) ;
#4013 = AXIS2_PLACEMENT_3D ( 'NONE', #9789, #7213, #10766 ) ;
#4014 = EDGE_CURVE ( 'NONE', #8356, #542, #9780, .T. ) ;
#4015 = PLANE ( 'NONE',  #116 ) ;
#4016 = CARTESIAN_POINT ( 'NONE',  ( 0.1238066421755118218, -0.08858267716535435377, 0.3562992125984252301 ) ) ;
#4017 = CARTESIAN_POINT ( 'NONE',  ( -0.02559055118110236879, 0.06508318454389765140, 0.1712598425196850405 ) ) ;
#4018 = LINE ( 'NONE', #8513, #8034 ) ;
#4019 = DIRECTION ( 'NONE',  ( 1.000000000000000000, 0.000000000000000000, 0.000000000000000000 ) ) ;
#4020 = CARTESIAN_POINT ( 'NONE',  ( -0.1082677165354330728, -0.08070866141732283006, 0.2165354330708661457 ) ) ;
#4021 = VECTOR ( 'NONE', #4475, 39.37007874015748143 ) ;
#4022 = CARTESIAN_POINT ( 'NONE',  ( -0.09055115297606301794, -2.378425968157920437E-10, -0.09842519685039370636 ) ) ;
#4023 = ORIENTED_EDGE ( 'NONE', *, *, #10687, .T. ) ;
#4024 = ORIENTED_EDGE ( 'NONE', *, *, #3641, .T. ) ;
#4025 = CARTESIAN_POINT ( 'NONE',  ( 0.1393455678156299282, -0.08813714464149606520, 0.3511565914376772457 ) ) ;
#4026 = VERTEX_POINT ( 'NONE', #1074 ) ;
#4027 = VERTEX_POINT ( 'NONE', #53 ) ;
#4028 = VERTEX_POINT ( 'NONE', #4625 ) ;
#4029 = CARTESIAN_POINT ( 'NONE',  ( -0.1417322834645669549, -0.01220472440944881873, 0.07086614173228347746 ) ) ;
#4030 = EDGE_CURVE ( 'NONE', #6908, #10008, #8192, .T. ) ;
#4031 = CARTESIAN_POINT ( 'NONE',  ( -0.1352403336801180911, -0.08858267716535435377, 0.3346456692913385988 ) ) ;
#4032 = ORIENTED_EDGE ( 'NONE', *, *, #8670, .T. ) ;
#4033 = VECTOR ( 'NONE', #7532, 39.37007874015748143 ) ;
#4034 = CARTESIAN_POINT ( 'NONE',  ( 0.1259842519686110440, -0.09842519685000866714, 0.2165354330708672559 ) ) ;
#4035 = CARTESIAN_POINT ( 'NONE',  ( 0.1185651836366535539, -0.05905511811023621271, 0.09842519685039370636 ) ) ;
#4036 = FACE_OUTER_BOUND ( 'NONE', #10855, .T. ) ;
#4037 = FACE_OUTER_BOUND ( 'NONE', #9497, .T. ) ;
#4038 = DIRECTION ( 'NONE',  ( -0.5807246816278148760, 0.000000000000000000, -0.8141000209730208104 ) ) ;
#4039 = VERTEX_POINT ( 'NONE', #8029 ) ;
#4040 = DIRECTION ( 'NONE',  ( 1.000000000000000000, 0.000000000000000000, 0.000000000000000000 ) ) ;
#4041 = EDGE_LOOP ( 'NONE', ( #398, #4944, #4240, #7926, #9745, #9176, #7668, #950, #514, #8462, #3844, #6678 ) ) ;
#4042 = EDGE_CURVE ( 'NONE', #8955, #692, #1697, .T. ) ;
#4043 = DIRECTION ( 'NONE',  ( -0.000000000000000000, -0.000000000000000000, -1.000000000000000000 ) ) ;
#4044 = EDGE_CURVE ( 'NONE', #7901, #6063, #1194, .T. ) ;
#4045 = CARTESIAN_POINT ( 'NONE',  ( 0.05413385826771653642, -0.09842519685039370636, 0.000000000000000000 ) ) ;
#4046 = CARTESIAN_POINT ( 'NONE',  ( -0.1313389175166527201, -0.09842519685039370636, 0.3395385684779934077 ) ) ;
#4047 = LINE ( 'NONE', #2411, #5393 ) ;
#4048 = CARTESIAN_POINT ( 'NONE',  ( -0.02982995424813252722, 0.08809169065594960046, 0.3376588022054507476 ) ) ;
#4049 = CARTESIAN_POINT ( 'NONE',  ( -0.1250000000000000000, -0.01968503937007873988, 0.3346456692913385988 ) ) ;
#4050 = DIRECTION ( 'NONE',  ( 0.000000000000000000, 0.000000000000000000, 1.000000000000000000 ) ) ;
#4051 = ORIENTED_EDGE ( 'NONE', *, *, #9236, .T. ) ;
#4052 = VERTEX_POINT ( 'NONE', #2250 ) ;
#4053 = CARTESIAN_POINT ( 'NONE',  ( 0.1406663324992125930, -0.08267716535433072833, 0.1771653543307087075 ) ) ;
#4054 = ADVANCED_FACE ( 'NONE', ( #3070 ), #2130, .T. ) ;
#4055 = DIRECTION ( 'NONE',  ( 0.000000000000000000, 0.000000000000000000, 1.000000000000000000 ) ) ;
#4056 = ORIENTED_EDGE ( 'NONE', *, *, #1848, .T. ) ;
#4057 = FACE_OUTER_BOUND ( 'NONE', #4619, .T. ) ;
#4058 = LINE ( 'NONE', #2248, #5973 ) ;
#4059 = CARTESIAN_POINT ( 'NONE',  ( 0.1417322834645669549, -0.004724409448818898440, 0.3188976377952755792 ) ) ;
#4060 = LINE ( 'NONE', #7619, #2628 ) ;
#4061 = ORIENTED_EDGE ( 'NONE', *, *, #2533, .F. ) ;
#4062 = ORIENTED_EDGE ( 'NONE', *, *, #2979, .F. ) ;
#4063 = CARTESIAN_POINT ( 'NONE',  ( 0.02559055118110250410, 0.09567716592026817568, 0.1693574163530423837 ) ) ;
#4064 = ORIENTED_EDGE ( 'NONE', *, *, #9149, .F. ) ;
#4065 = EDGE_CURVE ( 'NONE', #10081, #11307, #391, .T. ) ;
#4066 = ORIENTED_EDGE ( 'NONE', *, *, #6620, .F. ) ;
#4067 = CARTESIAN_POINT ( 'NONE',  ( -0.09055118110236221041, 0.02362204724409448786, 0.03149606299212598381 ) ) ;
#4068 = DIRECTION ( 'NONE',  ( 1.000000000000000000, 0.000000000000000000, 0.000000000000000000 ) ) ;
#4069 = CARTESIAN_POINT ( 'NONE',  ( 0.1417322834645669549, 0.009842519685039369942, 0.1811023622047244208 ) ) ;
#4070 = CARTESIAN_POINT ( 'NONE',  ( 0.04096692753337945192, 0.09464090881509902575, 0.02952755905511811330 ) ) ;
#4071 = SECURITY_CLASSIFICATION_LEVEL ( 'unclassified' ) ;
#4072 = DIRECTION ( 'NONE',  ( 0.000000000000000000, 0.3007546821112823121, 0.9537015367441439295 ) ) ;
#4073 = EDGE_CURVE ( 'NONE', #7957, #10188, #776, .T. ) ;
#4074 = ORIENTED_EDGE ( 'NONE', *, *, #5156, .F. ) ;
#4075 = ORIENTED_EDGE ( 'NONE', *, *, #11030, .F. ) ;
#4076 = PLANE ( 'NONE',  #4106 ) ;
#4077 = ORIENTED_EDGE ( 'NONE', *, *, #2962, .T. ) ;
#4078 = ORIENTED_EDGE ( 'NONE', *, *, #1011, .T. ) ;
#4079 = ORIENTED_EDGE ( 'NONE', *, *, #8743, .F. ) ;
#4080 = ADVANCED_FACE ( 'NONE', ( #10184 ), #11173, .T. ) ;
#4081 = VERTEX_POINT ( 'NONE', #335 ) ;
#4082 = DIRECTION ( 'NONE',  ( 0.000000000000000000, 0.000000000000000000, 1.000000000000000000 ) ) ;
#4083 = DIRECTION ( 'NONE',  ( 1.000000000000000000, 0.000000000000000000, 0.000000000000000000 ) ) ;
#4084 = ORIENTED_EDGE ( 'NONE', *, *, #3612, .F. ) ;
#4085 = DIRECTION ( 'NONE',  ( 0.000000000000000000, 0.000000000000000000, -1.000000000000000000 ) ) ;
#4086 = CARTESIAN_POINT ( 'NONE',  ( 0.02555868170973622788, 0.09017902328125984579, 0.04458438839562992723 ) ) ;
#4087 = FACE_OUTER_BOUND ( 'NONE', #2189, .T. ) ;
#4088 = DIRECTION ( 'NONE',  ( -1.000000000000000000, 0.000000000000000000, 0.000000000000000000 ) ) ;
#4089 = VECTOR ( 'NONE', #3406, 39.37007874015748143 ) ;
#4090 = DIRECTION ( 'NONE',  ( 0.000000000000000000, 1.000000000000000000, 0.000000000000000000 ) ) ;
#4091 = EDGE_CURVE ( 'NONE', #4309, #7911, #9185, .T. ) ;
#4092 = VERTEX_POINT ( 'NONE', #5809 ) ;
#4093 = DIRECTION ( 'NONE',  ( 0.000000000000000000, 0.000000000000000000, 1.000000000000000000 ) ) ;
#4094 = ADVANCED_FACE ( 'NONE', ( #2188 ), #7563, .T. ) ;
#4095 = ORIENTED_EDGE ( 'NONE', *, *, #4044, .F. ) ;
#4096 = CIRCLE ( 'NONE', #9680, 0.01771653543307086243 ) ;
#4097 = PLANE ( 'NONE',  #4707 ) ;
#4098 = DIRECTION ( 'NONE',  ( 0.000000000000000000, 0.000000000000000000, 1.000000000000000000 ) ) ;
#4099 = DIRECTION ( 'NONE',  ( -0.000000000000000000, -0.000000000000000000, -1.000000000000000000 ) ) ;
#4100 = LINE ( 'NONE', #5145, #4292 ) ;
#4101 = LINE ( 'NONE', #1467, #5504 ) ;
#4102 = DIRECTION ( 'NONE',  ( 0.000000000000000000, 1.000000000000000000, 0.000000000000000000 ) ) ;
#4103 = AXIS2_PLACEMENT_3D ( 'NONE', #5624, #4922, #507 ) ;
#4104 = ADVANCED_FACE ( 'NONE', ( #9366 ), #1369, .F. ) ;
#4105 = ORIENTED_EDGE ( 'NONE', *, *, #5992, .F. ) ;
#4106 = AXIS2_PLACEMENT_3D ( 'NONE', #1444, #6820, #2329 ) ;
#4107 = EDGE_CURVE ( 'NONE', #10540, #4081, #4060, .T. ) ;
#4108 = CARTESIAN_POINT ( 'NONE',  ( 0.000000000000000000, 0.000000000000000000, 0.000000000000000000 ) ) ;
#4109 = ORIENTED_EDGE ( 'NONE', *, *, #8922, .T. ) ;
#4110 = VERTEX_POINT ( 'NONE', #3193 ) ;
#4111 = CARTESIAN_POINT ( 'NONE',  ( 0.1023622047244094613, 0.09842519685039372024, 0.2854330708661417804 ) ) ;
#4112 = DIRECTION ( 'NONE',  ( -1.000000000000000000, -0.000000000000000000, -0.000000000000000000 ) ) ;
#4113 = CIRCLE ( 'NONE', #4650, 0.01574803149606299191 ) ;
#4114 = B_SPLINE_CURVE_WITH_KNOTS ( 'NONE', 3,
 ( #8806, #4472, #3603, #6182, #7159, #9843 ),
 .UNSPECIFIED., .F., .F.,
 ( 4, 2, 4 ),
 ( 0.000000000000000000, 0.5000000000000000000, 1.000000000000000000 ),
 .UNSPECIFIED. ) ;
#4115 = EDGE_LOOP ( 'NONE', ( #4662, #1183, #3324, #3133 ) ) ;
#4116 = CARTESIAN_POINT ( 'NONE',  ( 0.1003937007874015630, 0.09842519685039370636, 0.03149606299212598381 ) ) ;
#4117 = DIRECTION ( 'NONE',  ( 0.000000000000000000, -1.000000000000000000, 0.000000000000000000 ) ) ;
#4118 = CARTESIAN_POINT ( 'NONE',  ( -0.02559055118110433250, 0.08316328890936933171, 0.1712598425196850405 ) ) ;
#4119 = DIRECTION ( 'NONE',  ( 0.000000000000000000, 0.000000000000000000, -1.000000000000000000 ) ) ;
#4120 = VECTOR ( 'NONE', #3248, 39.37007874015748854 ) ;
#4121 = AXIS2_PLACEMENT_3D ( 'NONE', #5236, #808, #7044 ) ;
#4122 = ORIENTED_EDGE ( 'NONE', *, *, #6312, .F. ) ;
#4123 = ORIENTED_EDGE ( 'NONE', *, *, #9165, .F. ) ;
#4124 = DIRECTION ( 'NONE',  ( -0.000000000000000000, -1.000000000000000000, -0.000000000000000000 ) ) ;
#4125 = ORIENTED_EDGE ( 'NONE', *, *, #10942, .F. ) ;
#4126 = ORIENTED_EDGE ( 'NONE', *, *, #3595, .F. ) ;
#4127 = AXIS2_PLACEMENT_3D ( 'NONE', #10850, #2858, #2919 ) ;
#4128 = DIRECTION ( 'NONE',  ( 0.000000000000000000, 1.000000000000000000, 0.000000000000000000 ) ) ;
#4129 = DIRECTION ( 'NONE',  ( 0.000000000000000000, 1.000000000000000000, 0.000000000000000000 ) ) ;
#4130 = DIRECTION ( 'NONE',  ( 0.000000000000000000, 1.000000000000000000, 0.000000000000000000 ) ) ;
#4131 = DIRECTION ( 'NONE',  ( 0.000000000000000000, 0.000000000000000000, 1.000000000000000000 ) ) ;
#4132 = PERSON_AND_ORGANIZATION_ROLE ( 'classification_officer' ) ;
#4133 = ADVANCED_FACE ( 'NONE', ( #562 ), #9250, .F. ) ;
#4134 = DIRECTION ( 'NONE',  ( 0.000000000000000000, 1.000000000000000000, 0.000000000000000000 ) ) ;
#4135 = CARTESIAN_POINT ( 'NONE',  ( 0.04299154853259842812, 0.08267716535433072833, 0.02952755905511811330 ) ) ;
#4136 = VERTEX_POINT ( 'NONE', #2309 ) ;
#4137 = VERTEX_POINT ( 'NONE', #1310 ) ;
#4138 = CARTESIAN_POINT ( 'NONE',  ( -0.08070866141732283006, 0.09350393700787401619, 0.01771653543307086937 ) ) ;
#4139 = ORIENTED_EDGE ( 'NONE', *, *, #1726, .F. ) ;
#4140 = CIRCLE ( 'NONE', #5254, 0.005905511811023620231 ) ;
#4141 = ORIENTED_EDGE ( 'NONE', *, *, #3851, .T. ) ;
#4142 = EDGE_LOOP ( 'NONE', ( #10745, #8488, #6340, #4247 ) ) ;
#4143 = ORIENTED_EDGE ( 'NONE', *, *, #6780, .T. ) ;
#4144 = DIRECTION ( 'NONE',  ( 1.000000000000000000, 0.000000000000000000, 0.000000000000000000 ) ) ;
#4145 = DIRECTION ( 'NONE',  ( 0.000000000000000000, 0.000000000000000000, -1.000000000000000000 ) ) ;
#4146 = CARTESIAN_POINT ( 'NONE',  ( -0.1082677165354330728, -0.08070866141732283006, 0.3562992125984252301 ) ) ;
#4147 = ADVANCED_FACE ( 'NONE', ( #3880 ), #5626, .F. ) ;
#4148 = CARTESIAN_POINT ( 'NONE',  ( 0.02746566887503543858, 0.09341209151303149494, 0.03245776095299213876 ) ) ;
#4149 = CARTESIAN_POINT ( 'NONE',  ( 0.1259842519684645779, -0.09842519685039369248, 0.3129921259842520231 ) ) ;
#4150 = VECTOR ( 'NONE', #6887, 39.37007874015748143 ) ;
#4151 = CARTESIAN_POINT ( 'NONE',  ( -0.02776781992879527594, 0.09420441083590551379, 0.03196797824198819443 ) ) ;
#4152 = CARTESIAN_POINT ( 'NONE',  ( -0.1167364568329339880, -0.09651583096946519946, 0.3129921259842520787 ) ) ;
#4153 = EDGE_CURVE ( 'NONE', #11378, #7325, #5748, .T. ) ;
#4154 = ORIENTED_EDGE ( 'NONE', *, *, #6855, .T. ) ;
#4155 = EDGE_LOOP ( 'NONE', ( #11454, #1607, #8280, #10490 ) ) ;
#4156 = CARTESIAN_POINT ( 'NONE',  ( -0.07677165354330707514, 0.08858267716535435377, 0.3838582677165355284 ) ) ;
#4157 = ORIENTED_EDGE ( 'NONE', *, *, #9556, .F. ) ;
#4158 = VECTOR ( 'NONE', #6407, 39.37007874015748143 ) ;
#4159 = DIRECTION ( 'NONE',  ( 0.000000000000000000, -1.000000000000000000, 0.000000000000000000 ) ) ;
#4160 = LINE ( 'NONE', #7658, #1192 ) ;
#4161 = EDGE_CURVE ( 'NONE', #6932, #10580, #8554, .T. ) ;
#4162 = CARTESIAN_POINT ( 'NONE',  ( 0.1406663324992913355, -0.09842519685040113098, 0.2164279190585826906 ) ) ;
#4163 = FACE_OUTER_BOUND ( 'NONE', #699, .T. ) ;
#4164 = DIRECTION ( 'NONE',  ( 0.000000000000000000, 0.000000000000000000, 1.000000000000000000 ) ) ;
#4165 = FACE_OUTER_BOUND ( 'NONE', #4041, .T. ) ;
#4166 = AXIS2_PLACEMENT_3D ( 'NONE', #7144, #3644, #8844 ) ;
#4167 = VERTEX_POINT ( 'NONE', #2947 ) ;
#4168 = DIRECTION ( 'NONE',  ( -0.000000000000000000, -1.000000000000000000, -0.000000000000000000 ) ) ;
#4169 = ORIENTED_EDGE ( 'NONE', *, *, #763, .F. ) ;
#4170 = ORIENTED_EDGE ( 'NONE', *, *, #2487, .F. ) ;
#4171 = DIRECTION ( 'NONE',  ( 0.9737778058631813005, 0.000000000000000000, 0.2275011753997955855 ) ) ;
#4172 = CIRCLE ( 'NONE', #6218, 0.02362204724409448092 ) ;
#4173 = LINE ( 'NONE', #5922, #2496 ) ;
#4174 = EDGE_CURVE ( 'NONE', #9295, #7957, #6506, .T. ) ;
#4175 = ORIENTED_EDGE ( 'NONE', *, *, #3486, .T. ) ;
#4176 = CARTESIAN_POINT ( 'NONE',  ( -0.1181102362204724532, 0.05905511811023622659, 0.1791338582677165503 ) ) ;
#4177 = CARTESIAN_POINT ( 'NONE',  ( -0.1082677165354331006, -0.09842519685039370636, 0.4133858267716535861 ) ) ;
#4178 = VECTOR ( 'NONE', #1696, 39.37007874015748143 ) ;
#4179 = VECTOR ( 'NONE', #4470, 39.37007874015748143 ) ;
#4180 = ORIENTED_EDGE ( 'NONE', *, *, #2827, .F. ) ;
#4181 = ORIENTED_EDGE ( 'NONE', *, *, #3805, .F. ) ;
#4182 = VERTEX_POINT ( 'NONE', #10121 ) ;
#4183 = EDGE_CURVE ( 'NONE', #7928, #9173, #399, .T. ) ;
#4184 = EDGE_CURVE ( 'NONE', #353, #6229, #10363, .T. ) ;
#4185 = ORIENTED_EDGE ( 'NONE', *, *, #10101, .T. ) ;
#4186 = AXIS2_PLACEMENT_3D ( 'NONE', #2838, #10948, #5519 ) ;
#4187 = VECTOR ( 'NONE', #9521, 39.37007874015748143 ) ;
#4188 = DIRECTION ( 'NONE',  ( 0.000000000000000000, 1.000000000000000000, 0.000000000000000000 ) ) ;
#4189 = DIRECTION ( 'NONE',  ( 0.000000000000000000, -1.000000000000000000, 0.000000000000000000 ) ) ;
#4190 = DIRECTION ( 'NONE',  ( 1.000000000000000000, 0.000000000000000000, 0.000000000000000000 ) ) ;
#4191 = DIRECTION ( 'NONE',  ( 0.000000000000000000, 0.000000000000000000, -1.000000000000000000 ) ) ;
#4192 = PERSON_AND_ORGANIZATION ( #2389, #10845 ) ;
#4193 = CARTESIAN_POINT ( 'NONE',  ( 0.1296850216507920150, -0.08858267716535438152, 0.3308705170438677734 ) ) ;
#4194 = CARTESIAN_POINT ( 'NONE',  ( 0.02559055118110236879, 0.04527559055118110520, 0.2170084889991732435 ) ) ;
#4195 = ORIENTED_EDGE ( 'NONE', *, *, #7499, .F. ) ;
#4196 = ORIENTED_EDGE ( 'NONE', *, *, #9163, .T. ) ;
#4197 = DIRECTION ( 'NONE',  ( 0.000000000000000000, 0.000000000000000000, 1.000000000000000000 ) ) ;
#4198 = AXIS2_PLACEMENT_3D ( 'NONE', #6534, #3906, #5718 ) ;
#4199 = ORIENTED_EDGE ( 'NONE', *, *, #5711, .T. ) ;
#4200 = VECTOR ( 'NONE', #11495, 39.37007874015748143 ) ;
#4201 = ORIENTED_EDGE ( 'NONE', *, *, #8089, .F. ) ;
#4202 = ORIENTED_EDGE ( 'NONE', *, *, #480, .T. ) ;
#4203 = FACE_OUTER_BOUND ( 'NONE', #3492, .T. ) ;
#4204 = LINE ( 'NONE', #11313, #6399 ) ;
#4205 = EDGE_CURVE ( 'NONE', #9616, #6806, #9481, .T. ) ;
#4206 = CARTESIAN_POINT ( 'NONE',  ( -0.1259842519685039353, -0.09842519685039369248, 0.3562992125984252301 ) ) ;
#4207 = PLANE ( 'NONE',  #5127 ) ;
#4208 = DIRECTION ( 'NONE',  ( 0.000000000000000000, 0.000000000000000000, 1.000000000000000000 ) ) ;
#4209 = VECTOR ( 'NONE', #8024, 39.37007874015748854 ) ;
#4210 = CARTESIAN_POINT ( 'NONE',  ( -0.02746362383411023872, 0.09340672600645674728, 0.03246107926923622738 ) ) ;
#4211 = FACE_OUTER_BOUND ( 'NONE', #5676, .T. ) ;
#4212 = LINE ( 'NONE', #1035, #3766 ) ;
#4213 = VERTEX_POINT ( 'NONE', #2370 ) ;
#4214 = VERTEX_POINT ( 'NONE', #11233 ) ;
#4215 = DIRECTION ( 'NONE',  ( 0.000000000000000000, 1.000000000000000000, 0.000000000000000000 ) ) ;
#4216 = VECTOR ( 'NONE', #8990, 39.37007874015748143 ) ;
#4217 = ORIENTED_EDGE ( 'NONE', *, *, #4205, .T. ) ;
#4218 = DIRECTION ( 'NONE',  ( 0.000000000000000000, 0.000000000000000000, -1.000000000000000000 ) ) ;
#4219 = ADVANCED_FACE ( 'NONE', ( #6801 ), #5039, .T. ) ;
#4220 = LINE ( 'NONE', #11441, #9399 ) ;
#4221 = CARTESIAN_POINT ( 'NONE',  ( 0.1082677165354330728, -0.05118110236220473758, 0.2283464566929133688 ) ) ;
#4222 = DIRECTION ( 'NONE',  ( 0.000000000000000000, 0.000000000000000000, 1.000000000000000000 ) ) ;
#4223 = CARTESIAN_POINT ( 'NONE',  ( 0.1023622047244094613, 0.09842519685039370636, 0.3346456692913385988 ) ) ;
#4224 = DIRECTION ( 'NONE',  ( 0.000000000000000000, 0.000000000000000000, 1.000000000000000000 ) ) ;
#4225 = ORIENTED_EDGE ( 'NONE', *, *, #1403, .F. ) ;
#4226 = LINE ( 'NONE', #2361, #9670 ) ;
#4227 = EDGE_CURVE ( 'NONE', #5176, #11133, #6423, .T. ) ;
#4228 = ORIENTED_EDGE ( 'NONE', *, *, #622, .F. ) ;
#4229 = VERTEX_POINT ( 'NONE', #10031 ) ;
#4230 = CARTESIAN_POINT ( 'NONE',  ( -0.07086614173228347746, 0.000000000000000000, -0.09055130052448821798 ) ) ;
#4231 = EDGE_CURVE ( 'NONE', #9326, #10493, #10786, .T. ) ;
#4232 = CARTESIAN_POINT ( 'NONE',  ( 0.03050125951131553437, 0.08670145462893937005, 0.03384961476790412926 ) ) ;
#4233 = EDGE_LOOP ( 'NONE', ( #7207, #1394, #11077, #11033 ) ) ;
#4234 = CARTESIAN_POINT ( 'NONE',  ( -0.1131889763779527630, -0.07781718282311023138, 0.2165354330708661457 ) ) ;
#4235 = LINE ( 'NONE', #6103, #2651 ) ;
#4236 = EDGE_CURVE ( 'NONE', #1633, #2445, #9977, .T. ) ;
#4237 = EDGE_LOOP ( 'NONE', ( #3154, #6859, #5644, #3895 ) ) ;
#4238 = CARTESIAN_POINT ( 'NONE',  ( -0.1082677165354330728, 0.000000000000000000, 0.1102362204724409434 ) ) ;
#4239 = ORIENTED_EDGE ( 'NONE', *, *, #74, .T. ) ;
#4240 = ORIENTED_EDGE ( 'NONE', *, *, #701, .T. ) ;
#4241 = DIRECTION ( 'NONE',  ( 0.000000000000000000, 0.000000000000000000, 1.000000000000000000 ) ) ;
#4242 = DIRECTION ( 'NONE',  ( -0.5812381937190961301, 0.000000000000000000, -0.8137334712067350040 ) ) ;
#4243 = CARTESIAN_POINT ( 'NONE',  ( 0.1313389175166518597, -0.08858267716536412373, 0.1919037375079931940 ) ) ;
#4244 = CARTESIAN_POINT ( 'NONE',  ( -0.07086614173228347746, 0.000000000000000000, 0.2952755905486614263 ) ) ;
#4245 = AXIS2_PLACEMENT_3D ( 'NONE', #9199, #4758, #4019 ) ;
#4246 = PLANE ( 'NONE',  #589 ) ;
#4247 = ORIENTED_EDGE ( 'NONE', *, *, #10776, .T. ) ;
#4248 = EDGE_CURVE ( 'NONE', #9968, #9144, #3677, .T. ) ;
#4249 = EDGE_LOOP ( 'NONE', ( #2335, #872, #8154, #4519, #6574, #9225, #8630, #2088 ) ) ;
#4250 = CARTESIAN_POINT ( 'NONE',  ( -0.1023622047244094613, 0.09842519685039370636, 0.3346456692913385988 ) ) ;
#4251 = ADVANCED_FACE ( 'NONE', ( #2747 ), #1162, .T. ) ;
#4252 = ORIENTED_EDGE ( 'NONE', *, *, #11131, .F. ) ;
#4253 = ORIENTED_EDGE ( 'NONE', *, *, #1302, .F. ) ;
#4254 = ORIENTED_EDGE ( 'NONE', *, *, #4943, .F. ) ;
#4255 = DIRECTION ( 'NONE',  ( -1.000000000000000000, 0.000000000000000000, 0.000000000000000000 ) ) ;
#4256 = FACE_OUTER_BOUND ( 'NONE', #6296, .T. ) ;
#4257 = LINE ( 'NONE', #8527, #9023 ) ;
#4258 = FACE_OUTER_BOUND ( 'NONE', #2373, .T. ) ;
#4259 = CARTESIAN_POINT ( 'NONE',  ( 0.04133858267716536417, 0.09888321297133859100, 0.1712598425196850405 ) ) ;
#4260 = CARTESIAN_POINT ( 'NONE',  ( 0.1244494698206299321, -0.08267716535433072833, 0.05118110236220473758 ) ) ;
#4261 = CARTESIAN_POINT ( 'NONE',  ( -0.05539187368666973615, 0.09842519685039370636, 0.3413493071083531505 ) ) ;
#4262 = FACE_OUTER_BOUND ( 'NONE', #340, .T. ) ;
#4263 = ORIENTED_EDGE ( 'NONE', *, *, #10424, .F. ) ;
#4264 = EDGE_CURVE ( 'NONE', #8693, #5693, #1048, .T. ) ;
#4265 = ORIENTED_EDGE ( 'NONE', *, *, #8302, .T. ) ;
#4266 = DIRECTION ( 'NONE',  ( 0.000000000000000000, -1.000000000000000000, 0.000000000000000000 ) ) ;
#4267 = ORIENTED_EDGE ( 'NONE', *, *, #4065, .F. ) ;
#4268 = DIRECTION ( 'NONE',  ( 0.000000000000000000, 1.000000000000000000, 0.000000000000000000 ) ) ;
#4269 = LINE ( 'NONE', #7717, #4187 ) ;
#4270 = CIRCLE ( 'NONE', #9480, 0.04578276980082676695 ) ;
#4271 = DIRECTION ( 'NONE',  ( 1.000000000000000000, -8.857233590795463575E-16, 0.000000000000000000 ) ) ;
#4272 = CARTESIAN_POINT ( 'NONE',  ( 0.003149606299212598815, -0.05905511811023622659, 0.2854330708661417804 ) ) ;
#4273 = CARTESIAN_POINT ( 'NONE',  ( -1.325897125061111362E-18, -0.1141732283464567121, 0.1122047244094487722 ) ) ;
#4274 = CARTESIAN_POINT ( 'NONE',  ( 0.04070074830007874150, 0.09842519685039370636, 0.02952755905511811330 ) ) ;
#4275 = VERTEX_POINT ( 'NONE', #8116 ) ;
#4276 = EDGE_CURVE ( 'NONE', #221, #3212, #8248, .T. ) ;
#4277 = CARTESIAN_POINT ( 'NONE',  ( 0.02705260741548972184, 0.09727985743708171540, 0.3416575361063258764 ) ) ;
#4278 = AXIS2_PLACEMENT_3D ( 'NONE', #6206, #7337, #2024 ) ;
#4279 = ORIENTED_EDGE ( 'NONE', *, *, #8568, .T. ) ;
#4280 = CARTESIAN_POINT ( 'NONE',  ( -0.02559055118110236879, 0.09086790884854337169, 0.3484251968503936925 ) ) ;
#4281 = CARTESIAN_POINT ( 'NONE',  ( 0.1181102362204724532, -0.05118110236220473758, 0.1023622047244094752 ) ) ;
#4282 = EDGE_CURVE ( 'NONE', #6588, #5889, #6365, .T. ) ;
#4283 = ORIENTED_EDGE ( 'NONE', *, *, #1638, .T. ) ;
#4284 = AXIS2_PLACEMENT_3D ( 'NONE', #11491, #10566, #2574 ) ;
#4285 = ADVANCED_FACE ( 'NONE', ( #8288 ), #2035, .T. ) ;
#4286 = VECTOR ( 'NONE', #10043, 39.37007874015748143 ) ;
#4287 = CARTESIAN_POINT ( 'NONE',  ( 0.1082677165354330728, 0.0009842519685039369942, 0.3129921259842520231 ) ) ;
#4288 = DIRECTION ( 'NONE',  ( 0.000000000000000000, 0.000000000000000000, -1.000000000000000000 ) ) ;
#4289 = ADVANCED_FACE ( 'NONE', ( #1920 ), #245, .F. ) ;
#4290 = VERTEX_POINT ( 'NONE', #8056 ) ;
#4291 = AXIS2_PLACEMENT_3D ( 'NONE', #1191, #4801, #2945 ) ;
#4292 = VECTOR ( 'NONE', #8713, 39.37007874015748143 ) ;
#4293 = ORIENTED_EDGE ( 'NONE', *, *, #3572, .T. ) ;
#4294 = ORIENTED_EDGE ( 'NONE', *, *, #2105, .F. ) ;
#4295 = ORIENTED_EDGE ( 'NONE', *, *, #8681, .F. ) ;
#4296 = DIRECTION ( 'NONE',  ( -1.000000000000000000, 0.000000000000000000, 0.000000000000000000 ) ) ;
#4297 = EDGE_CURVE ( 'NONE', #4214, #6588, #7291, .T. ) ;
#4298 = LINE ( 'NONE', #694, #1593 ) ;
#4299 = DIRECTION ( 'NONE',  ( 0.000000000000000000, 0.000000000000000000, 1.000000000000000000 ) ) ;
#4300 = CARTESIAN_POINT ( 'NONE',  ( 0.09055184985369385542, 0.001152088017110879017, -0.09842519318514630910 ) ) ;
#4301 = CIRCLE ( 'NONE', #5790, 0.007874015748031495954 ) ;
#4302 = VECTOR ( 'NONE', #6471, 39.37007874015748143 ) ;
#4303 =( NAMED_UNIT ( * ) SI_UNIT ( $, .STERADIAN. ) SOLID_ANGLE_UNIT ( ) );
#4304 = DIRECTION ( 'NONE',  ( 0.000000000000000000, 0.000000000000000000, -1.000000000000000000 ) ) ;
#4305 = EDGE_CURVE ( 'NONE', #4027, #7402, #10681, .T. ) ;
#4306 = ORIENTED_EDGE ( 'NONE', *, *, #4276, .F. ) ;
#4307 = ORIENTED_EDGE ( 'NONE', *, *, #4264, .F. ) ;
#4308 = CYLINDRICAL_SURFACE ( 'NONE', #3706, 0.007874015748031499423 ) ;
#4309 = VERTEX_POINT ( 'NONE', #3789 ) ;
#4310 = EDGE_LOOP ( 'NONE', ( #7239, #5974, #8337, #1374 ) ) ;
#4311 = ORIENTED_EDGE ( 'NONE', *, *, #2995, .T. ) ;
#4312 = AXIS2_PLACEMENT_3D ( 'NONE', #9611, #10595, #11357 ) ;
#4313 = FACE_OUTER_BOUND ( 'NONE', #7869, .T. ) ;
#4314 = AXIS2_PLACEMENT_3D ( 'NONE', #9375, #8386, #2321 ) ;
#4315 = CARTESIAN_POINT ( 'NONE',  ( 0.1259842519684645779, -0.09842519685039369248, 0.3129921259842520231 ) ) ;
#4316 = DIRECTION ( 'NONE',  ( 0.000000000000000000, 1.000000000000000000, 0.000000000000000000 ) ) ;
#4317 = EDGE_CURVE ( 'NONE', #6249, #4978, #9861, .T. ) ;
#4318 = CARTESIAN_POINT ( 'NONE',  ( 0.1082677165354330728, -0.05905511811023622659, 0.1968503937007874127 ) ) ;
#4319 = CARTESIAN_POINT ( 'NONE',  ( 0.1213460738381712534, -0.09842519685038338129, 0.3129921259842520787 ) ) ;
#4320 = CARTESIAN_POINT ( 'NONE',  ( -0.04302696206110236815, 0.09136576253039370432, 0.02959819137633464686 ) ) ;
#4321 = CARTESIAN_POINT ( 'NONE',  ( -0.003149606299212598815, 0.09842519685039370636, 0.2854330708661417804 ) ) ;
#4322 = CARTESIAN_POINT ( 'NONE',  ( 0.1313389175166534417, -0.08813603796283467351, 0.1919037375079920005 ) ) ;
#4323 = VECTOR ( 'NONE', #5299, 39.37007874015748143 ) ;
#4324 = ORIENTED_EDGE ( 'NONE', *, *, #5853, .T. ) ;
#4325 = ORIENTED_EDGE ( 'NONE', *, *, #7499, .T. ) ;
#4326 = DIRECTION ( 'NONE',  ( 0.000000000000000000, 0.000000000000000000, 1.000000000000000000 ) ) ;
#4327 = FACE_OUTER_BOUND ( 'NONE', #9830, .T. ) ;
#4328 = ORIENTED_EDGE ( 'NONE', *, *, #6277, .T. ) ;
#4329 = CYLINDRICAL_SURFACE ( 'NONE', #1913, 0.003856965870551185352 ) ;
#4330 = AXIS2_PLACEMENT_3D ( 'NONE', #1949, #7205, #1890 ) ;
#4331 = CARTESIAN_POINT ( 'NONE',  ( -0.07283464566929183370, 0.09842519685039370636, 0.2362204724409447953 ) ) ;
#4332 = ADVANCED_FACE ( 'NONE', ( #7352 ), #5593, .T. ) ;
#4333 = ADVANCED_FACE ( 'NONE', ( #3854 ), #6259, .F. ) ;
#4334 = LINE ( 'NONE', #6138, #7361 ) ;
#4335 = DIRECTION ( 'NONE',  ( 0.000000000000000000, 1.000000000000000000, 0.000000000000000000 ) ) ;
#4336 = LINE ( 'NONE', #11446, #4457 ) ;
#4337 = CARTESIAN_POINT ( 'NONE',  ( 0.1427909053053474930, -0.08812772974917322533, 0.05823368374837570305 ) ) ;
#4338 = PLANE ( 'NONE',  #3920 ) ;
#4339 = ORIENTED_EDGE ( 'NONE', *, *, #7661, .T. ) ;
#4340 = DIRECTION ( 'NONE',  ( -1.000000000000000000, 0.000000000000000000, 0.000000000000000000 ) ) ;
#4341 = AXIS2_PLACEMENT_3D ( 'NONE', #11432, #8869, #7770 ) ;
#4342 = ORIENTED_EDGE ( 'NONE', *, *, #9313, .F. ) ;
#4343 = PLANE ( 'NONE',  #2094 ) ;
#4344 = DIRECTION ( 'NONE',  ( 0.000000000000000000, 1.000000000000000000, 0.000000000000000000 ) ) ;
#4345 = ADVANCED_FACE ( 'NONE', ( #1226 ), #485, .T. ) ;
#4346 = ORIENTED_EDGE ( 'NONE', *, *, #10488, .F. ) ;
#4347 = VECTOR ( 'NONE', #8493, 39.37007874015748143 ) ;
#4348 = CARTESIAN_POINT ( 'NONE',  ( 0.02656420316783980606, 0.09749797218818832822, 0.03511893970869556236 ) ) ;
#4349 = CARTESIAN_POINT ( 'NONE',  ( 0.02555680228227559178, 0.09608555564708662344, 0.03781783022011023232 ) ) ;
#4350 = VERTEX_POINT ( 'NONE', #8530 ) ;
#4351 = CIRCLE ( 'NONE', #6962, 0.01771653543307086243 ) ;
#4352 = VERTEX_POINT ( 'NONE', #2283 ) ;
#4353 = ADVANCED_FACE ( 'NONE', ( #4037 ), #11146, .T. ) ;
#4354 = ORIENTED_EDGE ( 'NONE', *, *, #8593, .T. ) ;
#4355 = DIRECTION ( 'NONE',  ( -0.5222169656948087990, -0.8528087644293502745, 0.002579157418952577382 ) ) ;
#4356 = CARTESIAN_POINT ( 'NONE',  ( 0.000000000000000000, 0.08464566929133858497, 0.3543307086614174151 ) ) ;
#4357 = CARTESIAN_POINT ( 'NONE',  ( -0.1293882843598818944, -0.08858267716535435377, 0.2164279190586220203 ) ) ;
#4358 = VECTOR ( 'NONE', #4083, 39.37007874015748143 ) ;
#4359 = CARTESIAN_POINT ( 'NONE',  ( 0.09052628047007757472, 0.002442366373776224450, -0.09842519277623663909 ) ) ;
#4360 = DIRECTION ( 'NONE',  ( 0.000000000000000000, 0.000000000000000000, 1.000000000000000000 ) ) ;
#4361 = ORIENTED_EDGE ( 'NONE', *, *, #6539, .F. ) ;
#4362 = DIRECTION ( 'NONE',  ( 0.000000000000000000, 1.000000000000000000, 0.000000000000000000 ) ) ;
#4363 = ORIENTED_EDGE ( 'NONE', *, *, #2543, .F. ) ;
#4364 = ADVANCED_FACE ( 'NONE', ( #4832 ), #5776, .T. ) ;
#4365 = EDGE_LOOP ( 'NONE', ( #3186, #410, #4381, #2648 ) ) ;
#4366 = CONICAL_SURFACE ( 'NONE', #7147, 0.07086614172568425629, 0.6947382761967031417 ) ;
#4367 = EDGE_LOOP ( 'NONE', ( #2305, #8278, #5582, #11359 ) ) ;
#4368 = AXIS2_PLACEMENT_3D ( 'NONE', #9636, #8765, #666 ) ;
#4369 = DIRECTION ( 'NONE',  ( 0.000000000000000000, 0.000000000000000000, 1.000000000000000000 ) ) ;
#4370 = DIRECTION ( 'NONE',  ( -0.5599433005142223641, 0.000000000000000000, 0.8285309289394328092 ) ) ;
#4371 = DIRECTION ( 'NONE',  ( 0.000000000000000000, 0.000000000000000000, 1.000000000000000000 ) ) ;
#4372 = CARTESIAN_POINT ( 'NONE',  ( 0.1082677165354330728, 0.08464566929133858497, 0.2834645669291339098 ) ) ;
#4373 = CARTESIAN_POINT ( 'NONE',  ( 0.1082677165354330728, -0.06692913385826770867, 0.2244094488188976555 ) ) ;
#4374 = LINE ( 'NONE', #5242, #4863 ) ;
#4375 = CARTESIAN_POINT ( 'NONE',  ( -0.1082677165354330728, 0.000000000000000000, 0.2165354330708661457 ) ) ;
#4376 = CARTESIAN_POINT ( 'NONE',  ( -0.1181102362204724532, 0.02362204724409448786, 0.2362204724409449064 ) ) ;
#4377 = VECTOR ( 'NONE', #3217, 39.37007874015748143 ) ;
#4378 = VERTEX_POINT ( 'NONE', #3039 ) ;
#4379 = ORIENTED_EDGE ( 'NONE', *, *, #11385, .F. ) ;
#4380 = EDGE_CURVE ( 'NONE', #938, #10041, #10272, .T. ) ;
#4381 = ORIENTED_EDGE ( 'NONE', *, *, #7964, .T. ) ;
#4382 = CARTESIAN_POINT ( 'NONE',  ( 0.1082677165354330728, 0.0009842519685039369942, 0.3346456692913385988 ) ) ;
#4383 = AXIS2_PLACEMENT_3D ( 'NONE', #5020, #9522, #3564 ) ;
#4384 = AXIS2_PLACEMENT_3D ( 'NONE', #6926, #2493, #9315 ) ;
#4385 = CARTESIAN_POINT ( 'NONE',  ( 0.07677165354330708902, 0.01968503937007873988, 0.3838582677165355284 ) ) ;
#4386 = DIRECTION ( 'NONE',  ( 1.000000000000000000, 0.000000000000000000, 0.000000000000000000 ) ) ;
#4387 = DIRECTION ( 'NONE',  ( 0.000000000000000000, -1.000000000000000000, 0.000000000000000000 ) ) ;
#4388 = LINE ( 'NONE', #7894, #9310 ) ;
#4389 = CARTESIAN_POINT ( 'NONE',  ( -0.07283464566929134798, 0.02362204724409448786, 0.2362204724409449064 ) ) ;
#4390 = CARTESIAN_POINT ( 'NONE',  ( 0.1181102362204724532, -0.08267716535433072833, 0.1771653543307087075 ) ) ;
#4391 = VERTEX_POINT ( 'NONE', #11204 ) ;
#4392 = DIRECTION ( 'NONE',  ( -0.5807246816278148760, 0.000000000000000000, 0.8141000209730208104 ) ) ;
#4393 = VECTOR ( 'NONE', #7446, 39.37007874015748143 ) ;
#4394 = ADVANCED_FACE ( 'NONE', ( #3160 ), #5902, .T. ) ;
#4395 = EDGE_CURVE ( 'NONE', #3886, #2629, #8470, .T. ) ;
#4396 = ORIENTED_EDGE ( 'NONE', *, *, #7020, .T. ) ;
#4397 = CARTESIAN_POINT ( 'NONE',  ( -0.02559055118110236879, 0.04527559055118110520, 0.2256302287515748461 ) ) ;
#4398 = FACE_OUTER_BOUND ( 'NONE', #4578, .T. ) ;
#4399 = VERTEX_POINT ( 'NONE', #8585 ) ;
#4400 = VECTOR ( 'NONE', #8001, 39.37007874015748143 ) ;
#4401 = CARTESIAN_POINT ( 'NONE',  ( 0.1244494698206299321, -0.09842519685039370636, 0.09055118110236221041 ) ) ;
#4402 = CARTESIAN_POINT ( 'NONE',  ( 0.02548741515312992131, 0.09313850687385824556, 0.04170531167393701222 ) ) ;
#4403 = EDGE_CURVE ( 'NONE', #10554, #1824, #9396, .T. ) ;
#4404 = VERTEX_POINT ( 'NONE', #11029 ) ;
#4405 = VERTEX_POINT ( 'NONE', #1402 ) ;
#4406 = CARTESIAN_POINT ( 'NONE',  ( -0.02559055118110236532, 0.03797458536951731772, 0.3890918720508274586 ) ) ;
#4407 = ORIENTED_EDGE ( 'NONE', *, *, #6009, .F. ) ;
#4408 = CARTESIAN_POINT ( 'NONE',  ( -0.1082677165354330728, 0.000000000000000000, 0.000000000000000000 ) ) ;
#4409 = CARTESIAN_POINT ( 'NONE',  ( 0.1427909053053500188, -0.09842519685039370636, 0.08349859971618554810 ) ) ;
#4410 = CARTESIAN_POINT ( 'NONE',  ( -0.03991566127579111722, 0.09842516346510619962, 0.02952755275472821600 ) ) ;
#4411 = DIRECTION ( 'NONE',  ( 0.000000000000000000, 0.000000000000000000, -1.000000000000000000 ) ) ;
#4412 = ORIENTED_EDGE ( 'NONE', *, *, #9994, .T. ) ;
#4413 = EDGE_CURVE ( 'NONE', #10884, #4182, #4959, .T. ) ;
#4414 = ORIENTED_EDGE ( 'NONE', *, *, #1752, .T. ) ;
#4415 = VERTEX_POINT ( 'NONE', #3222 ) ;
#4416 = EDGE_LOOP ( 'NONE', ( #8577, #603, #11022, #1052, #8132, #8212, #387, #1328, #5832, #3320 ) ) ;
#4417 = CARTESIAN_POINT ( 'NONE',  ( -0.04133816631444883066, 0.08858267716535433989, 0.02952755905787016535 ) ) ;
#4418 = DIRECTION ( 'NONE',  ( 0.000000000000000000, 0.000000000000000000, -1.000000000000000000 ) ) ;
#4419 = AXIS2_PLACEMENT_3D ( 'NONE', #5011, #6886, #7936 ) ;
#4420 = CARTESIAN_POINT ( 'NONE',  ( 0.1250000000000000000, -0.01968503937007873988, 0.3188976377952755792 ) ) ;
#4421 = CARTESIAN_POINT ( 'NONE',  ( -0.1082677165354330728, -0.01968503937007873988, 0.2263779527559055260 ) ) ;
#4422 = CARTESIAN_POINT ( 'NONE',  ( 0.1313389175166390643, -0.09842519685039370636, 0.07575904091896656922 ) ) ;
#4423 = EDGE_CURVE ( 'NONE', #9229, #7570, #7649, .T. ) ;
#4424 = CARTESIAN_POINT ( 'NONE',  ( 0.1297463131434192507, -0.09842519685039370636, 0.3308290946183934933 ) ) ;
#4425 = CARTESIAN_POINT ( 'NONE',  ( -0.09923794975350394565, -0.03937007874015747977, 0.4133858267716535861 ) ) ;
#4426 = ORIENTED_EDGE ( 'NONE', *, *, #3753, .F. ) ;
#4427 = EDGE_CURVE ( 'NONE', #3336, #10660, #423, .T. ) ;
#4428 = VERTEX_POINT ( 'NONE', #8346 ) ;
#4429 = DIRECTION ( 'NONE',  ( 0.000000000000000000, -0.7318681006188876292, 0.6814463172521381118 ) ) ;
#4430 = ORIENTED_EDGE ( 'NONE', *, *, #3509, .T. ) ;
#4431 = CARTESIAN_POINT ( 'NONE',  ( -0.1082677165354330728, 0.000000000000000000, 0.08858267716535435377 ) ) ;
#4432 = VERTEX_POINT ( 'NONE', #1455 ) ;
#4433 = FACE_OUTER_BOUND ( 'NONE', #9726, .T. ) ;
#4434 = CARTESIAN_POINT ( 'NONE',  ( 0.1259842519685039353, -0.08070866141732283006, 0.05118110236220473758 ) ) ;
#4435 = CARTESIAN_POINT ( 'NONE',  ( -0.1082677165354330728, 0.0009842519685039369942, 0.3562992125984252301 ) ) ;
#4436 = LINE ( 'NONE', #5419, #6048 ) ;
#4437 = DIRECTION ( 'NONE',  ( 1.000000000000000000, 0.000000000000000000, 0.000000000000000000 ) ) ;
#4438 = EDGE_CURVE ( 'NONE', #1185, #3795, #10628, .T. ) ;
#4439 = PLANE ( 'NONE',  #6632 ) ;
#4440 = CARTESIAN_POINT ( 'NONE',  ( -0.1059055118110236310, 0.09842519685039370636, 0.1574803149606299191 ) ) ;
#4441 = ORIENTED_EDGE ( 'NONE', *, *, #6495, .T. ) ;
#4442 = EDGE_CURVE ( 'NONE', #11468, #2431, #8752, .T. ) ;
#4443 = ORIENTED_EDGE ( 'NONE', *, *, #4042, .F. ) ;
#4444 = ORIENTED_EDGE ( 'NONE', *, *, #8728, .T. ) ;
#4445 = VECTOR ( 'NONE', #6556, 39.37007874015748143 ) ;
#4446 = FACE_OUTER_BOUND ( 'NONE', #4740, .T. ) ;
#4447 = CARTESIAN_POINT ( 'NONE',  ( -0.1181102362204736050, -0.09657924753602133150, 0.1763779527559055371 ) ) ;
#4448 = ORIENTED_EDGE ( 'NONE', *, *, #1022, .T. ) ;
#4449 = EDGE_CURVE ( 'NONE', #692, #5030, #1629, .T. ) ;
#4450 = EDGE_CURVE ( 'NONE', #3348, #6229, #762, .T. ) ;
#4451 = DIRECTION ( 'NONE',  ( 0.000000000000000000, 0.000000000000000000, 1.000000000000000000 ) ) ;
#4452 = CARTESIAN_POINT ( 'NONE',  ( -0.1082677165354330728, 0.08070866141732283006, 0.1118110236220472564 ) ) ;
#4453 = ORIENTED_EDGE ( 'NONE', *, *, #10116, .T. ) ;
#4454 = ORIENTED_EDGE ( 'NONE', *, *, #7085, .T. ) ;
#4455 = LINE ( 'NONE', #8018, #6531 ) ;
#4456 = DIRECTION ( 'NONE',  ( 1.000000000000000000, 0.000000000000000000, 0.000000000000000000 ) ) ;
#4457 = VECTOR ( 'NONE', #3463, 39.37007874015748143 ) ;
#4458 = ORIENTED_EDGE ( 'NONE', *, *, #9930, .T. ) ;
#4459 = LINE ( 'NONE', #11410, #6807 ) ;
#4460 = EDGE_CURVE ( 'NONE', #629, #6370, #3331, .T. ) ;
#4461 = ADVANCED_FACE ( 'NONE', ( #11317 ), #5485, .F. ) ;
#4462 = CARTESIAN_POINT ( 'NONE',  ( 0.1335360781196062996, -0.08778038348578741379, 0.2164654288130708759 ) ) ;
#4463 = LINE ( 'NONE', #10710, #6197 ) ;
#4464 = LINE ( 'NONE', #6228, #6168 ) ;
#4465 = AXIS2_PLACEMENT_3D ( 'NONE', #5926, #8552, #11292 ) ;
#4466 = AXIS2_PLACEMENT_3D ( 'NONE', #660, #4215, #9402 ) ;
#4467 = FACE_OUTER_BOUND ( 'NONE', #10615, .T. ) ;
#4468 = VERTEX_POINT ( 'NONE', #7818 ) ;
#4469 = ORIENTED_EDGE ( 'NONE', *, *, #9556, .T. ) ;
#4470 = DIRECTION ( 'NONE',  ( 0.000000000000000000, 0.000000000000000000, 1.000000000000000000 ) ) ;
#4471 = CIRCLE ( 'NONE', #4647, 0.04578276980082676695 ) ;
#4472 = CARTESIAN_POINT ( 'NONE',  ( 0.02559055118110236532, 0.09297159732149530564, 0.3519573131200739446 ) ) ;
#4473 = AXIS2_PLACEMENT_3D ( 'NONE', #10475, #513, #5160 ) ;
#4474 = EDGE_CURVE ( 'NONE', #9173, #4914, #2569, .T. ) ;
#4475 = DIRECTION ( 'NONE',  ( 0.000000000000000000, -1.000000000000000000, 0.000000000000000000 ) ) ;
#4476 = DIRECTION ( 'NONE',  ( -1.000000000000000000, 0.000000000000000000, 0.000000000000000000 ) ) ;
#4477 = DIRECTION ( 'NONE',  ( 0.000000000000000000, 0.000000000000000000, 1.000000000000000000 ) ) ;
#4478 = DIRECTION ( 'NONE',  ( 0.000000000000000000, 0.000000000000000000, -1.000000000000000000 ) ) ;
#4479 = LINE ( 'NONE', #2842, #1635 ) ;
#4480 = CARTESIAN_POINT ( 'NONE',  ( -0.03149606299212598381, 0.08464566929133858497, 0.1574803149606299191 ) ) ;
#4481 = ORIENTED_EDGE ( 'NONE', *, *, #10644, .T. ) ;
#4482 = ORIENTED_EDGE ( 'NONE', *, *, #11122, .T. ) ;
#4483 = AXIS2_PLACEMENT_3D ( 'NONE', #4583, #5520, #2781 ) ;
#4484 = CARTESIAN_POINT ( 'NONE',  ( -0.1259842519685039353, -0.08070866141732283006, 0.05118110236220473758 ) ) ;
#4485 = ORIENTED_EDGE ( 'NONE', *, *, #1433, .F. ) ;
#4486 = EDGE_CURVE ( 'NONE', #9427, #1387, #4374, .T. ) ;
#4487 = DIRECTION ( 'NONE',  ( 1.000000000000000000, 0.000000000000000000, 0.000000000000000000 ) ) ;
#4488 = DIRECTION ( 'NONE',  ( -1.000000000000000000, 0.000000000000000000, 0.000000000000000000 ) ) ;
#4489 = ADVANCED_FACE ( 'NONE', ( #7050 ), #710, .F. ) ;
#4490 = CARTESIAN_POINT ( 'NONE',  ( 3.547529407936716345E-16, -0.1220472440944882220, 0.3346456692913385988 ) ) ;
#4491 = DIRECTION ( 'NONE',  ( -1.000000000000000000, 1.224646799147352714E-16, 0.000000000000000000 ) ) ;
#4492 = CARTESIAN_POINT ( 'NONE',  ( -0.02559055118110236532, 0.05096997683926445671, 0.3786914005413590800 ) ) ;
#4493 = CARTESIAN_POINT ( 'NONE',  ( 0.02559055118110236879, 0.04035433070866141503, 0.2342519685039370358 ) ) ;
#4494 = FACE_OUTER_BOUND ( 'NONE', #6176, .T. ) ;
#4495 = DIRECTION ( 'NONE',  ( -1.000000000000000000, 0.000000000000000000, 0.000000000000000000 ) ) ;
#4496 = ORIENTED_EDGE ( 'NONE', *, *, #1053, .F. ) ;
#4497 = EDGE_LOOP ( 'NONE', ( #2274, #1090, #447, #10000 ) ) ;
#4498 = AXIS2_PLACEMENT_3D ( 'NONE', #9014, #9888, #3651 ) ;
#4499 = EDGE_CURVE ( 'NONE', #10140, #1550, #3390, .T. ) ;
#4500 = PLANE ( 'NONE',  #3773 ) ;
#4501 = CARTESIAN_POINT ( 'NONE',  ( 0.1259842519684645779, -0.09842519685039369248, 0.3121259842519685801 ) ) ;
#4502 = ADVANCED_FACE ( 'NONE', ( #8867 ), #10503, .T. ) ;
#4503 = VERTEX_POINT ( 'NONE', #5956 ) ;
#4504 = APPROVAL_PERSON_ORGANIZATION ( #8624, #3071, #8565 ) ;
#4505 = DIRECTION ( 'NONE',  ( -0.000000000000000000, -1.000000000000000000, -0.000000000000000000 ) ) ;
#4506 = LINE ( 'NONE', #4452, #3221 ) ;
#4507 = VECTOR ( 'NONE', #8456, 39.37007874015748143 ) ;
#4508 = ORIENTED_EDGE ( 'NONE', *, *, #4305, .T. ) ;
#4509 = ORIENTED_EDGE ( 'NONE', *, *, #263, .F. ) ;
#4510 = ADVANCED_FACE ( 'NONE', ( #9512 ), #973, .T. ) ;
#4511 = LINE ( 'NONE', #1943, #6564 ) ;
#4512 = AXIS2_PLACEMENT_3D ( 'NONE', #6209, #8889, #887 ) ;
#4513 = ORIENTED_EDGE ( 'NONE', *, *, #4297, .T. ) ;
#4514 = DIRECTION ( 'NONE',  ( 1.000000000000000000, 0.000000000000000000, 0.000000000000000000 ) ) ;
#4515 = CARTESIAN_POINT ( 'NONE',  ( 0.09055118110232288076, -1.280553747030123384E-17, -0.09055118110236216877 ) ) ;
#4516 = CARTESIAN_POINT ( 'NONE',  ( 0.1181102362204724532, -0.06692913385827334305, 0.2165354330708661457 ) ) ;
#4517 = CARTESIAN_POINT ( 'NONE',  ( 0.1181102362204724532, -0.08070866141732283006, 0.05118110236220473758 ) ) ;
#4518 = VECTOR ( 'NONE', #9747, 39.37007874015748143 ) ;
#4519 = ORIENTED_EDGE ( 'NONE', *, *, #7427, .T. ) ;
#4520 = DIRECTION ( 'NONE',  ( -0.000000000000000000, -0.000000000000000000, -1.000000000000000000 ) ) ;
#4521 = DIRECTION ( 'NONE',  ( 1.000000000000000000, 0.000000000000000000, 0.000000000000000000 ) ) ;
#4522 = EDGE_CURVE ( 'NONE', #9781, #2705, #3940, .T. ) ;
#4523 = EDGE_CURVE ( 'NONE', #10368, #3167, #6348, .T. ) ;
#4524 = ORIENTED_EDGE ( 'NONE', *, *, #6818, .F. ) ;
#4525 = ORIENTED_EDGE ( 'NONE', *, *, #342, .T. ) ;
#4526 = LINE ( 'NONE', #2729, #10527 ) ;
#4527 = LINE ( 'NONE', #8096, #5496 ) ;
#4528 = DIRECTION ( 'NONE',  ( -1.000000000000000000, 0.000000000000000000, 0.000000000000000000 ) ) ;
#4529 = CARTESIAN_POINT ( 'NONE',  ( 0.1082677165354330728, 0.05905511811023622659, 0.05314960629921260116 ) ) ;
#4530 = FACE_OUTER_BOUND ( 'NONE', #616, .T. ) ;
#4531 = CARTESIAN_POINT ( 'NONE',  ( 2.651794250122221954E-18, -0.09842519685039370636, 0.3562992125984252301 ) ) ;
#4532 = B_SPLINE_CURVE_WITH_KNOTS ( 'NONE', 3,
 ( #189, #4600, #4655, #9978, #2859, #9920 ),
 .UNSPECIFIED., .F., .F.,
 ( 4, 2, 4 ),
 ( 0.000000000000000000, 0.5000000000000000000, 1.000000000000000000 ),
 .UNSPECIFIED. ) ;
#4533 = FACE_OUTER_BOUND ( 'NONE', #316, .T. ) ;
#4534 = EDGE_LOOP ( 'NONE', ( #5797, #7490, #9617, #3782, #8746, #10260, #6922, #6286 ) ) ;
#4535 = AXIS2_PLACEMENT_3D ( 'NONE', #6090, #4335, #2531 ) ;
#4536 = AXIS2_PLACEMENT_3D ( 'NONE', #6434, #7301, #10862 ) ;
#4537 = ORIENTED_EDGE ( 'NONE', *, *, #2515, .T. ) ;
#4538 = EDGE_CURVE ( 'NONE', #2505, #443, #6188, .T. ) ;
#4539 = CARTESIAN_POINT ( 'NONE',  ( 0.1082677165354330728, 0.000000000000000000, 0.05314960629921260116 ) ) ;
#4540 = ORIENTED_EDGE ( 'NONE', *, *, #10310, .F. ) ;
#4541 = CARTESIAN_POINT ( 'NONE',  ( -0.1406312231058267637, -0.09842519685039370636, 0.08669421523181103373 ) ) ;
#4542 = DIRECTION ( 'NONE',  ( 0.000000000000000000, 0.000000000000000000, -1.000000000000000000 ) ) ;
#4543 = VECTOR ( 'NONE', #9792, 39.37007874015748143 ) ;
#4544 = CARTESIAN_POINT ( 'NONE',  ( -0.04148596327578740056, 0.09842517181163386308, 0.02952755905511811330 ) ) ;
#4545 = DIRECTION ( 'NONE',  ( 0.000000000000000000, -1.000000000000000000, 0.000000000000000000 ) ) ;
#4546 = AXIS2_PLACEMENT_3D ( 'NONE', #6708, #5836, #8749 ) ;
#4547 = DIRECTION ( 'NONE',  ( 0.000000000000000000, 0.000000000000000000, 1.000000000000000000 ) ) ;
#4548 = LINE ( 'NONE', #6201, #7829 ) ;
#4549 = LINE ( 'NONE', #8882, #855 ) ;
#4550 = CARTESIAN_POINT ( 'NONE',  ( -0.07283464566928682382, 0.09842519685039370636, 0.1259842519685055728 ) ) ;
#4551 = EDGE_LOOP ( 'NONE', ( #8741, #10079, #4441, #8350, #3153, #219 ) ) ;
#4552 = EDGE_CURVE ( 'NONE', #2807, #767, #5521, .T. ) ;
#4553 = ORIENTED_EDGE ( 'NONE', *, *, #10878, .F. ) ;
#4554 = AXIS2_PLACEMENT_3D ( 'NONE', #10070, #2954, #7445 ) ;
#4555 = VERTEX_POINT ( 'NONE', #9847 ) ;
#4556 = CARTESIAN_POINT ( 'NONE',  ( 0.1436235256777787794, -0.09842519685039370636, 0.3145413734480868029 ) ) ;
#4557 = DIRECTION ( 'NONE',  ( -0.8285309289408815392, 0.000000000000000000, -0.5599433005120783013 ) ) ;
#4558 = ORIENTED_EDGE ( 'NONE', *, *, #3873, .T. ) ;
#4559 = DIRECTION ( 'NONE',  ( 0.000000000000000000, 1.000000000000000000, 0.000000000000000000 ) ) ;
#4560 = AXIS2_PLACEMENT_3D ( 'NONE', #8384, #5755, #11071 ) ;
#4561 = CARTESIAN_POINT ( 'NONE',  ( -0.1082677165354330728, 0.03937007874015484299, 0.1811023622047244208 ) ) ;
#4562 = VECTOR ( 'NONE', #9336, 39.37007874015748143 ) ;
#4563 = LINE ( 'NONE', #1936, #4870 ) ;
#4564 = EDGE_CURVE ( 'NONE', #9815, #7957, #1840, .T. ) ;
#4565 = EDGE_CURVE ( 'NONE', #9629, #4039, #7290, .T. ) ;
#4566 = ORIENTED_EDGE ( 'NONE', *, *, #5057, .F. ) ;
#4567 = EDGE_LOOP ( 'NONE', ( #9022, #2403, #6022, #7030 ) ) ;
#4568 = LINE ( 'NONE', #8134, #1347 ) ;
#4569 = VECTOR ( 'NONE', #4969, 39.37007874015748143 ) ;
#4570 = ORIENTED_EDGE ( 'NONE', *, *, #6378, .F. ) ;
#4571 = DIRECTION ( 'NONE',  ( -0.4493189986157146154, 0.000000000000000000, -0.8933713883279289503 ) ) ;
#4572 = CARTESIAN_POINT ( 'NONE',  ( -0.1181102362204724532, -0.05118110236220473758, 0.1574803149606299191 ) ) ;
#4573 = CARTESIAN_POINT ( 'NONE',  ( -0.1131889763779527630, 0.05905511811023622659, 0.2145669291338582751 ) ) ;
#4574 = ADVANCED_FACE ( 'NONE', ( #1033 ), #9080, .T. ) ;
#4575 = LINE ( 'NONE', #10817, #10069 ) ;
#4576 = ORIENTED_EDGE ( 'NONE', *, *, #8958, .T. ) ;
#4577 = CARTESIAN_POINT ( 'NONE',  ( -0.1259842519685039353, -0.08070866141732283006, 0.2165354330708661457 ) ) ;
#4578 = EDGE_LOOP ( 'NONE', ( #4075, #10790, #1318, #5907, #10842, #3946, #5396, #9614, #9311, #2137, #8143, #9762, #9786, #4363, #9893, #9824 ) ) ;
#4579 = VERTEX_POINT ( 'NONE', #2678 ) ;
#4580 = CARTESIAN_POINT ( 'NONE',  ( 0.04148596327578740056, 0.09842519685039370636, 0.1712598425196850405 ) ) ;
#4581 = CARTESIAN_POINT ( 'NONE',  ( -0.1082677165354330728, -0.05905511811023622659, 0.1023622047244094752 ) ) ;
#4582 = LINE ( 'NONE', #8149, #3811 ) ;
#4583 = CARTESIAN_POINT ( 'NONE',  ( -0.1417322834645669549, -0.01220472440944881873, 0.1968503937007874127 ) ) ;
#4584 = DIRECTION ( 'NONE',  ( 0.000000000000000000, 0.000000000000000000, 1.000000000000000000 ) ) ;
#4585 = ADVANCED_FACE ( 'NONE', ( #229, #4530 ), #8099, .T. ) ;
#4586 = DIRECTION ( 'NONE',  ( 0.000000000000000000, 1.000000000000000000, 0.000000000000000000 ) ) ;
#4587 = EDGE_CURVE ( 'NONE', #7459, #1505, #10724, .T. ) ;
#4588 = PLANE ( 'NONE',  #2658 ) ;
#4589 = ORIENTED_EDGE ( 'NONE', *, *, #3583, .F. ) ;
#4590 = CARTESIAN_POINT ( 'NONE',  ( 0.1131889763779527630, 0.01771653543307086937, 0.08858267716535435377 ) ) ;
#4591 = ORIENTED_EDGE ( 'NONE', *, *, #7785, .T. ) ;
#4592 = CARTESIAN_POINT ( 'NONE',  ( -0.1082677165354330728, -0.06692913385826770867, 0.09842519685039370636 ) ) ;
#4593 = ORIENTED_EDGE ( 'NONE', *, *, #6255, .T. ) ;
#4594 = DIRECTION ( 'NONE',  ( 1.000000000000000000, 0.000000000000000000, 0.000000000000000000 ) ) ;
#4595 = PLANE ( 'NONE',  #3784 ) ;
#4596 = DIRECTION ( 'NONE',  ( 0.000000000000000000, 1.000000000000000000, 0.000000000000000000 ) ) ;
#4597 = DIRECTION ( 'NONE',  ( 0.000000000000000000, 0.000000000000000000, -1.000000000000000000 ) ) ;
#4598 = DIRECTION ( 'NONE',  ( -1.000000000000000000, 0.000000000000000000, 0.000000000000000000 ) ) ;
#4599 = CARTESIAN_POINT ( 'NONE',  ( -0.02559055118110236532, 0.04802532712681062410, 0.3882369831963338180 ) ) ;
#4600 = CARTESIAN_POINT ( 'NONE',  ( 0.02559055118110236532, 0.05326253686859009490, 0.3763599026476938669 ) ) ;
#4601 = DIRECTION ( 'NONE',  ( 1.000000000000000000, 0.000000000000000000, 0.000000000000000000 ) ) ;
#4602 = CARTESIAN_POINT ( 'NONE',  ( -0.1352403336801180911, -0.09842519685039370636, 0.3346456692913385988 ) ) ;
#4603 = VERTEX_POINT ( 'NONE', #6405 ) ;
#4604 = TOROIDAL_SURFACE ( 'NONE', #2565, 0.09055118110232289463, 0.007874015748031480341 ) ;
#4605 = ORIENTED_EDGE ( 'NONE', *, *, #8062, .F. ) ;
#4606 = CARTESIAN_POINT ( 'NONE',  ( 0.1422251440816546253, -0.09842519685039370636, 0.3223955678325016172 ) ) ;
#4607 = DIRECTION ( 'NONE',  ( 0.000000000000000000, -1.000000000000000000, 0.000000000000000000 ) ) ;
#4608 = ORIENTED_EDGE ( 'NONE', *, *, #8640, .T. ) ;
#4609 = DIRECTION ( 'NONE',  ( 0.000000000000000000, -1.000000000000000000, 0.000000000000000000 ) ) ;
#4610 = CARTESIAN_POINT ( 'NONE',  ( -0.1082677165354330728, 0.000000000000000000, 0.2381889763779527491 ) ) ;
#4611 = EDGE_CURVE ( 'NONE', #5841, #9574, #5351, .T. ) ;
#4612 = DIRECTION ( 'NONE',  ( 1.000000000000000000, 0.000000000000000000, 0.000000000000000000 ) ) ;
#4613 = CARTESIAN_POINT ( 'NONE',  ( 0.04074476000681102189, 0.09896786875940946637, 0.02955248179322441174 ) ) ;
#4614 = ORIENTED_EDGE ( 'NONE', *, *, #10299, .T. ) ;
#4615 = EDGE_LOOP ( 'NONE', ( #1301, #6356, #9075, #643 ) ) ;
#4616 = CC_DESIGN_PERSON_AND_ORGANIZATION_ASSIGNMENT ( #11414, #4132, ( #1718 ) ) ;
#4617 = CARTESIAN_POINT ( 'NONE',  ( -0.1082677165354330728, -0.05118110236220473758, 0.1102362204724409572 ) ) ;
#4618 = EDGE_CURVE ( 'NONE', #8555, #3146, #1085, .T. ) ;
#4619 = EDGE_LOOP ( 'NONE', ( #5829, #9486, #3272, #9205, #9207, #10935 ) ) ;
#4620 = FACE_OUTER_BOUND ( 'NONE', #7700, .T. ) ;
#4621 = CIRCLE ( 'NONE', #11162, 0.007874015748031499423 ) ;
#4622 = EDGE_CURVE ( 'NONE', #4850, #3435, #3774, .T. ) ;
#4623 = CARTESIAN_POINT ( 'NONE',  ( -0.1003937007874015630, 0.09842519685039370636, 0.2362204724409449064 ) ) ;
#4624 = CARTESIAN_POINT ( 'NONE',  ( -0.04039480506800178367, 0.09780688710330223690, 0.02952869438997114682 ) ) ;
#4625 = CARTESIAN_POINT ( 'NONE',  ( -0.1181102362204724532, 0.05905511811023622659, 0.3169291338582677642 ) ) ;
#4626 = ORIENTED_EDGE ( 'NONE', *, *, #6741, .F. ) ;
#4627 = LINE ( 'NONE', #7263, #1 ) ;
#4628 = VECTOR ( 'NONE', #1021, 39.37007874015748143 ) ;
#4629 = VERTEX_POINT ( 'NONE', #8916 ) ;
#4630 = ORIENTED_EDGE ( 'NONE', *, *, #8289, .F. ) ;
#4631 = EDGE_CURVE ( 'NONE', #4026, #62, #3607, .T. ) ;
#4632 = CARTESIAN_POINT ( 'NONE',  ( 0.09594951366374016022, -0.004724409448818898440, 0.05432866131531496889 ) ) ;
#4633 = DIRECTION ( 'NONE',  ( 0.000000000000000000, 0.000000000000000000, 1.000000000000000000 ) ) ;
#4634 = CARTESIAN_POINT ( 'NONE',  ( -0.03927625093050145233, 0.08858267716535431213, 0.02952761357567008915 ) ) ;
#4635 = EDGE_CURVE ( 'NONE', #6544, #5930, #7345, .T. ) ;
#4636 = CARTESIAN_POINT ( 'NONE',  ( -0.02559055118110236879, 0.06664858698625986122, 0.3714566929133858442 ) ) ;
#4637 = CARTESIAN_POINT ( 'NONE',  ( 0.03149606299212598381, 0.08095377066255905751, 0.08464566929133858497 ) ) ;
#4638 = AXIS2_PLACEMENT_3D ( 'NONE', #1062, #9876, #4612 ) ;
#4639 = VECTOR ( 'NONE', #3073, 39.37007874015748143 ) ;
#4640 = DIRECTION ( 'NONE',  ( 1.000000000000000000, 0.000000000000000000, 0.000000000000000000 ) ) ;
#4641 = CARTESIAN_POINT ( 'NONE',  ( 0.02559055118110236879, 0.04886347282282663129, 0.06908076273878797913 ) ) ;
#4642 = ORIENTED_EDGE ( 'NONE', *, *, #8352, .T. ) ;
#4643 = DIRECTION ( 'NONE',  ( 0.000000000000000000, 0.000000000000000000, -1.000000000000000000 ) ) ;
#4644 = ORIENTED_EDGE ( 'NONE', *, *, #10049, .F. ) ;
#4645 = EDGE_LOOP ( 'NONE', ( #5306, #3667, #6838, #6276 ) ) ;
#4646 = VERTEX_POINT ( 'NONE', #4422 ) ;
#4647 = AXIS2_PLACEMENT_3D ( 'NONE', #436, #5734, #1294 ) ;
#4648 = CARTESIAN_POINT ( 'NONE',  ( 0.04133858267716536417, 0.09887649084480314154, 0.3326771653543307283 ) ) ;
#4649 = EDGE_CURVE ( 'NONE', #661, #10200, #949, .T. ) ;
#4650 = AXIS2_PLACEMENT_3D ( 'NONE', #8707, #1524, #6023 ) ;
#4651 = DIRECTION ( 'NONE',  ( 1.000000000000000000, 0.000000000000000000, 0.000000000000000000 ) ) ;
#4652 = CARTESIAN_POINT ( 'NONE',  ( -0.1313389175165811384, -0.08813603796283467351, 0.1919037375080408503 ) ) ;
#4653 = CARTESIAN_POINT ( 'NONE',  ( -0.07873982347637066559, 0.000000000000000000, -0.09842519685030418075 ) ) ;
#4654 = CARTESIAN_POINT ( 'NONE',  ( 0.1027559055118110187, -0.05118110236220473758, 0.1574803149606299191 ) ) ;
#4655 = CARTESIAN_POINT ( 'NONE',  ( 0.02559055118110237573, 0.05098227995649758787, 0.3787315541120401252 ) ) ;
#4656 = DIRECTION ( 'NONE',  ( -1.000000000000000000, 0.000000000000000000, 0.000000000000000000 ) ) ;
#4657 = DIRECTION ( 'NONE',  ( -1.000000000000000000, 0.000000000000000000, 0.000000000000000000 ) ) ;
#4658 = VECTOR ( 'NONE', #832, 39.37007874015748143 ) ;
#4659 = ORIENTED_EDGE ( 'NONE', *, *, #8576, .T. ) ;
#4660 = AXIS2_PLACEMENT_3D ( 'NONE', #9656, #5383, #1009 ) ;
#4661 = CARTESIAN_POINT ( 'NONE',  ( -0.1406663324992913355, -0.09842519685039370636, 0.2164279190586220203 ) ) ;
#4662 = ORIENTED_EDGE ( 'NONE', *, *, #4317, .F. ) ;
#4663 = VERTEX_POINT ( 'NONE', #7108 ) ;
#4664 = EDGE_CURVE ( 'NONE', #9387, #3015, #3662, .T. ) ;
#4665 = DIRECTION ( 'NONE',  ( 1.000000000000000000, -8.857233590795465548E-16, 0.000000000000000000 ) ) ;
#4666 = EDGE_CURVE ( 'NONE', #8532, #6051, #6794, .T. ) ;
#4667 = CARTESIAN_POINT ( 'NONE',  ( 0.000000000000000000, 0.000000000000000000, 0.000000000000000000 ) ) ;
#4668 = ORIENTED_EDGE ( 'NONE', *, *, #3873, .F. ) ;
#4669 = CARTESIAN_POINT ( 'NONE',  ( -0.1440436173813820497, -0.08858267716535433989, 0.3481247435088085651 ) ) ;
#4670 = DIRECTION ( 'NONE',  ( 0.8285309289396808330, 0.000000000000000000, 0.5599433005138551023 ) ) ;
#4671 = CARTESIAN_POINT ( 'NONE',  ( 0.000000000000000000, 0.09842519685039370636, 0.3838582677165355284 ) ) ;
#4672 = CARTESIAN_POINT ( 'NONE',  ( 0.04068762189015748265, 0.09770371486090553836, 0.02953436739018109464 ) ) ;
#4673 = PLANE ( 'NONE',  #10276 ) ;
#4674 = DIRECTION ( 'NONE',  ( 0.000000000000000000, 1.000000000000000000, 0.000000000000000000 ) ) ;
#4675 = ORIENTED_EDGE ( 'NONE', *, *, #10733, .F. ) ;
#4676 = ORIENTED_EDGE ( 'NONE', *, *, #3165, .F. ) ;
#4677 = DIRECTION ( 'NONE',  ( 0.4493189986160472382, 0.000000000000000000, -0.8933713883277618617 ) ) ;
#4678 = EDGE_CURVE ( 'NONE', #840, #5873, #11074, .T. ) ;
#4679 = DIRECTION ( 'NONE',  ( 0.000000000000000000, 0.000000000000000000, 1.000000000000000000 ) ) ;
#4680 = VERTEX_POINT ( 'NONE', #1382 ) ;
#4681 = AXIS2_PLACEMENT_3D ( 'NONE', #5959, #3751, #7373 ) ;
#4682 = DIRECTION ( 'NONE',  ( 0.000000000000000000, -1.000000000000000000, 0.000000000000000000 ) ) ;
#4683 = DIRECTION ( 'NONE',  ( -1.000000000000000000, 0.000000000000000000, 0.000000000000000000 ) ) ;
#4684 = CARTESIAN_POINT ( 'NONE',  ( -0.02556673412570109952, 0.09616916702173965159, 0.03766433992225510369 ) ) ;
#4685 = CARTESIAN_POINT ( 'NONE',  ( -0.1131889763779527630, -0.05905511811023622659, 0.3700787401574803237 ) ) ;
#4686 = ORIENTED_EDGE ( 'NONE', *, *, #1368, .F. ) ;
#4687 = FACE_OUTER_BOUND ( 'NONE', #978, .T. ) ;
#4688 = LOCAL_TIME ( 21, 5, 28.00000000000000000, #10375 ) ;
#4689 = VECTOR ( 'NONE', #10017, 39.37007874015748143 ) ;
#4690 = ORIENTED_EDGE ( 'NONE', *, *, #6002, .F. ) ;
#4691 = ADVANCED_FACE ( 'NONE', ( #2197 ), #9318, .F. ) ;
#4692 = ORIENTED_EDGE ( 'NONE', *, *, #10144, .T. ) ;
#4693 = DIRECTION ( 'NONE',  ( 0.000000000000000000, -1.000000000000000000, 0.000000000000000000 ) ) ;
#4694 = CARTESIAN_POINT ( 'NONE',  ( 0.1268054996472047224, -0.09913870505334645977, 0.2165395292156693241 ) ) ;
#4695 = DIRECTION ( 'NONE',  ( 0.000000000000000000, -0.8354329035167082917, 0.5495924523878056300 ) ) ;
#4696 = CARTESIAN_POINT ( 'NONE',  ( 0.000000000000000000, 0.09842519685039370636, 0.05708661417322834220 ) ) ;
#4697 = AXIS2_PLACEMENT_3D ( 'NONE', #7788, #11337, #1540 ) ;
#4698 = CYLINDRICAL_SURFACE ( 'NONE', #3948, 0.02553849270362204202 ) ;
#4699 = LINE ( 'NONE', #2905, #9461 ) ;
#4700 = PLANE ( 'NONE',  #8243 ) ;
#4701 = EDGE_CURVE ( 'NONE', #4405, #2657, #5757, .T. ) ;
#4702 = ORIENTED_EDGE ( 'NONE', *, *, #1345, .T. ) ;
#4703 = CARTESIAN_POINT ( 'NONE',  ( -0.1406663324992913355, -0.08858267716535435377, 0.1809872108077953123 ) ) ;
#4704 = ORIENTED_EDGE ( 'NONE', *, *, #2716, .F. ) ;
#4705 = EDGE_LOOP ( 'NONE', ( #10773, #8233, #11065, #3379 ) ) ;
#4706 = ORIENTED_EDGE ( 'NONE', *, *, #3080, .F. ) ;
#4707 = AXIS2_PLACEMENT_3D ( 'NONE', #10455, #3291, #6723 ) ;
#4708 = CARTESIAN_POINT ( 'NONE',  ( 0.1142655685826851342, 0.09299376166542307198, 0.3838582677165355284 ) ) ;
#4709 = FACE_BOUND ( 'NONE', #9825, .T. ) ;
#4710 = DIRECTION ( 'NONE',  ( 0.8285309289399143129, 0.000000000000000000, -0.5599433005135096009 ) ) ;
#4711 = PLANE ( 'NONE',  #10359 ) ;
#4712 = DIRECTION ( 'NONE',  ( -1.000000000000000000, 0.000000000000000000, 0.000000000000000000 ) ) ;
#4713 = DIRECTION ( 'NONE',  ( 0.8141000209729398751, 0.000000000000000000, 0.5807246816279285628 ) ) ;
#4714 = CARTESIAN_POINT ( 'NONE',  ( -0.1417322834645669549, -0.01968503937007873988, 0.1811023622047244208 ) ) ;
#4715 = VECTOR ( 'NONE', #4976, 39.37007874015748143 ) ;
#4716 = EDGE_CURVE ( 'NONE', #4028, #3420, #1324, .T. ) ;
#4717 = ORIENTED_EDGE ( 'NONE', *, *, #1261, .T. ) ;
#4718 = EDGE_LOOP ( 'NONE', ( #6263, #10591, #9820, #1042 ) ) ;
#4719 = FACE_OUTER_BOUND ( 'NONE', #5600, .T. ) ;
#4720 = EDGE_LOOP ( 'NONE', ( #3646, #3642, #4838, #8671 ) ) ;
#4721 = CARTESIAN_POINT ( 'NONE',  ( 0.02559055118110236879, 0.06509274518409448318, 0.07649364125444883811 ) ) ;
#4722 = AXIS2_PLACEMENT_3D ( 'NONE', #11497, #10622, #3511 ) ;
#4723 = VECTOR ( 'NONE', #9819, 39.37007874015748143 ) ;
#4724 = PLANE ( 'NONE',  #7730 ) ;
#4725 = ORIENTED_EDGE ( 'NONE', *, *, #1373, .F. ) ;
#4726 = DIRECTION ( 'NONE',  ( -1.000000000000000000, 0.000000000000000000, 0.000000000000000000 ) ) ;
#4727 = DIRECTION ( 'NONE',  ( 0.000000000000000000, 1.000000000000000000, 0.000000000000000000 ) ) ;
#4728 = CYLINDRICAL_SURFACE ( 'NONE', #6072, 0.09842519685039370636 ) ;
#4729 = LINE ( 'NONE', #6612, #5226 ) ;
#4730 = CARTESIAN_POINT ( 'NONE',  ( 0.03307515922120078666, 0.1123546268187007729, 0.03005209240413779515 ) ) ;
#4731 = EDGE_CURVE ( 'NONE', #10448, #2805, #2143, .T. ) ;
#4732 = VERTEX_POINT ( 'NONE', #3953 ) ;
#4733 = EDGE_CURVE ( 'NONE', #505, #9907, #4018, .T. ) ;
#4734 = DIRECTION ( 'NONE',  ( -0.5812381937190961301, 0.000000000000000000, 0.8137334712067350040 ) ) ;
#4735 = VECTOR ( 'NONE', #2342, 39.37007874015748143 ) ;
#4736 = EDGE_LOOP ( 'NONE', ( #6824, #7225, #11346, #7585 ) ) ;
#4737 = ORIENTED_EDGE ( 'NONE', *, *, #309, .F. ) ;
#4738 = CARTESIAN_POINT ( 'NONE',  ( -0.1313389175166417289, -0.09350393700787401619, 0.07575904091895450942 ) ) ;
#4739 = CARTESIAN_POINT ( 'NONE',  ( 0.1370649114109842581, -0.09350393700787401619, 0.06210346314700787573 ) ) ;
#4740 = EDGE_LOOP ( 'NONE', ( #4570, #7697, #2611, #4997 ) ) ;
#4741 = VECTOR ( 'NONE', #1490, 39.37007874015748143 ) ;
#4742 = PLANE ( 'NONE',  #2147 ) ;
#4743 = LINE ( 'NONE', #333, #10616 ) ;
#4744 = CARTESIAN_POINT ( 'NONE',  ( -0.02648747109903178479, 0.09966565124157848732, 0.03112081672951249114 ) ) ;
#4745 = EDGE_CURVE ( 'NONE', #1458, #5305, #10643, .T. ) ;
#4746 = DIRECTION ( 'NONE',  ( -1.000000000000000000, 0.000000000000000000, 0.000000000000000000 ) ) ;
#4747 = ORIENTED_EDGE ( 'NONE', *, *, #2303, .T. ) ;
#4748 = CARTESIAN_POINT ( 'NONE',  ( -0.1428063554291834902, -0.08813603796283467351, 0.1841537371050151473 ) ) ;
#4749 = AXIS2_PLACEMENT_3D ( 'NONE', #518, #6689, #11354 ) ;
#4750 = ORIENTED_EDGE ( 'NONE', *, *, #1425, .T. ) ;
#4751 = ORIENTED_EDGE ( 'NONE', *, *, #9904, .T. ) ;
#4752 = LINE ( 'NONE', #400, #8680 ) ;
#4753 = CIRCLE ( 'NONE', #682, 0.07086614173228347746 ) ;
#4754 = CARTESIAN_POINT ( 'NONE',  ( 0.09923794975350394565, -0.03937007874015747977, 0.2214566929133858220 ) ) ;
#4755 = CARTESIAN_POINT ( 'NONE',  ( -0.03050125951131462884, 0.08670145462893764920, 0.03384961476790554480 ) ) ;
#4756 = LINE ( 'NONE', #8330, #5210 ) ;
#4757 = CARTESIAN_POINT ( 'NONE',  ( 0.09389763779527558751, 0.08464566929133858497, 0.1555118110236220763 ) ) ;
#4758 = DIRECTION ( 'NONE',  ( 0.000000000000000000, 0.000000000000000000, 1.000000000000000000 ) ) ;
#4759 = EDGE_CURVE ( 'NONE', #9400, #5713, #1145, .T. ) ;
#4760 = CARTESIAN_POINT ( 'NONE',  ( 0.1422251440816546253, -0.09842519685039370636, 0.3223955678325016172 ) ) ;
#4761 = VERTEX_POINT ( 'NONE', #3142 ) ;
#4762 = FACE_OUTER_BOUND ( 'NONE', #6507, .T. ) ;
#4763 = ORIENTED_EDGE ( 'NONE', *, *, #5144, .F. ) ;
#4764 = ORIENTED_EDGE ( 'NONE', *, *, #9998, .T. ) ;
#4765 = ORIENTED_EDGE ( 'NONE', *, *, #1127, .T. ) ;
#4766 = CARTESIAN_POINT ( 'NONE',  ( 0.000000000000000000, 0.03543307086614173873, 0.2342519685039370358 ) ) ;
#4767 = LINE ( 'NONE', #2157, #76 ) ;
#4768 = DIRECTION ( 'NONE',  ( 0.000000000000000000, -1.000000000000000000, 0.000000000000000000 ) ) ;
#4769 = EDGE_CURVE ( 'NONE', #5961, #3015, #2264, .T. ) ;
#4770 = DIRECTION ( 'NONE',  ( -0.8285309289390955234, 0.000000000000000000, 0.5599433005147214093 ) ) ;
#4771 = DIRECTION ( 'NONE',  ( 0.000000000000000000, 0.000000000000000000, 1.000000000000000000 ) ) ;
#4772 = CARTESIAN_POINT ( 'NONE',  ( -0.1406663324992913355, -0.08813603796283467351, 0.2126060625815354432 ) ) ;
#4773 = DIRECTION ( 'NONE',  ( -1.000000000000000000, 0.000000000000000000, 0.000000000000000000 ) ) ;
#4774 = EDGE_CURVE ( 'NONE', #10311, #7172, #10950, .T. ) ;
#4775 = EDGE_CURVE ( 'NONE', #9389, #10383, #7524, .T. ) ;
#4776 = VERTEX_POINT ( 'NONE', #11184 ) ;
#4777 = CARTESIAN_POINT ( 'NONE',  ( 0.1154378116117716624, -0.08426538632854330135, 0.2165356501165748015 ) ) ;
#4778 = VERTEX_POINT ( 'NONE', #6759 ) ;
#4779 = CARTESIAN_POINT ( 'NONE',  ( -0.1415288464494760812, -0.08858267716535438152, 0.3129921259842521342 ) ) ;
#4780 = FACE_OUTER_BOUND ( 'NONE', #9572, .T. ) ;
#4781 = EDGE_CURVE ( 'NONE', #7625, #3167, #3204, .T. ) ;
#4782 = ORIENTED_EDGE ( 'NONE', *, *, #10877, .T. ) ;
#4783 = DIRECTION ( 'NONE',  ( 0.000000000000000000, 0.000000000000000000, 1.000000000000000000 ) ) ;
#4784 = PLANE ( 'NONE',  #8186 ) ;
#4785 = AXIS2_PLACEMENT_3D ( 'NONE', #11031, #3975, #3108 ) ;
#4786 = CARTESIAN_POINT ( 'NONE',  ( -0.02993293232192066958, 0.08811236377213500781, 0.3375499166528455608 ) ) ;
#4787 = ADVANCED_FACE ( 'NONE', ( #10317 ), #4698, .F. ) ;
#4788 = DIRECTION ( 'NONE',  ( -1.000000000000000000, 0.000000000000000000, 0.000000000000000000 ) ) ;
#4789 = CARTESIAN_POINT ( 'NONE',  ( 0.02829390586552756048, 0.1064160616168504520, 0.02803302607324015608 ) ) ;
#4790 = LINE ( 'NONE', #2055, #8962 ) ;
#4791 = VERTEX_POINT ( 'NONE', #2082 ) ;
#4792 = DIRECTION ( 'NONE',  ( 0.000000000000000000, 0.000000000000000000, 1.000000000000000000 ) ) ;
#4793 = ORIENTED_EDGE ( 'NONE', *, *, #10719, .T. ) ;
#4794 = VERTEX_POINT ( 'NONE', #5641 ) ;
#4795 = CARTESIAN_POINT ( 'NONE',  ( -0.04148596327578740056, 0.08858267716535435377, 0.1555118110236220763 ) ) ;
#4796 = DIRECTION ( 'NONE',  ( 0.000000000000000000, -1.000000000000000000, 0.000000000000000000 ) ) ;
#4797 = EDGE_CURVE ( 'NONE', #8413, #7359, #1207, .T. ) ;
#4798 = EDGE_CURVE ( 'NONE', #922, #659, #11012, .T. ) ;
#4799 = ORIENTED_EDGE ( 'NONE', *, *, #7034, .F. ) ;
#4800 = FACE_OUTER_BOUND ( 'NONE', #9553, .T. ) ;
#4801 = DIRECTION ( 'NONE',  ( 0.000000000000000000, 0.000000000000000000, -1.000000000000000000 ) ) ;
#4802 = CARTESIAN_POINT ( 'NONE',  ( -0.02785631176936862602, 0.09748126864965510341, 0.03199351781817509621 ) ) ;
#4803 = DIRECTION ( 'NONE',  ( 0.000000000000000000, 0.000000000000000000, -1.000000000000000000 ) ) ;
#4804 = ORIENTED_EDGE ( 'NONE', *, *, #4380, .T. ) ;
#4805 = DIRECTION ( 'NONE',  ( 0.9395973154359220647, 0.000000000000000000, 0.3422818791955081208 ) ) ;
#4806 = ORIENTED_EDGE ( 'NONE', *, *, #6821, .F. ) ;
#4807 = ORIENTED_EDGE ( 'NONE', *, *, #3630, .T. ) ;
#4808 = EDGE_CURVE ( 'NONE', #7586, #10142, #6867, .T. ) ;
#4809 = EDGE_CURVE ( 'NONE', #88, #9869, #9663, .T. ) ;
#4810 = CARTESIAN_POINT ( 'NONE',  ( 0.1181102362204724532, 0.08070866141732283006, 0.1102362204724409434 ) ) ;
#4811 = CARTESIAN_POINT ( 'NONE',  ( 0.1003937007874015908, 0.08858267716535435377, 0.1574803149606299191 ) ) ;
#4812 = LINE ( 'NONE', #2141, #99 ) ;
#4813 = LINE ( 'NONE', #7574, #1668 ) ;
#4814 = DIRECTION ( 'NONE',  ( -0.000000000000000000, -1.000000000000000000, -0.000000000000000000 ) ) ;
#4815 = FACE_OUTER_BOUND ( 'NONE', #8365, .T. ) ;
#4816 = DIRECTION ( 'NONE',  ( 0.000000000000000000, -0.9537015367441439295, 0.3007546821112823121 ) ) ;
#4817 = ORIENTED_EDGE ( 'NONE', *, *, #9922, .T. ) ;
#4818 = CIRCLE ( 'NONE', #2023, 0.003821856477086623891 ) ;
#4819 = VERTEX_POINT ( 'NONE', #5169 ) ;
#4820 = CARTESIAN_POINT ( 'NONE',  ( 0.000000000000000000, -0.1220472440944882220, 0.3346456692913385988 ) ) ;
#4821 = ORIENTED_EDGE ( 'NONE', *, *, #6537, .T. ) ;
#4822 = VERTEX_POINT ( 'NONE', #1614 ) ;
#4823 = ORIENTED_EDGE ( 'NONE', *, *, #9433, .F. ) ;
#4824 = LINE ( 'NONE', #4766, #9331 ) ;
#4825 = FACE_OUTER_BOUND ( 'NONE', #13, .T. ) ;
#4826 = EDGE_CURVE ( 'NONE', #2777, #11085, #6984, .T. ) ;
#4827 = VECTOR ( 'NONE', #5350, 39.37007874015748143 ) ;
#4828 = FACE_OUTER_BOUND ( 'NONE', #4961, .T. ) ;
#4829 = AXIS2_PLACEMENT_3D ( 'NONE', #4025, #7516, #9265 ) ;
#4830 = CARTESIAN_POINT ( 'NONE',  ( -0.1082677165354330728, 0.03937007874015484299, 0.2125984251968504046 ) ) ;
#4831 = CARTESIAN_POINT ( 'NONE',  ( -0.02559055118110236879, 0.08887361747712602122, 0.04527559049897637855 ) ) ;
#4832 = FACE_OUTER_BOUND ( 'NONE', #9146, .T. ) ;
#4833 = DIRECTION ( 'NONE',  ( -1.000000000000000000, 0.000000000000000000, 0.000000000000000000 ) ) ;
#4834 = ORIENTED_EDGE ( 'NONE', *, *, #6237, .F. ) ;
#4835 = AXIS2_PLACEMENT_3D ( 'NONE', #4515, #108, #3533 ) ;
#4836 = AXIS2_PLACEMENT_3D ( 'NONE', #2286, #4899, #8294 ) ;
#4837 = DIRECTION ( 'NONE',  ( 1.000000000000000000, 0.000000000000000000, 0.000000000000000000 ) ) ;
#4838 = ORIENTED_EDGE ( 'NONE', *, *, #678, .T. ) ;
#4839 = DIRECTION ( 'NONE',  ( 0.000000000000000000, 0.000000000000000000, -1.000000000000000000 ) ) ;
#4840 = ADVANCED_FACE ( 'NONE', ( #9492 ), #6929, .T. ) ;
#4841 = CARTESIAN_POINT ( 'NONE',  ( -0.1185651836366535539, -0.06692913385826770867, 0.04330708661417323468 ) ) ;
#4842 = ORIENTED_EDGE ( 'NONE', *, *, #9567, .T. ) ;
#4843 = CARTESIAN_POINT ( 'NONE',  ( -0.1003937007874015630, 0.08070866141732283006, 0.2377952755905511917 ) ) ;
#4844 = VECTOR ( 'NONE', #10927, 39.37007874015748143 ) ;
#4845 = LINE ( 'NONE', #8301, #4286 ) ;
#4846 = VECTOR ( 'NONE', #3902, 39.37007874015748143 ) ;
#4847 = LINE ( 'NONE', #435, #5696 ) ;
#4848 = DIRECTION ( 'NONE',  ( 0.000000000000000000, 0.000000000000000000, 1.000000000000000000 ) ) ;
#4849 = CARTESIAN_POINT ( 'NONE',  ( 0.03866688132812599182, 0.1068390833938976381, 0.02981307598735827291 ) ) ;
#4850 = VERTEX_POINT ( 'NONE', #1665 ) ;
#4851 = FACE_OUTER_BOUND ( 'NONE', #4237, .T. ) ;
#4852 = ADVANCED_FACE ( 'NONE', ( #11246 ), #2379, .F. ) ;
#4853 = ORIENTED_EDGE ( 'NONE', *, *, #8219, .F. ) ;
#4854 = VERTEX_POINT ( 'NONE', #10483 ) ;
#4855 = AXIS2_PLACEMENT_3D ( 'NONE', #6683, #4006, #5870 ) ;
#4856 = CIRCLE ( 'NONE', #193, 0.007874015748031499423 ) ;
#4857 = LINE ( 'NONE', #9177, #11047 ) ;
#4858 = LINE ( 'NONE', #3127, #8834 ) ;
#4859 = ORIENTED_EDGE ( 'NONE', *, *, #6419, .T. ) ;
#4860 = DIRECTION ( 'NONE',  ( 1.000000000000000000, 0.000000000000000000, 0.000000000000000000 ) ) ;
#4861 = DIRECTION ( 'NONE',  ( -1.000000000000000000, 3.552713678800500929E-15, 0.000000000000000000 ) ) ;
#4862 = CARTESIAN_POINT ( 'NONE',  ( -0.02621611530009814242, 0.09983211091525327763, 0.03106367924143225295 ) ) ;
#4863 = VECTOR ( 'NONE', #815, 39.37007874015748143 ) ;
#4864 = DIRECTION ( 'NONE',  ( 0.000000000000000000, 0.000000000000000000, -1.000000000000000000 ) ) ;
#4865 = ADVANCED_FACE ( 'NONE', ( #3485 ), #5225, .T. ) ;
#4866 = EDGE_LOOP ( 'NONE', ( #1232, #10312, #2102, #1431 ) ) ;
#4867 = CARTESIAN_POINT ( 'NONE',  ( 0.1010826771653543232, 0.09842519685039370636, 0.02952755905511811330 ) ) ;
#4868 = VERTEX_POINT ( 'NONE', #5999 ) ;
#4869 = ORIENTED_EDGE ( 'NONE', *, *, #1499, .T. ) ;
#4870 = VECTOR ( 'NONE', #3477, 39.37007874015748143 ) ;
#4871 = CARTESIAN_POINT ( 'NONE',  ( 0.1259842519685039353, -0.08858267716535435377, 0.3562992125984252301 ) ) ;
#4872 = CARTESIAN_POINT ( 'NONE',  ( 0.1256191925646062968, -0.08792718670023622063, 0.2165109646076771588 ) ) ;
#4873 = CARTESIAN_POINT ( 'NONE',  ( 0.1082677165354331006, -0.01968503937007873988, 0.3503937007874015630 ) ) ;
#4874 = CARTESIAN_POINT ( 'NONE',  ( -0.1181102362204724532, 0.01968503937007873988, 0.2854330708661417804 ) ) ;
#4875 = LINE ( 'NONE', #289, #3318 ) ;
#4876 = LINE ( 'NONE', #1105, #9339 ) ;
#4877 = DIRECTION ( 'NONE',  ( 0.004874987259051024452, -0.9999881171790112599, 0.000000000000000000 ) ) ;
#4878 = AXIS2_PLACEMENT_3D ( 'NONE', #10078, #9262, #1267 ) ;
#4879 = EDGE_LOOP ( 'NONE', ( #10496, #1007, #8607, #3849 ) ) ;
#4880 = EDGE_CURVE ( 'NONE', #2221, #793, #7036, .T. ) ;
#4881 = ORIENTED_EDGE ( 'NONE', *, *, #9068, .F. ) ;
#4882 = CARTESIAN_POINT ( 'NONE',  ( 0.1082677165354330728, 0.000000000000000000, 0.1555118110236220763 ) ) ;
#4883 = EDGE_CURVE ( 'NONE', #7772, #5164, #8795, .T. ) ;
#4884 = ORIENTED_EDGE ( 'NONE', *, *, #9238, .F. ) ;
#4885 = EDGE_LOOP ( 'NONE', ( #7471, #9600, #7115, #8923 ) ) ;
#4886 = ORIENTED_EDGE ( 'NONE', *, *, #8397, .T. ) ;
#4887 = ORIENTED_EDGE ( 'NONE', *, *, #4183, .F. ) ;
#4888 = CARTESIAN_POINT ( 'NONE',  ( 0.000000000000000000, 0.09842519685039370636, 0.1240157480314960647 ) ) ;
#4889 = DIRECTION ( 'NONE',  ( 0.000000000000000000, 0.000000000000000000, 1.000000000000000000 ) ) ;
#4890 = VECTOR ( 'NONE', #444, 39.37007874015748143 ) ;
#4891 = CARTESIAN_POINT ( 'NONE',  ( -0.005740002156133404941, -0.09842519685039369248, 0.1200787401574803653 ) ) ;
#4892 = CARTESIAN_POINT ( 'NONE',  ( -0.03149606299212598381, 0.08464566929133858497, 0.08464566929133858497 ) ) ;
#4893 = DIRECTION ( 'NONE',  ( 0.000000000000000000, 0.000000000000000000, -1.000000000000000000 ) ) ;
#4894 = CARTESIAN_POINT ( 'NONE',  ( -0.1352392668859842551, -0.08858267716535435377, 0.07086614173228347746 ) ) ;
#4895 = CARTESIAN_POINT ( 'NONE',  ( -0.1105251642900182962, 0.09622505210682383292, 0.3838582677165356394 ) ) ;
#4896 = VERTEX_POINT ( 'NONE', #5051 ) ;
#4897 = EDGE_CURVE ( 'NONE', #6601, #10025, #8904, .T. ) ;
#4898 = VECTOR ( 'NONE', #5124, 39.37007874015748854 ) ;
#4899 = DIRECTION ( 'NONE',  ( 0.000000000000000000, 0.000000000000000000, -1.000000000000000000 ) ) ;
#4900 = ORIENTED_EDGE ( 'NONE', *, *, #7295, .T. ) ;
#4901 = CARTESIAN_POINT ( 'NONE',  ( 0.02559055118110236879, 0.05148199376635685665, 0.2054966182813980913 ) ) ;
#4902 = CARTESIAN_POINT ( 'NONE',  ( -0.02559055118110236532, 0.06299212598425196763, 0.1555118110236220763 ) ) ;
#4903 = CYLINDRICAL_SURFACE ( 'NONE', #10532, 0.09842519685039370636 ) ;
#4904 = AXIS2_PLACEMENT_3D ( 'NONE', #5182, #3441, #7875 ) ;
#4905 = DIRECTION ( 'NONE',  ( 0.000000000000000000, 1.000000000000000000, 0.000000000000000000 ) ) ;
#4906 = DIRECTION ( 'NONE',  ( 0.000000000000000000, -1.000000000000000000, 0.000000000000000000 ) ) ;
#4907 = CARTESIAN_POINT ( 'NONE',  ( -0.1393455678156299282, -0.09842519685039370636, 0.3129921259842520231 ) ) ;
#4908 = EDGE_LOOP ( 'NONE', ( #11139, #8504, #130, #9147, #3741, #4859 ) ) ;
#4909 = EDGE_CURVE ( 'NONE', #2170, #5062, #5112, .T. ) ;
#4910 = CARTESIAN_POINT ( 'NONE',  ( 0.02559055118110236879, 0.03543307086614173873, 0.2170084889991732435 ) ) ;
#4911 = VECTOR ( 'NONE', #7122, 39.37007874015748143 ) ;
#4912 = EDGE_LOOP ( 'NONE', ( #2465, #730, #3325, #11062, #1442, #3382 ) ) ;
#4913 = VECTOR ( 'NONE', #9706, 39.37007874015748143 ) ;
#4914 = VERTEX_POINT ( 'NONE', #4244 ) ;
#4915 = CARTESIAN_POINT ( 'NONE',  ( 0.000000000000000000, 0.000000000000000000, 0.02952755905512203377 ) ) ;
#4916 = CARTESIAN_POINT ( 'NONE',  ( 0.1082677165354330728, 0.08267716535433072833, 0.3838582677165355284 ) ) ;
#4917 = ADVANCED_FACE ( 'NONE', ( #696 ), #7802, .F. ) ;
#4918 = ORIENTED_EDGE ( 'NONE', *, *, #5340, .T. ) ;
#4919 = DIRECTION ( 'NONE',  ( -1.000000000000000000, 0.000000000000000000, 0.000000000000000000 ) ) ;
#4920 = ADVANCED_FACE ( 'NONE', ( #7918 ), #3758, .T. ) ;
#4921 = VECTOR ( 'NONE', #8914, 39.37007874015748143 ) ;
#4922 = DIRECTION ( 'NONE',  ( 0.000000000000000000, 0.000000000000000000, 1.000000000000000000 ) ) ;
#4923 = CIRCLE ( 'NONE', #3449, 0.01377952755905511965 ) ;
#4924 = DIRECTION ( 'NONE',  ( 1.000000000000000000, 0.000000000000000000, 0.000000000000000000 ) ) ;
#4925 = ADVANCED_FACE ( 'NONE', ( #9609 ), #9437, .F. ) ;
#4926 = CARTESIAN_POINT ( 'NONE',  ( 0.1250000000000000000, -0.01968503937007873988, 0.1968503937007874127 ) ) ;
#4927 = ORIENTED_EDGE ( 'NONE', *, *, #9299, .F. ) ;
#4928 = ORIENTED_EDGE ( 'NONE', *, *, #5663, .F. ) ;
#4929 = LINE ( 'NONE', #567, #6169 ) ;
#4930 = ORIENTED_EDGE ( 'NONE', *, *, #5214, .F. ) ;
#4931 = AXIS2_PLACEMENT_3D ( 'NONE', #5363, #2635, #4597 ) ;
#4932 = ORIENTED_EDGE ( 'NONE', *, *, #5964, .F. ) ;
#4933 = VECTOR ( 'NONE', #4188, 39.37007874015748143 ) ;
#4934 = CARTESIAN_POINT ( 'NONE',  ( -0.1131889763779527630, -0.05905511811023622659, 0.3562992125984252301 ) ) ;
#4935 = EDGE_CURVE ( 'NONE', #10112, #1000, #4463, .T. ) ;
#4936 = CARTESIAN_POINT ( 'NONE',  ( 0.1082677165354330728, 0.0009842519685039369942, 0.3169291338582677642 ) ) ;
#4937 = LINE ( 'NONE', #6579, #1873 ) ;
#4938 = DIRECTION ( 'NONE',  ( -0.8285309289396448618, -5.797980275788301312E-14, 0.5599433005139081709 ) ) ;
#4939 = LINE ( 'NONE', #3023, #9071 ) ;
#4940 = CARTESIAN_POINT ( 'NONE',  ( 0.1406312231057480211, -0.08267716535433072833, 0.05118110236220473758 ) ) ;
#4941 = VECTOR ( 'NONE', #8583, 39.37007874015748143 ) ;
#4942 = DIRECTION ( 'NONE',  ( 1.000000000000000000, 0.000000000000000000, 0.000000000000000000 ) ) ;
#4943 = EDGE_CURVE ( 'NONE', #7316, #2336, #6331, .T. ) ;
#4944 = ORIENTED_EDGE ( 'NONE', *, *, #1739, .T. ) ;
#4945 = ORIENTED_EDGE ( 'NONE', *, *, #9983, .F. ) ;
#4946 = DIRECTION ( 'NONE',  ( 0.000000000000000000, -1.000000000000000000, 0.000000000000000000 ) ) ;
#4947 = EDGE_LOOP ( 'NONE', ( #9965, #9927, #6383, #2520, #2522, #10233, #1235, #3719 ) ) ;
#4948 = VERTEX_POINT ( 'NONE', #2605 ) ;
#4949 = ORIENTED_EDGE ( 'NONE', *, *, #7920, .T. ) ;
#4950 = ORIENTED_EDGE ( 'NONE', *, *, #5967, .F. ) ;
#4951 = CARTESIAN_POINT ( 'NONE',  ( 0.1250000000000000000, 0.009842519685039369942, 0.3188976377952755792 ) ) ;
#4952 = DIRECTION ( 'NONE',  ( 0.000000000000000000, -1.000000000000000000, 0.000000000000000000 ) ) ;
#4953 = VECTOR ( 'NONE', #4559, 39.37007874015748143 ) ;
#4954 = DIRECTION ( 'NONE',  ( 0.000000000000000000, 0.000000000000000000, 1.000000000000000000 ) ) ;
#4955 = ADVANCED_FACE ( 'NONE', ( #2721 ), #5448, .F. ) ;
#4956 = EDGE_CURVE ( 'NONE', #1600, #1488, #2232, .T. ) ;
#4957 = CARTESIAN_POINT ( 'NONE',  ( 0.02776781886848032552, 0.09420441267685043807, 0.03196799037664961596 ) ) ;
#4958 = CARTESIAN_POINT ( 'NONE',  ( 0.07322834645669291931, 0.09842519685039370636, 0.2381889763779527491 ) ) ;
#4959 = LINE ( 'NONE', #537, #10082 ) ;
#4960 = CARTESIAN_POINT ( 'NONE',  ( -0.1168202574998347121, 0.08892706064174016323, 0.3838582677165355839 ) ) ;
#4961 = EDGE_LOOP ( 'NONE', ( #8109, #2504, #377, #5121 ) ) ;
#4962 = DIRECTION ( 'NONE',  ( 0.000000000000000000, 0.000000000000000000, 1.000000000000000000 ) ) ;
#4963 = ORIENTED_EDGE ( 'NONE', *, *, #9634, .F. ) ;
#4964 = PLANE ( 'NONE',  #9376 ) ;
#4965 = DIRECTION ( 'NONE',  ( 0.000000000000000000, 0.000000000000000000, 1.000000000000000000 ) ) ;
#4966 = ADVANCED_FACE ( 'NONE', ( #6167 ), #10814, .T. ) ;
#4967 = LINE ( 'NONE', #6726, #1398 ) ;
#4968 = DIRECTION ( 'NONE',  ( 0.000000000000000000, 1.000000000000000000, 0.000000000000000000 ) ) ;
#4969 = DIRECTION ( 'NONE',  ( 0.000000000000000000, 1.000000000000000000, 0.000000000000000000 ) ) ;
#4970 = PLANE ( 'NONE',  #10998 ) ;
#4971 = VERTEX_POINT ( 'NONE', #2770 ) ;
#4972 = LINE ( 'NONE', #550, #1098 ) ;
#4973 = ORIENTED_EDGE ( 'NONE', *, *, #7334, .T. ) ;
#4974 = ORIENTED_EDGE ( 'NONE', *, *, #2135, .F. ) ;
#4975 = CARTESIAN_POINT ( 'NONE',  ( -0.1082677165354330728, 0.08267716535433072833, 0.3838582677165355284 ) ) ;
#4976 = DIRECTION ( 'NONE',  ( 0.000000000000000000, -1.000000000000000000, 0.000000000000000000 ) ) ;
#4977 = EDGE_CURVE ( 'NONE', #10755, #7018, #3592, .T. ) ;
#4978 = VERTEX_POINT ( 'NONE', #9779 ) ;
#4979 = DIRECTION ( 'NONE',  ( 0.3363363969981561508, 0.000000000000000000, -0.9417419115948373332 ) ) ;
#4980 = CARTESIAN_POINT ( 'NONE',  ( -0.07322834645669720754, 0.08464566929133858497, 0.2381889763779512226 ) ) ;
#4981 = CARTESIAN_POINT ( 'NONE',  ( -0.03271064670240719785, 0.08870738688240427383, 0.1574184679265070164 ) ) ;
#4982 = DIRECTION ( 'NONE',  ( 0.000000000000000000, 0.000000000000000000, 1.000000000000000000 ) ) ;
#4983 = CARTESIAN_POINT ( 'NONE',  ( -0.03149606299212775323, 0.06348234447479086939, 0.3029921271622834644 ) ) ;
#4984 = ORIENTED_EDGE ( 'NONE', *, *, #6493, .T. ) ;
#4985 = EDGE_CURVE ( 'NONE', #11036, #5122, #9834, .T. ) ;
#4986 = CARTESIAN_POINT ( 'NONE',  ( -0.1003937007874015630, 0.08858267716535435377, 0.03149606299212598381 ) ) ;
#4987 = VERTEX_POINT ( 'NONE', #4516 ) ;
#4988 = ORIENTED_EDGE ( 'NONE', *, *, #155, .F. ) ;
#4989 = EDGE_CURVE ( 'NONE', #1259, #5062, #7150, .T. ) ;
#4990 = DIRECTION ( 'NONE',  ( 1.000000000000000000, 0.000000000000000000, 0.000000000000000000 ) ) ;
#4991 = CARTESIAN_POINT ( 'NONE',  ( -0.1406663324992913355, -0.08858267716535435377, 0.1771653543307087075 ) ) ;
#4992 = PLANE ( 'NONE',  #10243 ) ;
#4993 = CARTESIAN_POINT ( 'NONE',  ( 0.1131889763779527630, -0.05905511811023622659, 0.3838582677165355284 ) ) ;
#4994 = DIRECTION ( 'NONE',  ( 0.000000000000000000, 0.000000000000000000, 1.000000000000000000 ) ) ;
#4995 = DIRECTION ( 'NONE',  ( 0.000000000000000000, 0.000000000000000000, 1.000000000000000000 ) ) ;
#4996 = ORIENTED_EDGE ( 'NONE', *, *, #4631, .F. ) ;
#4997 = ORIENTED_EDGE ( 'NONE', *, *, #5831, .F. ) ;
#4998 = CARTESIAN_POINT ( 'NONE',  ( -0.1181102362204724532, -0.08070866141732283006, 0.2164279190586220203 ) ) ;
#4999 = ORIENTED_EDGE ( 'NONE', *, *, #4236, .T. ) ;
#5000 = ADVANCED_FACE ( 'NONE', ( #959 ), #7973, .F. ) ;
#5001 = ORIENTED_EDGE ( 'NONE', *, *, #8219, .T. ) ;
#5002 = AXIS2_PLACEMENT_3D ( 'NONE', #3011, #5749, #10123 ) ;
#5003 = ORIENTED_EDGE ( 'NONE', *, *, #2148, .T. ) ;
#5004 = FACE_OUTER_BOUND ( 'NONE', #7582, .T. ) ;
#5005 = CARTESIAN_POINT ( 'NONE',  ( 0.09594951366374016022, -0.004724409448818898440, 0.05511811023622047168 ) ) ;
#5006 = DIRECTION ( 'NONE',  ( 1.000000000000000000, 0.000000000000000000, 0.000000000000000000 ) ) ;
#5007 = CARTESIAN_POINT ( 'NONE',  ( -0.1082677165354330728, -0.02362204724409448092, 0.08858267716535435377 ) ) ;
#5008 = PLANE ( 'NONE',  #2331 ) ;
#5009 = CARTESIAN_POINT ( 'NONE',  ( 0.1406663324992913355, -0.08813603796283467351, 0.2126060625815354432 ) ) ;
#5010 = AXIS2_PLACEMENT_3D ( 'NONE', #2008, #6396, #8965 ) ;
#5011 = CARTESIAN_POINT ( 'NONE',  ( 0.08070866141732283006, 0.09350393700787401619, 0.01771653543307086937 ) ) ;
#5012 = ORIENTED_EDGE ( 'NONE', *, *, #4826, .T. ) ;
#5013 = ORIENTED_EDGE ( 'NONE', *, *, #11066, .T. ) ;
#5014 = ADVANCED_FACE ( 'NONE', ( #10758 ), #9821, .F. ) ;
#5015 = CARTESIAN_POINT ( 'NONE',  ( 0.1090292973622047218, -0.08870059429921260674, 0.2165354088879527794 ) ) ;
#5016 = ORIENTED_EDGE ( 'NONE', *, *, #9441, .T. ) ;
#5017 = VECTOR ( 'NONE', #6424, 39.37007874015748143 ) ;
#5018 = CARTESIAN_POINT ( 'NONE',  ( 0.04299154853259842812, 0.08670145462893839861, 0.03384961476790306761 ) ) ;
#5019 = DIRECTION ( 'NONE',  ( 1.000000000000000000, 0.000000000000000000, 0.000000000000000000 ) ) ;
#5020 = CARTESIAN_POINT ( 'NONE',  ( -0.1352392391549212536, -0.08858267716535435377, 0.1967966366946456713 ) ) ;
#5021 = DIRECTION ( 'NONE',  ( 1.000000000000000000, 0.000000000000000000, 0.000000000000000000 ) ) ;
#5022 = CARTESIAN_POINT ( 'NONE',  ( 0.1082677165354330728, -0.06692913385826770867, 0.1692913385826771699 ) ) ;
#5023 = DIRECTION ( 'NONE',  ( 1.000000000000000000, 0.000000000000000000, 0.000000000000000000 ) ) ;
#5024 = AXIS2_PLACEMENT_3D ( 'NONE', #4234, #2545, #10471 ) ;
#5025 = ORIENTED_EDGE ( 'NONE', *, *, #10362, .F. ) ;
#5026 = AXIS2_PLACEMENT_3D ( 'NONE', #669, #4222, #5021 ) ;
#5027 = LINE ( 'NONE', #1646, #2596 ) ;
#5028 = EDGE_CURVE ( 'NONE', #1443, #6563, #1309, .T. ) ;
#5029 = EDGE_CURVE ( 'NONE', #9173, #7928, #10092, .T. ) ;
#5030 = VERTEX_POINT ( 'NONE', #4059 ) ;
#5031 = VERTEX_POINT ( 'NONE', #3007 ) ;
#5032 = CARTESIAN_POINT ( 'NONE',  ( -0.06482784625098425568, 0.09350393700787401619, 0.2019488096425197110 ) ) ;
#5033 = AXIS2_PLACEMENT_3D ( 'NONE', #2649, #6214, #6669 ) ;
#5034 = CARTESIAN_POINT ( 'NONE',  ( 2.651794250122221954E-18, -0.09842519685039370636, 0.1200787401574803237 ) ) ;
#5035 = AXIS2_PLACEMENT_3D ( 'NONE', #11269, #4093, #5844 ) ;
#5036 = ORIENTED_EDGE ( 'NONE', *, *, #3189, .T. ) ;
#5037 = CARTESIAN_POINT ( 'NONE',  ( -0.1239228394661484323, -0.08858267716535432601, 0.3129921259842520787 ) ) ;
#5038 = CARTESIAN_POINT ( 'NONE',  ( 0.02559055118110236879, 0.05905511811025819513, 0.09881889763780250802 ) ) ;
#5039 = PLANE ( 'NONE',  #2999 ) ;
#5040 = AXIS2_PLACEMENT_3D ( 'NONE', #3593, #7153, #1830 ) ;
#5041 = VECTOR ( 'NONE', #1717, 39.37007874015748854 ) ;
#5042 = EDGE_CURVE ( 'NONE', #11307, #3570, #1427, .T. ) ;
#5043 = ORIENTED_EDGE ( 'NONE', *, *, #5800, .T. ) ;
#5044 = ORIENTED_EDGE ( 'NONE', *, *, #9345, .F. ) ;
#5045 = VERTEX_POINT ( 'NONE', #10416 ) ;
#5046 = ORIENTED_EDGE ( 'NONE', *, *, #809, .F. ) ;
#5047 = AXIS2_PLACEMENT_3D ( 'NONE', #10668, #2734, #10015 ) ;
#5048 = CYLINDRICAL_SURFACE ( 'NONE', #5879, 0.01771653543307086243 ) ;
#5049 = DIRECTION ( 'NONE',  ( 0.000000000000000000, 0.000000000000000000, -1.000000000000000000 ) ) ;
#5050 = DIRECTION ( 'NONE',  ( 0.000000000000000000, -1.000000000000000000, 0.000000000000000000 ) ) ;
#5051 = CARTESIAN_POINT ( 'NONE',  ( 0.1417322834645669549, -0.01968503937007873988, 0.2125984251968503769 ) ) ;
#5052 = CARTESIAN_POINT ( 'NONE',  ( 0.1297604954928720522, -0.08858267716535433989, 0.3384718287743461729 ) ) ;
#5053 = CARTESIAN_POINT ( 'NONE',  ( 0.1082677165354330728, 0.09153543307086615954, 0.02952755905511811330 ) ) ;
#5054 = ORIENTED_EDGE ( 'NONE', *, *, #4044, .T. ) ;
#5055 = ORIENTED_EDGE ( 'NONE', *, *, #5281, .F. ) ;
#5056 = DIRECTION ( 'NONE',  ( 0.8137334712067214593, 0.000000000000000000, 0.5812381937191153369 ) ) ;
#5057 = EDGE_CURVE ( 'NONE', #2751, #588, #8613, .T. ) ;
#5058 = ORIENTED_EDGE ( 'NONE', *, *, #6268, .T. ) ;
#5059 = VECTOR ( 'NONE', #7963, 39.37007874015748854 ) ;
#5060 = EDGE_LOOP ( 'NONE', ( #2212, #10930, #11019, #6555 ) ) ;
#5061 = ORIENTED_EDGE ( 'NONE', *, *, #8917, .T. ) ;
#5062 = VERTEX_POINT ( 'NONE', #561 ) ;
#5063 = DIRECTION ( 'NONE',  ( 0.5807246816278148760, 0.000000000000000000, 0.8141000209730208104 ) ) ;
#5064 = DIRECTION ( 'NONE',  ( 0.000000000000000000, 0.000000000000000000, -1.000000000000000000 ) ) ;
#5065 = B_SPLINE_CURVE_WITH_KNOTS ( 'NONE', 3,
 ( #5985, #8782, #9653, #1654, #5037, #3305 ),
 .UNSPECIFIED., .F., .F.,
 ( 4, 2, 4 ),
 ( 0.000000000000000000, 0.5000000000000000000, 1.000000000000000000 ),
 .UNSPECIFIED. ) ;
#5066 = LINE ( 'NONE', #3329, #8111 ) ;
#5067 = DIRECTION ( 'NONE',  ( 0.000000000000000000, -1.000000000000000000, 0.000000000000000000 ) ) ;
#5068 = VECTOR ( 'NONE', #8184, 39.37007874015748143 ) ;
#5069 = CARTESIAN_POINT ( 'NONE',  ( -0.02781093708133071385, 0.09431933070342519987, 0.03189787261650788019 ) ) ;
#5070 = ADVANCED_FACE ( 'NONE', ( #11343, #7740 ), #9539, .F. ) ;
#5071 = CYLINDRICAL_SURFACE ( 'NONE', #7031, 0.01771653543307086243 ) ;
#5072 = CARTESIAN_POINT ( 'NONE',  ( 0.1181102362204724532, -0.05905511811023622659, 0.04133858267716536417 ) ) ;
#5073 = EDGE_LOOP ( 'NONE', ( #7143, #10945, #6427, #8445 ) ) ;
#5074 = EDGE_CURVE ( 'NONE', #6524, #11021, #3355, .T. ) ;
#5075 = VERTEX_POINT ( 'NONE', #9654 ) ;
#5076 = CARTESIAN_POINT ( 'NONE',  ( -0.04133858267716536417, 0.08932856415515748327, 0.04527559055118110520 ) ) ;
#5077 = ORIENTED_EDGE ( 'NONE', *, *, #7987, .F. ) ;
#5078 = CIRCLE ( 'NONE', #6572, 0.04578276980082676695 ) ;
#5079 = DIRECTION ( 'NONE',  ( -1.000000000000000000, 0.000000000000000000, 0.000000000000000000 ) ) ;
#5080 = DIRECTION ( 'NONE',  ( 0.000000000000000000, 1.000000000000000000, 0.000000000000000000 ) ) ;
#5081 = CARTESIAN_POINT ( 'NONE',  ( -0.1082677165354330728, 0.08464566929133858497, 0.05610236220472441387 ) ) ;
#5082 = PLANE ( 'NONE',  #5026 ) ;
#5083 = EDGE_CURVE ( 'NONE', #993, #3672, #5158, .T. ) ;
#5084 = CARTESIAN_POINT ( 'NONE',  ( 0.1313389175166500278, -0.09842519685040322652, 0.2016895358812967887 ) ) ;
#5085 = LINE ( 'NONE', #4274, #7844 ) ;
#5086 = VECTOR ( 'NONE', #6532, 39.37007874015748143 ) ;
#5087 = VERTEX_POINT ( 'NONE', #11232 ) ;
#5088 = CARTESIAN_POINT ( 'NONE',  ( 0.03303533124612394178, 0.09853255173116455545, 0.3343335784390775167 ) ) ;
#5089 = ORIENTED_EDGE ( 'NONE', *, *, #8343, .T. ) ;
#5090 = ORIENTED_EDGE ( 'NONE', *, *, #10424, .T. ) ;
#5091 = LINE ( 'NONE', #5153, #11416 ) ;
#5092 = VECTOR ( 'NONE', #503, 39.37007874015748143 ) ;
#5093 = FACE_OUTER_BOUND ( 'NONE', #9537, .T. ) ;
#5094 = VERTEX_POINT ( 'NONE', #5038 ) ;
#5095 = EDGE_CURVE ( 'NONE', #1645, #5331, #6800, .T. ) ;
#5096 = EDGE_CURVE ( 'NONE', #5394, #4275, #1655, .T. ) ;
#5097 = CARTESIAN_POINT ( 'NONE',  ( 0.02546678850797615828, 0.09633993652933686702, 0.03740531374952354299 ) ) ;
#5098 = CARTESIAN_POINT ( 'NONE',  ( -0.1131889763779527630, -0.05905511811023622659, 0.3838582677165355284 ) ) ;
#5099 = VECTOR ( 'NONE', #4387, 39.37007874015748143 ) ;
#5100 = AXIS2_PLACEMENT_3D ( 'NONE', #314, #9227, #2169 ) ;
#5101 = ORIENTED_EDGE ( 'NONE', *, *, #1099, .F. ) ;
#5102 = DIRECTION ( 'NONE',  ( 0.000000000000000000, 0.000000000000000000, 1.000000000000000000 ) ) ;
#5103 = ORIENTED_EDGE ( 'NONE', *, *, #8660, .F. ) ;
#5104 = ORIENTED_EDGE ( 'NONE', *, *, #10005, .F. ) ;
#5105 = VECTOR ( 'NONE', #6015, 39.37007874015748143 ) ;
#5106 = AXIS2_PLACEMENT_3D ( 'NONE', #3802, #7601, #3917 ) ;
#5107 = CARTESIAN_POINT ( 'NONE',  ( 2.651794250122221954E-18, -0.09842519685039370636, 0.3562992125984252301 ) ) ;
#5108 = APPLICATION_CONTEXT ( 'configuration controlled 3d designs of mechanical parts and assemblies' ) ;
#5109 = EDGE_CURVE ( 'NONE', #1882, #3431, #7850, .T. ) ;
#5110 = CARTESIAN_POINT ( 'NONE',  ( 0.1082677165354330728, -0.06692913385826770867, 0.09055118110236221041 ) ) ;
#5111 = LINE ( 'NONE', #10372, #1511 ) ;
#5112 = LINE ( 'NONE', #10594, #792 ) ;
#5113 = DATE_AND_TIME ( #6930, #963 ) ;
#5114 = CARTESIAN_POINT ( 'NONE',  ( -0.1181102362204724532, -0.02362204724409448092, 0.1791338582677165503 ) ) ;
#5115 = VERTEX_POINT ( 'NONE', #4177 ) ;
#5116 = ORIENTED_EDGE ( 'NONE', *, *, #11464, .F. ) ;
#5117 = CARTESIAN_POINT ( 'NONE',  ( 0.04024361476522682335, 0.09734030190256733051, 0.02952755943277496353 ) ) ;
#5118 = VECTOR ( 'NONE', #5418, 39.37007874015748143 ) ;
#5119 = ORIENTED_EDGE ( 'NONE', *, *, #7243, .T. ) ;
#5120 = CIRCLE ( 'NONE', #8094, 0.007874015748031499423 ) ;
#5121 = ORIENTED_EDGE ( 'NONE', *, *, #5405, .F. ) ;
#5122 = VERTEX_POINT ( 'NONE', #11171 ) ;
#5123 = LINE ( 'NONE', #4888, #10072 ) ;
#5124 = DIRECTION ( 'NONE',  ( 0.8285309289389501952, 0.000000000000000000, 0.5599433005149362375 ) ) ;
#5125 = DIRECTION ( 'NONE',  ( -1.000000000000000000, 0.000000000000000000, 0.000000000000000000 ) ) ;
#5126 = EDGE_CURVE ( 'NONE', #10453, #4028, #3306, .T. ) ;
#5127 = AXIS2_PLACEMENT_3D ( 'NONE', #11202, #3278, #2567 ) ;
#5128 = CARTESIAN_POINT ( 'NONE',  ( 0.02545759562484252447, 0.09355553979405510645, 0.04138812426259843441 ) ) ;
#5129 = CARTESIAN_POINT ( 'NONE',  ( 0.1082677165354330728, 0.000000000000000000, 0.03149606299212599075 ) ) ;
#5130 = AXIS2_PLACEMENT_3D ( 'NONE', #3312, #10423, #9432 ) ;
#5131 = CARTESIAN_POINT ( 'NONE',  ( -0.03602309357970079340, 0.09667809392141735181, 0.02726171442883070992 ) ) ;
#5132 = CARTESIAN_POINT ( 'NONE',  ( 0.1181102362204724532, -0.02362204724409448092, 0.05314960629921260116 ) ) ;
#5133 = CARTESIAN_POINT ( 'NONE',  ( -0.09842519685039370636, 0.1007874015748031621, 0.4330708661417322913 ) ) ;
#5134 = VERTEX_POINT ( 'NONE', #6745 ) ;
#5135 = ORIENTED_EDGE ( 'NONE', *, *, #7473, .T. ) ;
#5136 = DIRECTION ( 'NONE',  ( -1.453678890483365881E-16, 0.000000000000000000, -1.000000000000000000 ) ) ;
#5137 = AXIS2_PLACEMENT_3D ( 'NONE', #7651, #4090, #486 ) ;
#5138 = ORIENTED_EDGE ( 'NONE', *, *, #5745, .T. ) ;
#5139 = ADVANCED_FACE ( 'NONE', ( #8727 ), #2368, .T. ) ;
#5140 = DIRECTION ( 'NONE',  ( 0.000000000000000000, 0.000000000000000000, -1.000000000000000000 ) ) ;
#5141 = LINE ( 'NONE', #3292, #100 ) ;
#5142 = EDGE_CURVE ( 'NONE', #11223, #6822, #10303, .T. ) ;
#5143 = DIRECTION ( 'NONE',  ( 0.000000000000000000, 0.000000000000000000, -1.000000000000000000 ) ) ;
#5144 = EDGE_CURVE ( 'NONE', #10378, #2788, #4235, .T. ) ;
#5145 = CARTESIAN_POINT ( 'NONE',  ( 0.1082677165354330728, -0.05905511811023622659, 0.1968503937007874127 ) ) ;
#5146 = FACE_OUTER_BOUND ( 'NONE', #3618, .T. ) ;
#5147 = CARTESIAN_POINT ( 'NONE',  ( 0.1010826771653543232, 0.09153543307086615954, 0.1555118110236220763 ) ) ;
#5148 = VERTEX_POINT ( 'NONE', #2308 ) ;
#5149 = LINE ( 'NONE', #1418, #7063 ) ;
#5150 = EDGE_LOOP ( 'NONE', ( #6766, #6835, #3147, #6698, #8135, #2849 ) ) ;
#5151 = ORIENTED_EDGE ( 'NONE', *, *, #3201, .T. ) ;
#5152 = EDGE_CURVE ( 'NONE', #4275, #1617, #7793, .T. ) ;
#5153 = CARTESIAN_POINT ( 'NONE',  ( 0.1313389175164566824, -0.09842519685039370636, 0.06597324254574803148 ) ) ;
#5154 = DIRECTION ( 'NONE',  ( 1.000000000000000000, 0.000000000000000000, 0.000000000000000000 ) ) ;
#5155 = ORIENTED_EDGE ( 'NONE', *, *, #10982, .T. ) ;
#5156 = EDGE_CURVE ( 'NONE', #62, #5841, #5868, .T. ) ;
#5157 = LINE ( 'NONE', #8726, #10989 ) ;
#5158 = LINE ( 'NONE', #10472, #11028 ) ;
#5159 = ORIENTED_EDGE ( 'NONE', *, *, #6881, .F. ) ;
#5160 = DIRECTION ( 'NONE',  ( -1.000000000000000000, 9.637352644315596722E-16, 0.000000000000000000 ) ) ;
#5161 = EDGE_CURVE ( 'NONE', #11132, #3270, #10535, .T. ) ;
#5162 = EDGE_CURVE ( 'NONE', #11167, #9781, #10586, .T. ) ;
#5163 = ORIENTED_EDGE ( 'NONE', *, *, #4184, .F. ) ;
#5164 = VERTEX_POINT ( 'NONE', #1821 ) ;
#5165 = ORIENTED_EDGE ( 'NONE', *, *, #4635, .T. ) ;
#5166 = CARTESIAN_POINT ( 'NONE',  ( -0.1003937007874015630, 0.08070866141732283006, 0.1574803149606299191 ) ) ;
#5167 = PLANE ( 'NONE',  #3469 ) ;
#5168 = DIRECTION ( 'NONE',  ( 0.000000000000000000, 0.000000000000000000, 1.000000000000000000 ) ) ;
#5169 = CARTESIAN_POINT ( 'NONE',  ( 0.1406312231057874063, -0.08858267716535435377, 0.05118110236220473758 ) ) ;
#5170 = PERSON_AND_ORGANIZATION_ROLE ( 'design_supplier' ) ;
#5171 = VECTOR ( 'NONE', #9903, 39.37007874015748143 ) ;
#5172 = CARTESIAN_POINT ( 'NONE',  ( 0.1313389175166527201, -0.08858267716535435377, 0.3297527701046838455 ) ) ;
#5173 = ORIENTED_EDGE ( 'NONE', *, *, #8525, .T. ) ;
#5174 = ORIENTED_EDGE ( 'NONE', *, *, #1127, .F. ) ;
#5175 = DIRECTION ( 'NONE',  ( 0.000000000000000000, 0.000000000000000000, 1.000000000000000000 ) ) ;
#5176 = VERTEX_POINT ( 'NONE', #9823 ) ;
#5177 = EDGE_CURVE ( 'NONE', #4646, #5164, #4140, .T. ) ;
#5178 = EDGE_CURVE ( 'NONE', #1488, #8030, #9002, .T. ) ;
#5179 = ORIENTED_EDGE ( 'NONE', *, *, #2477, .F. ) ;
#5180 = ORIENTED_EDGE ( 'NONE', *, *, #2875, .F. ) ;
#5181 = CARTESIAN_POINT ( 'NONE',  ( -0.1181102362204724532, 0.08070866141732283006, 0.2362204724409449064 ) ) ;
#5182 = CARTESIAN_POINT ( 'NONE',  ( 0.1367820307991732265, -0.09350393700787401619, 0.3432171696140945416 ) ) ;
#5183 = CARTESIAN_POINT ( 'NONE',  ( 0.000000000000000000, 0.000000000000000000, 0.000000000000000000 ) ) ;
#5184 = CARTESIAN_POINT ( 'NONE',  ( 0.04208140535909448560, 0.08928296055145669430, 0.02953773061505512998 ) ) ;
#5185 = DIRECTION ( 'NONE',  ( 0.000000000000000000, 0.000000000000000000, -1.000000000000000000 ) ) ;
#5186 = CARTESIAN_POINT ( 'NONE',  ( -0.04486391018515747953, 0.09900842269417328700, 0.03030748541052363104 ) ) ;
#5187 = DIRECTION ( 'NONE',  ( 0.000000000000000000, 0.000000000000000000, 1.000000000000000000 ) ) ;
#5188 = CARTESIAN_POINT ( 'NONE',  ( 0.1259842519685039353, -0.08070866141732283006, 0.05039370078740158104 ) ) ;
#5189 = ORIENTED_EDGE ( 'NONE', *, *, #6942, .F. ) ;
#5190 = ORIENTED_EDGE ( 'NONE', *, *, #6256, .T. ) ;
#5191 = CARTESIAN_POINT ( 'NONE',  ( 0.000000000000000000, -0.09842519685039370636, 0.4133858267716535861 ) ) ;
#5192 = EDGE_CURVE ( 'NONE', #5725, #4555, #8949, .T. ) ;
#5193 = DIRECTION ( 'NONE',  ( 0.000000000000000000, 0.000000000000000000, -1.000000000000000000 ) ) ;
#5194 = ORIENTED_EDGE ( 'NONE', *, *, #9571, .T. ) ;
#5195 = CARTESIAN_POINT ( 'NONE',  ( 0.1181102362204724254, 0.08070866141732283006, 0.2377952755905511917 ) ) ;
#5196 = DIRECTION ( 'NONE',  ( -0.2275011753997955577, 0.000000000000000000, 0.9737778058631811895 ) ) ;
#5197 = CARTESIAN_POINT ( 'NONE',  ( 0.1259842519685039353, -0.08070866141732283006, 0.2165354332608268040 ) ) ;
#5198 = CARTESIAN_POINT ( 'NONE',  ( 0.000000000000000000, 0.000000000000000000, 0.2952755905576263662 ) ) ;
#5199 = DIRECTION ( 'NONE',  ( -0.000000000000000000, -1.000000000000000000, -0.000000000000000000 ) ) ;
#5200 = CARTESIAN_POINT ( 'NONE',  ( -0.09055118110235627071, 0.09842519685039370636, 0.1574803149606330832 ) ) ;
#5201 = CARTESIAN_POINT ( 'NONE',  ( 0.05682104683266697709, 0.09350393700787401619, 0.1676771468440575175 ) ) ;
#5202 = ORIENTED_EDGE ( 'NONE', *, *, #1316, .T. ) ;
#5203 = DIRECTION ( 'NONE',  ( 0.000000000000000000, 0.000000000000000000, -1.000000000000000000 ) ) ;
#5204 = VECTOR ( 'NONE', #8604, 39.37007874015748143 ) ;
#5205 = ADVANCED_FACE ( 'NONE', ( #3640 ), #1003, .F. ) ;
#5206 = EDGE_LOOP ( 'NONE', ( #3014, #10449, #7921, #8843 ) ) ;
#5207 = CARTESIAN_POINT ( 'NONE',  ( -0.02558283220313511616, 0.09472723263649619752, 0.3484251968503938035 ) ) ;
#5208 = DIRECTION ( 'NONE',  ( 0.000000000000000000, 0.000000000000000000, -1.000000000000000000 ) ) ;
#5209 = ORIENTED_EDGE ( 'NONE', *, *, #9879, .T. ) ;
#5210 = VECTOR ( 'NONE', #346, 39.37007874015748143 ) ;
#5211 = VECTOR ( 'NONE', #8768, 39.37007874015748143 ) ;
#5212 = CARTESIAN_POINT ( 'NONE',  ( 0.02800997254647749277, 0.09786005961767554884, 0.03384141664070589722 ) ) ;
#5213 = DIRECTION ( 'NONE',  ( 3.183609275899999353E-13, -1.000000000000000000, 8.366295811111999879E-14 ) ) ;
#5214 = EDGE_CURVE ( 'NONE', #5616, #601, #4506, .T. ) ;
#5215 = EDGE_CURVE ( 'NONE', #7250, #7812, #4563, .T. ) ;
#5216 = ORIENTED_EDGE ( 'NONE', *, *, #1345, .F. ) ;
#5217 = CIRCLE ( 'NONE', #8193, 0.02362204724409448092 ) ;
#5218 = DIRECTION ( 'NONE',  ( 0.000000000000000000, 0.000000000000000000, 1.000000000000000000 ) ) ;
#5219 = VECTOR ( 'NONE', #7422, 39.37007874015748143 ) ;
#5220 = ORIENTED_EDGE ( 'NONE', *, *, #1657, .F. ) ;
#5221 = ORIENTED_EDGE ( 'NONE', *, *, #3300, .F. ) ;
#5222 = PLANE ( 'NONE',  #7176 ) ;
#5223 = CARTESIAN_POINT ( 'NONE',  ( -0.1082677165354330728, -0.01771653543307087283, 0.3523622047244094890 ) ) ;
#5224 = CARTESIAN_POINT ( 'NONE',  ( -0.02559055118110249716, 0.09567757429785922474, 0.1693565932416928876 ) ) ;
#5225 = PLANE ( 'NONE',  #5430 ) ;
#5226 = VECTOR ( 'NONE', #2174, 39.37007874015748143 ) ;
#5227 = ADVANCED_FACE ( 'NONE', ( #5437 ), #2761, .F. ) ;
#5228 = VECTOR ( 'NONE', #4144, 39.37007874015748143 ) ;
#5229 = CARTESIAN_POINT ( 'NONE',  ( 0.1259842519684645779, -0.09842519685039369248, 0.3562992125984252301 ) ) ;
#5230 = ORIENTED_EDGE ( 'NONE', *, *, #8230, .F. ) ;
#5231 = LINE ( 'NONE', #8907, #7634 ) ;
#5232 = ORIENTED_EDGE ( 'NONE', *, *, #6088, .T. ) ;
#5233 = ORIENTED_EDGE ( 'NONE', *, *, #7320, .F. ) ;
#5234 = VERTEX_POINT ( 'NONE', #6320 ) ;
#5235 = AXIS2_PLACEMENT_3D ( 'NONE', #1667, #7037, #7865 ) ;
#5236 = CARTESIAN_POINT ( 'NONE',  ( 0.1131889763779527630, -0.01771653543307086937, 0.3346456692913385988 ) ) ;
#5237 = AXIS2_PLACEMENT_3D ( 'NONE', #7628, #9317, #10250 ) ;
#5238 = LINE ( 'NONE', #862, #7721 ) ;
#5239 = DIRECTION ( 'NONE',  ( 0.000000000000000000, 0.000000000000000000, 1.000000000000000000 ) ) ;
#5240 = DIRECTION ( 'NONE',  ( -1.000000000000000000, 0.000000000000000000, 0.000000000000000000 ) ) ;
#5241 = CARTESIAN_POINT ( 'NONE',  ( -0.1181102362204724532, 0.01771653543307086937, 0.08858267716535435377 ) ) ;
#5242 = CARTESIAN_POINT ( 'NONE',  ( 0.1082677165354330728, 0.000000000000000000, 0.2362204724409449064 ) ) ;
#5243 = EDGE_CURVE ( 'NONE', #7872, #7735, #11512, .T. ) ;
#5244 = CARTESIAN_POINT ( 'NONE',  ( 0.1082677165354331006, -0.05905511811023623353, 0.3129921259842520231 ) ) ;
#5245 = EDGE_CURVE ( 'NONE', #1036, #4092, #1879, .T. ) ;
#5246 = PLANE ( 'NONE',  #11221 ) ;
#5247 = AXIS2_PLACEMENT_3D ( 'NONE', #5009, #7530, #10334 ) ;
#5248 = VERTEX_POINT ( 'NONE', #7908 ) ;
#5249 = ORIENTED_EDGE ( 'NONE', *, *, #9007, .T. ) ;
#5250 = DIRECTION ( 'NONE',  ( 0.000000000000000000, 0.000000000000000000, -1.000000000000000000 ) ) ;
#5251 = CARTESIAN_POINT ( 'NONE',  ( 0.000000000000000000, 0.09842519685039370636, 0.1259842519685039353 ) ) ;
#5252 = VERTEX_POINT ( 'NONE', #10804 ) ;
#5253 = DIRECTION ( 'NONE',  ( 0.000000000000000000, 0.000000000000000000, 1.000000000000000000 ) ) ;
#5254 = AXIS2_PLACEMENT_3D ( 'NONE', #8072, #8130, #5377 ) ;
#5255 = LINE ( 'NONE', #8162, #9775 ) ;
#5256 = CARTESIAN_POINT ( 'NONE',  ( 0.1393455678156299282, -0.08813714464149606520, 0.3181347471450000630 ) ) ;
#5257 = DIRECTION ( 'NONE',  ( 1.000000000000000000, 0.000000000000000000, 0.000000000000000000 ) ) ;
#5258 = DIRECTION ( 'NONE',  ( 1.000000000000000000, 0.000000000000000000, 0.000000000000000000 ) ) ;
#5259 = LINE ( 'NONE', #4337, #1029 ) ;
#5260 = ADVANCED_FACE ( 'NONE', ( #3523 ), #10268, .F. ) ;
#5261 = DIRECTION ( 'NONE',  ( -1.000000000000000000, 0.000000000000000000, 0.000000000000000000 ) ) ;
#5262 = ORIENTED_EDGE ( 'NONE', *, *, #309, .T. ) ;
#5263 = DIRECTION ( 'NONE',  ( 0.000000000000000000, 0.000000000000000000, -1.000000000000000000 ) ) ;
#5264 = APPROVAL_PERSON_ORGANIZATION ( #2498, #5483, #3317 ) ;
#5265 = CIRCLE ( 'NONE', #1895, 0.007874015748031482076 ) ;
#5266 = VERTEX_POINT ( 'NONE', #1295 ) ;
#5267 = DIRECTION ( 'NONE',  ( 0.000000000000000000, 0.000000000000000000, -1.000000000000000000 ) ) ;
#5268 = DIRECTION ( 'NONE',  ( -1.000000000000000000, 0.000000000000000000, 0.000000000000000000 ) ) ;
#5269 = ORIENTED_EDGE ( 'NONE', *, *, #8807, .F. ) ;
#5270 = AXIS2_PLACEMENT_3D ( 'NONE', #197, #7022, #10581 ) ;
#5271 = EDGE_CURVE ( 'NONE', #2788, #993, #7547, .T. ) ;
#5272 = DIRECTION ( 'NONE',  ( 1.000000000000000000, 0.000000000000000000, 0.000000000000000000 ) ) ;
#5273 = CARTESIAN_POINT ( 'NONE',  ( 0.02547084074017322980, 0.09387356889968505314, 0.04099176836586614775 ) ) ;
#5274 = ORIENTED_EDGE ( 'NONE', *, *, #10708, .T. ) ;
#5275 = VECTOR ( 'NONE', #301, 39.37007874015748143 ) ;
#5276 = ORIENTED_EDGE ( 'NONE', *, *, #1168, .T. ) ;
#5277 = PLANE ( 'NONE',  #4166 ) ;
#5278 = EDGE_CURVE ( 'NONE', #9202, #8979, #49, .T. ) ;
#5279 = ORIENTED_EDGE ( 'NONE', *, *, #9238, .T. ) ;
#5280 = DIRECTION ( 'NONE',  ( 1.000000000000000000, 0.000000000000000000, 0.000000000000000000 ) ) ;
#5281 = EDGE_CURVE ( 'NONE', #1423, #6035, #3755, .T. ) ;
#5282 = CARTESIAN_POINT ( 'NONE',  ( 0.1082677165354330728, -0.08070866141733201715, 0.2165354331658464748 ) ) ;
#5283 = CIRCLE ( 'NONE', #266, 0.01771653543307086243 ) ;
#5284 = CARTESIAN_POINT ( 'NONE',  ( -0.03843589748225284541, 0.1066329074972882651, 0.02975646703174693319 ) ) ;
#5285 = LINE ( 'NONE', #9665, #10274 ) ;
#5286 = ORIENTED_EDGE ( 'NONE', *, *, #6591, .F. ) ;
#5287 = DIRECTION ( 'NONE',  ( 0.000000000000000000, 0.000000000000000000, 1.000000000000000000 ) ) ;
#5288 = B_SPLINE_CURVE_WITH_KNOTS ( 'NONE', 3,
 ( #9082, #1086, #9796, #8042, #4424, #3500 ),
 .UNSPECIFIED., .F., .F.,
 ( 4, 2, 4 ),
 ( 0.000000000000000000, 0.5000000000000000000, 1.000000000000000000 ),
 .UNSPECIFIED. ) ;
#5289 = CIRCLE ( 'NONE', #272, 0.02165354330708662081 ) ;
#5290 = ORIENTED_EDGE ( 'NONE', *, *, #9201, .F. ) ;
#5291 = VECTOR ( 'NONE', #145, 39.37007874015748143 ) ;
#5292 = PLANE ( 'NONE',  #3375 ) ;
#5293 = ADVANCED_FACE ( 'NONE', ( #9628 ), #5246, .T. ) ;
#5294 = LINE ( 'NONE', #11424, #2863 ) ;
#5295 = LINE ( 'NONE', #5458, #1578 ) ;
#5296 = CARTESIAN_POINT ( 'NONE',  ( 0.02661417322834646118, 0.06496062992125983815, 0.08636898558988190255 ) ) ;
#5297 = LINE ( 'NONE', #169, #11273 ) ;
#5298 = ADVANCED_FACE ( 'NONE', ( #4262 ), #6019, .T. ) ;
#5299 = DIRECTION ( 'NONE',  ( 1.000000000000000000, 0.000000000000000000, 0.000000000000000000 ) ) ;
#5300 = PLANE ( 'NONE',  #2752 ) ;
#5301 = AXIS2_PLACEMENT_3D ( 'NONE', #3660, #1683, #865 ) ;
#5302 = CARTESIAN_POINT ( 'NONE',  ( 0.000000000000000000, 0.07406400688303149682, 0.03149606299212598381 ) ) ;
#5303 = VECTOR ( 'NONE', #825, 39.37007874015748143 ) ;
#5304 = ORIENTED_EDGE ( 'NONE', *, *, #8660, .T. ) ;
#5305 = VERTEX_POINT ( 'NONE', #1744 ) ;
#5306 = ORIENTED_EDGE ( 'NONE', *, *, #2533, .T. ) ;
#5307 = CARTESIAN_POINT ( 'NONE',  ( 0.1259842519685039353, -0.09842519685039369248, 0.2173228346456692883 ) ) ;
#5308 = ORIENTED_EDGE ( 'NONE', *, *, #5354, .T. ) ;
#5309 = EDGE_CURVE ( 'NONE', #1801, #9202, #9569, .T. ) ;
#5310 = DIRECTION ( 'NONE',  ( -1.000000000000000000, 0.000000000000000000, 0.000000000000000000 ) ) ;
#5311 = EDGE_CURVE ( 'NONE', #6703, #11114, #1577, .T. ) ;
#5312 = VECTOR ( 'NONE', #668, 39.37007874015748143 ) ;
#5313 = CIRCLE ( 'NONE', #3459, 0.003856965870551185352 ) ;
#5314 = LINE ( 'NONE', #8929, #9013 ) ;
#5315 = CYLINDRICAL_SURFACE ( 'NONE', #9962, 0.007874015748031482076 ) ;
#5316 = CARTESIAN_POINT ( 'NONE',  ( 0.01133147030765539916, -0.09785374651725546602, 0.1177168504578649383 ) ) ;
#5317 = PLANE ( 'NONE',  #10431 ) ;
#5318 = CYLINDRICAL_SURFACE ( 'NONE', #10917, 0.007874015748031482076 ) ;
#5319 = DIRECTION ( 'NONE',  ( 0.9417419115950750319, 0.000000000000000000, -0.3363363969974910717 ) ) ;
#5320 = ORIENTED_EDGE ( 'NONE', *, *, #2589, .F. ) ;
#5321 = CARTESIAN_POINT ( 'NONE',  ( 0.05682104683267197309, 0.09842519685039370636, 0.04169289487557495399 ) ) ;
#5322 = VECTOR ( 'NONE', #4770, 39.37007874015748143 ) ;
#5323 = ORIENTED_EDGE ( 'NONE', *, *, #6046, .F. ) ;
#5324 = CARTESIAN_POINT ( 'NONE',  ( 0.02559055118110236879, 0.08316328890936933171, 0.1712598425196850405 ) ) ;
#5325 = EDGE_CURVE ( 'NONE', #1866, #3918, #5825, .T. ) ;
#5326 = CARTESIAN_POINT ( 'NONE',  ( 0.1300298831305118086, -0.08858267716537641945, 0.2164861556116142172 ) ) ;
#5327 = ORIENTED_EDGE ( 'NONE', *, *, #9466, .F. ) ;
#5328 = CIRCLE ( 'NONE', #8503, 0.007874015748031499423 ) ;
#5329 = DIRECTION ( 'NONE',  ( -1.000000000000000000, 0.000000000000000000, 0.000000000000000000 ) ) ;
#5330 = DIRECTION ( 'NONE',  ( 0.000000000000000000, -1.000000000000000000, 0.000000000000000000 ) ) ;
#5331 = VERTEX_POINT ( 'NONE', #10610 ) ;
#5332 = ORIENTED_EDGE ( 'NONE', *, *, #8062, .T. ) ;
#5333 = CARTESIAN_POINT ( 'NONE',  ( -0.03149606299212598381, 0.07534629536877952838, 0.3799212598425197318 ) ) ;
#5334 = EDGE_CURVE ( 'NONE', #10470, #8775, #10505, .T. ) ;
#5335 = VERTEX_POINT ( 'NONE', #3335 ) ;
#5336 = CARTESIAN_POINT ( 'NONE',  ( -0.1082677165354331006, -0.05905511811023623353, 0.3562992125984252301 ) ) ;
#5337 = CARTESIAN_POINT ( 'NONE',  ( -0.1181102362204724671, -0.05905511811023623353, 0.2854330708661417804 ) ) ;
#5338 = CARTESIAN_POINT ( 'NONE',  ( -0.04038002095412086823, 0.1004630462666706997, 0.02956433316971540312 ) ) ;
#5339 = DIRECTION ( 'NONE',  ( 0.000000000000000000, -1.000000000000000000, 0.000000000000000000 ) ) ;
#5340 = EDGE_CURVE ( 'NONE', #7711, #2820, #712, .T. ) ;
#5341 = PLANE ( 'NONE',  #2601 ) ;
#5342 = ORIENTED_EDGE ( 'NONE', *, *, #7098, .F. ) ;
#5343 = EDGE_CURVE ( 'NONE', #11099, #1648, #10447, .T. ) ;
#5344 = EDGE_LOOP ( 'NONE', ( #859, #7077, #1834, #5230, #4169, #6849, #1026, #7443 ) ) ;
#5345 = DIRECTION ( 'NONE',  ( 0.8285309289394326981, 0.000000000000000000, 0.5599433005142222530 ) ) ;
#5346 = DIRECTION ( 'NONE',  ( -1.000000000000000000, 0.000000000000000000, 0.000000000000000000 ) ) ;
#5347 = VECTOR ( 'NONE', #1630, 39.37007874015748854 ) ;
#5348 = CARTESIAN_POINT ( 'NONE',  ( 0.06964747686621312883, 0.09842519685039370636, 0.3696882664541598085 ) ) ;
#5349 = LINE ( 'NONE', #9900, #835 ) ;
#5350 = DIRECTION ( 'NONE',  ( 0.000000000000000000, 0.000000000000000000, 1.000000000000000000 ) ) ;
#5351 = LINE ( 'NONE', #5403, #10282 ) ;
#5352 = LINE ( 'NONE', #8918, #6853 ) ;
#5353 = LINE ( 'NONE', #1965, #2288 ) ;
#5354 = EDGE_CURVE ( 'NONE', #2657, #10674, #766, .T. ) ;
#5355 = ORIENTED_EDGE ( 'NONE', *, *, #9007, .F. ) ;
#5356 = EDGE_LOOP ( 'NONE', ( #10395, #1333, #3542, #6586 ) ) ;
#5357 = ORIENTED_EDGE ( 'NONE', *, *, #2521, .T. ) ;
#5358 = CARTESIAN_POINT ( 'NONE',  ( -0.1082677165354330728, -0.05905511811023622659, 0.2283464566929133688 ) ) ;
#5359 = ORIENTED_EDGE ( 'NONE', *, *, #736, .T. ) ;
#5360 = DIRECTION ( 'NONE',  ( 1.000000000000000000, 0.000000000000000000, 0.000000000000000000 ) ) ;
#5361 = B_SPLINE_CURVE_WITH_KNOTS ( 'NONE', 3,
 ( #5651, #2029, #9148, #8160, #9270, #9970, #4708, #417, #3967, #7522, #3726, #11086, #5530, #3099, #1972, #6652 ),
 .UNSPECIFIED., .F., .F.,
 ( 4, 2, 1, 2, 2, 1, 2, 2, 4 ),
 ( 0.000000000000000000, 0.2499999999999980571, 0.3749999999999973910, 0.4374999999999985012, 0.4999999999999995559, 0.6250000000000002220, 0.6875000000000006661, 0.7500000000000009992, 1.000000000000000000 ),
 .UNSPECIFIED. ) ;
#5362 = CARTESIAN_POINT ( 'NONE',  ( -0.1131889763779527630, 0.05905511811023622659, 0.3169291338582677642 ) ) ;
#5363 = CARTESIAN_POINT ( 'NONE',  ( 0.1181102362204724532, -0.05118110236220473758, 0.2283464566929133688 ) ) ;
#5364 = DIRECTION ( 'NONE',  ( 1.224646799147353207E-16, 1.000000000000000000, 0.000000000000000000 ) ) ;
#5365 = DIRECTION ( 'NONE',  ( 0.000000000000000000, 0.000000000000000000, 1.000000000000000000 ) ) ;
#5366 = PLANE ( 'NONE',  #11360 ) ;
#5367 = CARTESIAN_POINT ( 'NONE',  ( -0.09704724409448818589, 0.08858267716535435377, 0.2362204724409449064 ) ) ;
#5368 = LINE ( 'NONE', #4390, #3194 ) ;
#5369 = EDGE_CURVE ( 'NONE', #10204, #4579, #8647, .T. ) ;
#5370 = ORIENTED_EDGE ( 'NONE', *, *, #9879, .F. ) ;
#5371 = ORIENTED_EDGE ( 'NONE', *, *, #2176, .F. ) ;
#5372 = CLOSED_SHELL ( 'NONE', ( #4394, #2804, #7486, #11509, #6223, #1520, #10414, #5139, #2376, #6190, #10970, #1238, #11003, #7675, #9290, #2915, #3111, #1182, #6923, #7782, #540, #1487, #11485, #4054, #6469, #5070, #2384, #3956, #3913, #1887, #1780, #2052, #2228, #5856, #3520, #3307, #3359, #11369, #3530, #8587, #9249, #6604, #6060, #10216, #10603, #9060, #4285, #6896, #1097, #2366, #996, #4917, #7438, #19, #7183, #10765, #4852, #6171, #9713, #2566, #4333, #1157, #5378, #6731, #3035, #533, #5590, #9916, #9972, #3410, #10089, #1788, #11087, #4094, #9878, #2177, #4353, #6227, #1507, #11201 ) ) ;
#5373 = PLANE ( 'NONE',  #6212 ) ;
#5374 = CARTESIAN_POINT ( 'NONE',  ( 0.1441322898096549787, -0.08858267716535438152, 0.3481846707009192965 ) ) ;
#5375 = ORIENTED_EDGE ( 'NONE', *, *, #5309, .F. ) ;
#5376 = DIRECTION ( 'NONE',  ( 0.000000000000000000, 0.000000000000000000, -1.000000000000000000 ) ) ;
#5377 = DIRECTION ( 'NONE',  ( 0.000000000000000000, 0.000000000000000000, -1.000000000000000000 ) ) ;
#5378 = ADVANCED_FACE ( 'NONE', ( #7881 ), #6079, .T. ) ;
#5379 = VECTOR ( 'NONE', #2444, 39.37007874015748143 ) ;
#5380 = ADVANCED_FACE ( 'NONE', ( #3448, #2571, #6128, #11487 ), #9682, .T. ) ;
#5381 = VERTEX_POINT ( 'NONE', #2625 ) ;
#5382 = ORIENTED_EDGE ( 'NONE', *, *, #9121, .T. ) ;
#5383 = DIRECTION ( 'NONE',  ( 0.000000000000000000, 1.000000000000000000, 0.000000000000000000 ) ) ;
#5384 = PLANE ( 'NONE',  #6382 ) ;
#5385 = VECTOR ( 'NONE', #7696, 39.37007874015748143 ) ;
#5386 = ORIENTED_EDGE ( 'NONE', *, *, #9163, .F. ) ;
#5387 = DIRECTION ( 'NONE',  ( 0.000000000000000000, 0.000000000000000000, -1.000000000000000000 ) ) ;
#5388 = CARTESIAN_POINT ( 'NONE',  ( 0.1414437402728740134, -0.08778038348578741379, 0.2164238293903543442 ) ) ;
#5389 = CARTESIAN_POINT ( 'NONE',  ( -0.1181102362204724532, -0.08267716535433072833, 0.09055118110236221041 ) ) ;
#5390 = EDGE_CURVE ( 'NONE', #9189, #4137, #6187, .T. ) ;
#5391 = DIRECTION ( 'NONE',  ( 1.000000000000000000, 0.000000000000000000, 0.000000000000000000 ) ) ;
#5392 = AXIS2_PLACEMENT_3D ( 'NONE', #9478, #9423, #6972 ) ;
#5393 = VECTOR ( 'NONE', #7722, 39.37007874015748143 ) ;
#5394 = VERTEX_POINT ( 'NONE', #9739 ) ;
#5395 = LINE ( 'NONE', #8195, #8371 ) ;
#5396 = ORIENTED_EDGE ( 'NONE', *, *, #6966, .T. ) ;
#5397 = ORIENTED_EDGE ( 'NONE', *, *, #4538, .T. ) ;
#5398 = VECTOR ( 'NONE', #2266, 39.37007874015748143 ) ;
#5399 = CARTESIAN_POINT ( 'NONE',  ( -0.1428063554291732484, -0.09842519685039370636, 0.1841537371049999927 ) ) ;
#5400 = PLANE ( 'NONE',  #10907 ) ;
#5401 = CARTESIAN_POINT ( 'NONE',  ( 0.09055099591333559683, 1.901072816721691152E-10, -0.09842519684945912062 ) ) ;
#5402 = FACE_OUTER_BOUND ( 'NONE', #6193, .T. ) ;
#5403 = CARTESIAN_POINT ( 'NONE',  ( 0.000000000000000000, 0.09842519685039370636, 0.1102362204724409434 ) ) ;
#5404 = LINE ( 'NONE', #3663, #1439 ) ;
#5405 = EDGE_CURVE ( 'NONE', #10407, #11377, #868, .T. ) ;
#5406 = CARTESIAN_POINT ( 'NONE',  ( -0.1238066421755511931, -0.09842519685039370636, 0.3129921259842520231 ) ) ;
#5407 = ORIENTED_EDGE ( 'NONE', *, *, #8538, .F. ) ;
#5408 = VECTOR ( 'NONE', #10548, 39.37007874015748143 ) ;
#5409 = DIRECTION ( 'NONE',  ( -1.000000000000000000, 0.000000000000000000, 0.000000000000000000 ) ) ;
#5410 = ORIENTED_EDGE ( 'NONE', *, *, #7240, .T. ) ;
#5411 = AXIS2_PLACEMENT_3D ( 'NONE', #4696, #7107, #9079 ) ;
#5412 = LINE ( 'NONE', #5251, #20 ) ;
#5413 = ORIENTED_EDGE ( 'NONE', *, *, #1723, .T. ) ;
#5414 = CARTESIAN_POINT ( 'NONE',  ( -0.1259842519685039353, -0.08070866141732283006, 0.1771653543307087075 ) ) ;
#5415 = EDGE_LOOP ( 'NONE', ( #2046, #4807, #5554, #7095 ) ) ;
#5416 = DIRECTION ( 'NONE',  ( 0.5807246816279284518, 0.000000000000000000, 0.8141000209729397641 ) ) ;
#5417 = EDGE_CURVE ( 'NONE', #2273, #8555, #3553, .T. ) ;
#5418 = DIRECTION ( 'NONE',  ( 0.000000000000000000, -1.000000000000000000, 0.000000000000000000 ) ) ;
#5419 = CARTESIAN_POINT ( 'NONE',  ( -0.1082677165354330728, 0.000000000000000000, 0.2125984251968504046 ) ) ;
#5420 = VECTOR ( 'NONE', #3625, 39.37007874015748143 ) ;
#5421 = DIRECTION ( 'NONE',  ( 0.5807246816279284518, 0.000000000000000000, -0.8141000209729397641 ) ) ;
#5422 = LINE ( 'NONE', #4493, #6327 ) ;
#5423 = CYLINDRICAL_SURFACE ( 'NONE', #1601, 0.007874015748031499423 ) ;
#5424 = EDGE_CURVE ( 'NONE', #9741, #994, #4212, .T. ) ;
#5425 = CYLINDRICAL_SURFACE ( 'NONE', #10063, 0.02362204724409448092 ) ;
#5426 = ORIENTED_EDGE ( 'NONE', *, *, #10719, .F. ) ;
#5427 = DIMENSIONAL_EXPONENTS ( 1.000000000000000000, 0.000000000000000000, 0.000000000000000000, 0.000000000000000000, 0.000000000000000000, 0.000000000000000000, 0.000000000000000000 ) ;
#5428 = VERTEX_POINT ( 'NONE', #2736 ) ;
#5429 = ORIENTED_EDGE ( 'NONE', *, *, #9701, .F. ) ;
#5430 = AXIS2_PLACEMENT_3D ( 'NONE', #11356, #7751, #11303 ) ;
#5431 = CARTESIAN_POINT ( 'NONE',  ( 0.1449020737449445706, -0.09842519685039372024, 0.3187165545473938932 ) ) ;
#5432 = LINE ( 'NONE', #4447, #10143 ) ;
#5433 = EDGE_CURVE ( 'NONE', #6085, #257, #10834, .T. ) ;
#5434 = ORIENTED_EDGE ( 'NONE', *, *, #4427, .T. ) ;
#5435 = DIRECTION ( 'NONE',  ( 0.000000000000000000, 1.000000000000000000, 0.000000000000000000 ) ) ;
#5436 = DIRECTION ( 'NONE',  ( 0.000000000000000000, 0.000000000000000000, 1.000000000000000000 ) ) ;
#5437 = FACE_OUTER_BOUND ( 'NONE', #9420, .T. ) ;
#5438 = CIRCLE ( 'NONE', #8619, 0.003821856477047251305 ) ;
#5439 = EDGE_LOOP ( 'NONE', ( #10242, #7005, #7341, #7170 ) ) ;
#5440 = ORIENTED_EDGE ( 'NONE', *, *, #9841, .F. ) ;
#5441 = CARTESIAN_POINT ( 'NONE',  ( -0.1440340579563229861, -0.09842519685039369248, 0.3481182829943809121 ) ) ;
#5442 = VECTOR ( 'NONE', #10178, 39.37007874015748143 ) ;
#5443 = EDGE_CURVE ( 'NONE', #2705, #11175, #1845, .T. ) ;
#5444 = ADVANCED_FACE ( 'NONE', ( #9963 ), #4700, .T. ) ;
#5445 = VERTEX_POINT ( 'NONE', #6243 ) ;
#5446 = DIRECTION ( 'NONE',  ( 0.000000000000000000, 0.000000000000000000, 1.000000000000000000 ) ) ;
#5447 = CARTESIAN_POINT ( 'NONE',  ( 0.09055093886913387347, 0.000000000000000000, -0.09842519685039370636 ) ) ;
#5448 = PLANE ( 'NONE',  #3016 ) ;
#5449 = DIRECTION ( 'NONE',  ( 0.000000000000000000, 0.000000000000000000, -1.000000000000000000 ) ) ;
#5450 = VECTOR ( 'NONE', #3216, 39.37007874015748143 ) ;
#5451 = VERTEX_POINT ( 'NONE', #4480 ) ;
#5452 = CARTESIAN_POINT ( 'NONE',  ( -1.325897125061110399E-18, -0.1141732283464566844, 0.3562992125984251746 ) ) ;
#5453 = ORIENTED_EDGE ( 'NONE', *, *, #7116, .T. ) ;
#5454 = EDGE_LOOP ( 'NONE', ( #6372, #2152, #2167, #5440 ) ) ;
#5455 = ORIENTED_EDGE ( 'NONE', *, *, #1669, .T. ) ;
#5456 = EDGE_CURVE ( 'NONE', #3482, #1648, #11229, .T. ) ;
#5457 = VECTOR ( 'NONE', #5208, 39.37007874015748143 ) ;
#5458 = CARTESIAN_POINT ( 'NONE',  ( 0.000000000000000000, 0.04527559055118110520, 0.2342519685039370358 ) ) ;
#5459 = LINE ( 'NONE', #912, #4021 ) ;
#5460 = CARTESIAN_POINT ( 'NONE',  ( -0.1003937007874015630, 0.09842519685039370636, 0.03149606299212795446 ) ) ;
#5461 = DIRECTION ( 'NONE',  ( 1.000000000000000000, 0.000000000000000000, 0.000000000000000000 ) ) ;
#5462 = CARTESIAN_POINT ( 'NONE',  ( -0.09594951366374016022, -0.004724409448818898440, 0.3503937007874015630 ) ) ;
#5463 = CARTESIAN_POINT ( 'NONE',  ( 0.02559055118110237573, 0.04436975472625984823, 0.3930080970366142679 ) ) ;
#5464 = LINE ( 'NONE', #3777, #10846 ) ;
#5465 = ORIENTED_EDGE ( 'NONE', *, *, #4769, .F. ) ;
#5466 = AXIS2_PLACEMENT_3D ( 'NONE', #7893, #4860, #4000 ) ;
#5467 = AXIS2_PLACEMENT_3D ( 'NONE', #1806, #78, #928 ) ;
#5468 = ORIENTED_EDGE ( 'NONE', *, *, #9484, .F. ) ;
#5469 = ORIENTED_EDGE ( 'NONE', *, *, #1832, .F. ) ;
#5470 = CARTESIAN_POINT ( 'NONE',  ( 0.1250000000000000000, 0.009842519685039369942, 0.08661417322834646937 ) ) ;
#5471 = PLANE ( 'NONE',  #8450 ) ;
#5472 = EDGE_CURVE ( 'NONE', #5075, #31, #3718, .T. ) ;
#5473 = FACE_OUTER_BOUND ( 'NONE', #7112, .T. ) ;
#5474 = VECTOR ( 'NONE', #10606, 39.37007874015748143 ) ;
#5475 = FACE_OUTER_BOUND ( 'NONE', #10627, .T. ) ;
#5476 = DIRECTION ( 'NONE',  ( 0.000000000000000000, 0.000000000000000000, -1.000000000000000000 ) ) ;
#5477 = VECTOR ( 'NONE', #3970, 39.37007874015748143 ) ;
#5478 = DIRECTION ( 'NONE',  ( 1.000000000000000000, 0.000000000000000000, 0.000000000000000000 ) ) ;
#5479 = CARTESIAN_POINT ( 'NONE',  ( 0.06482784625098425568, 0.09350393700787401619, 0.2019488096425197110 ) ) ;
#5480 = DIRECTION ( 'NONE',  ( 0.000000000000000000, 0.000000000000000000, 1.000000000000000000 ) ) ;
#5481 = CARTESIAN_POINT ( 'NONE',  ( 0.03703072032902120225, 0.08859340460272251139, 0.1559587566940379699 ) ) ;
#5482 = VERTEX_POINT ( 'NONE', #3664 ) ;
#5483 = APPROVAL ( #2440, 'UNSPECIFIED' ) ;
#5484 = EDGE_CURVE ( 'NONE', #4026, #6874, #5353, .T. ) ;
#5485 =( BOUNDED_SURFACE ( )  B_SPLINE_SURFACE ( 3, 3, ( 
 ( #2514, #5186, #1516, #6884, #4320, #10560, #11430 ),
 ( #5131, #1742, #1573, #8701, #7935, #2400, #3445 ),
 ( #5069, #4151, #4210, #6076, #8644, #10445, #11263 ),
 ( #11484, #653, #6999, #3499, #2456, #6017, #10607 ) ),
 .UNSPECIFIED., .F., .F., .F. ) 
 B_SPLINE_SURFACE_WITH_KNOTS ( ( 4, 4 ),
 ( 4, 1, 1, 1, 4 ),
 ( 0.000000000000000000, 1.000000000000000000 ),
 ( -0.05392712249890999759, 0.000000000000000000, 0.3226775164039000221, 0.6575235521022000373, 0.9590675183168999585 ),
 .UNSPECIFIED. ) 
 GEOMETRIC_REPRESENTATION_ITEM ( )  RATIONAL_B_SPLINE_SURFACE ( (
 ( 1.188263168281000093, 1.188263168281000093, 1.188263168281000093, 1.188263168281000093, 1.188263168281000093, 1.188263168281000093, 1.188263168281000093),
 ( 0.9372456105730999631, 0.9372456105730999631, 0.9372456105730999631, 0.9372456105730999631, 0.9372456105730999631, 0.9372456105730999631, 0.9372456105730999631),
 ( 0.9372456105730999631, 0.9372456105730999631, 0.9372456105730999631, 0.9372456105730999631, 0.9372456105730999631, 0.9372456105730999631, 0.9372456105730999631),
 ( 1.188263168281000093, 1.188263168281000093, 1.188263168281000093, 1.188263168281000093, 1.188263168281000093, 1.188263168281000093, 1.188263168281000093) ) ) 
 REPRESENTATION_ITEM ( '' )  SURFACE ( )  );
#5486 = AXIS2_PLACEMENT_3D ( 'NONE', #1350, #3116, #3864 ) ;
#5487 = ORIENTED_EDGE ( 'NONE', *, *, #7166, .T. ) ;
#5488 = VECTOR ( 'NONE', #2619, 39.37007874015748143 ) ;
#5489 = EDGE_LOOP ( 'NONE', ( #1729, #8261, #9167, #7579, #9114, #10367, #5845, #2753 ) ) ;
#5490 = LINE ( 'NONE', #1707, #7128 ) ;
#5491 = EDGE_CURVE ( 'NONE', #1781, #2792, #10772, .T. ) ;
#5492 = EDGE_CURVE ( 'NONE', #5841, #5234, #70, .T. ) ;
#5493 = CARTESIAN_POINT ( 'NONE',  ( 0.1422251440815793244, -0.08858267716535435377, 0.3468957707501311161 ) ) ;
#5494 = ORIENTED_EDGE ( 'NONE', *, *, #10187, .F. ) ;
#5495 = CARTESIAN_POINT ( 'NONE',  ( 0.000000000000000000, 0.000000000000000000, 0.001811023622047244156 ) ) ;
#5496 = VECTOR ( 'NONE', #2730, 39.37007874015748143 ) ;
#5497 = CARTESIAN_POINT ( 'NONE',  ( -0.02559055118110630661, 0.06299212598425196763, 0.1555118110236220763 ) ) ;
#5498 = DIRECTION ( 'NONE',  ( 1.000000000000000000, 0.000000000000000000, 0.000000000000000000 ) ) ;
#5499 = EDGE_CURVE ( 'NONE', #6117, #1653, #5265, .T. ) ;
#5500 = ORIENTED_EDGE ( 'NONE', *, *, #7945, .F. ) ;
#5501 = ORIENTED_EDGE ( 'NONE', *, *, #9209, .T. ) ;
#5502 = CARTESIAN_POINT ( 'NONE',  ( -0.1393455678156299282, -0.09842519685039370636, 0.3562992125984252301 ) ) ;
#5503 = EDGE_CURVE ( 'NONE', #6588, #1331, #5578, .T. ) ;
#5504 = VECTOR ( 'NONE', #11105, 39.37007874015748143 ) ;
#5505 = ADVANCED_FACE ( 'NONE', ( #7397 ), #9797, .F. ) ;
#5506 = VERTEX_POINT ( 'NONE', #4641 ) ;
#5507 = DIRECTION ( 'NONE',  ( 1.000000000000000000, 0.000000000000000000, 0.000000000000000000 ) ) ;
#5508 = DIRECTION ( 'NONE',  ( -0.8285309289389501952, 0.000000000000000000, 0.5599433005149362375 ) ) ;
#5509 = CARTESIAN_POINT ( 'NONE',  ( -0.03294967261228586020, 0.1120773495777011020, 0.02997482647050450644 ) ) ;
#5510 = CARTESIAN_POINT ( 'NONE',  ( 0.1003937007874015630, 0.08070866141732283006, 0.2377952755905511917 ) ) ;
#5511 = EDGE_CURVE ( 'NONE', #8382, #10111, #9905, .T. ) ;
#5512 = ORIENTED_EDGE ( 'NONE', *, *, #2652, .F. ) ;
#5513 = LINE ( 'NONE', #10885, #4628 ) ;
#5514 = EDGE_LOOP ( 'NONE', ( #788, #7940, #10355, #5357 ) ) ;
#5515 = ORIENTED_EDGE ( 'NONE', *, *, #9135, .T. ) ;
#5516 = ORIENTED_EDGE ( 'NONE', *, *, #2369, .T. ) ;
#5517 = CARTESIAN_POINT ( 'NONE',  ( 0.09842519685039370636, 1.205361022782828035E-17, 0.000000000000000000 ) ) ;
#5518 = CARTESIAN_POINT ( 'NONE',  ( 0.1181102362204724532, -0.05118110236220473758, 0.03149606299212598381 ) ) ;
#5519 = DIRECTION ( 'NONE',  ( 1.000000000000000000, 0.000000000000000000, 0.000000000000000000 ) ) ;
#5520 = DIRECTION ( 'NONE',  ( 1.000000000000000000, 0.000000000000000000, 0.000000000000000000 ) ) ;
#5521 = LINE ( 'NONE', #915, #785 ) ;
#5522 = DIRECTION ( 'NONE',  ( 0.000000000000000000, 0.000000000000000000, 1.000000000000000000 ) ) ;
#5523 = DIRECTION ( 'NONE',  ( 1.000000000000000000, 0.000000000000000000, 0.000000000000000000 ) ) ;
#5524 = ORIENTED_EDGE ( 'NONE', *, *, #3149, .T. ) ;
#5525 = EDGE_CURVE ( 'NONE', #1217, #11121, #1720, .T. ) ;
#5526 = DIRECTION ( 'NONE',  ( 0.000000000000000000, 1.000000000000000000, 0.000000000000000000 ) ) ;
#5527 = EDGE_CURVE ( 'NONE', #5830, #9768, #5464, .T. ) ;
#5528 = ORIENTED_EDGE ( 'NONE', *, *, #9209, .F. ) ;
#5529 = EDGE_LOOP ( 'NONE', ( #8015, #8291, #4306, #11237 ) ) ;
#5530 = CARTESIAN_POINT ( 'NONE',  ( 0.1086121000118191737, 0.09713521812975596526, 0.3838582677165355284 ) ) ;
#5531 = VECTOR ( 'NONE', #6463, 39.37007874015748143 ) ;
#5532 = DIRECTION ( 'NONE',  ( 0.000000000000000000, -0.4285714285733245865, 0.9035079029043519006 ) ) ;
#5533 = DIRECTION ( 'NONE',  ( -1.000000000000000000, -1.776356839400250465E-15, 0.000000000000000000 ) ) ;
#5534 = DIRECTION ( 'NONE',  ( 0.000000000000000000, 1.000000000000000000, 0.000000000000000000 ) ) ;
#5535 = FACE_OUTER_BOUND ( 'NONE', #10189, .T. ) ;
#5536 = CARTESIAN_POINT ( 'NONE',  ( -0.04148596327578740056, 0.08858267716535435377, 0.1712598425196850405 ) ) ;
#5537 = CARTESIAN_POINT ( 'NONE',  ( 0.000000000000000000, 0.000000000000000000, 0.02952755905512995105 ) ) ;
#5538 = CARTESIAN_POINT ( 'NONE',  ( 0.1082677165354330728, 0.09842519685039370636, 0.1200787401574803098 ) ) ;
#5539 = PLANE ( 'NONE',  #6917 ) ;
#5540 = ORIENTED_EDGE ( 'NONE', *, *, #1140, .T. ) ;
#5541 = ADVANCED_FACE ( 'NONE', ( #10898 ), #4588, .T. ) ;
#5542 = ORIENTED_EDGE ( 'NONE', *, *, #1609, .F. ) ;
#5543 = VERTEX_POINT ( 'NONE', #10952 ) ;
#5544 = CARTESIAN_POINT ( 'NONE',  ( 0.000000000000000000, 0.08464566929133858497, 0.1574803149606299191 ) ) ;
#5545 = LINE ( 'NONE', #8175, #2693 ) ;
#5546 = B_SPLINE_CURVE_WITH_KNOTS ( 'NONE', 3,
 ( #3024, #1327, #3894, #10138 ),
 .UNSPECIFIED., .F., .F.,
 ( 4, 4 ),
 ( 0.000000000000000000, 1.000000000000000000 ),
 .UNSPECIFIED. ) ;
#5547 = ORIENTED_EDGE ( 'NONE', *, *, #10280, .T. ) ;
#5548 = CARTESIAN_POINT ( 'NONE',  ( -0.1181102362204724532, 0.05905511811023622659, 0.2145669291338582751 ) ) ;
#5549 = LINE ( 'NONE', #4356, #674 ) ;
#5550 = CARTESIAN_POINT ( 'NONE',  ( 0.000000000000000000, 0.06697393403177166749, 0.1953051912896063003 ) ) ;
#5551 = CARTESIAN_POINT ( 'NONE',  ( 0.04058875676251969683, 0.09677998269086614258, 0.02952901614248031742 ) ) ;
#5552 = EDGE_CURVE ( 'NONE', #7612, #7003, #964, .T. ) ;
#5553 = CARTESIAN_POINT ( 'NONE',  ( -0.1082677165354330728, 0.05905511811023622659, 0.05314960629921260116 ) ) ;
#5554 = ORIENTED_EDGE ( 'NONE', *, *, #8289, .T. ) ;
#5555 = DIRECTION ( 'NONE',  ( 1.000000000000000000, 0.000000000000000000, 0.000000000000000000 ) ) ;
#5556 = CARTESIAN_POINT ( 'NONE',  ( 0.02559055118110236879, 0.04527559055118110520, 0.2256302287515748461 ) ) ;
#5557 = ORIENTED_EDGE ( 'NONE', *, *, #7151, .F. ) ;
#5558 = CARTESIAN_POINT ( 'NONE',  ( 0.1082677165354330728, -0.08070866141732283006, 0.09055118110236221041 ) ) ;
#5559 = ADVANCED_FACE ( 'NONE', ( #4533 ), #8102, .T. ) ;
#5560 = DIRECTION ( 'NONE',  ( 0.000000000000000000, 0.000000000000000000, -1.000000000000000000 ) ) ;
#5561 = CARTESIAN_POINT ( 'NONE',  ( -0.03311668566156824450, 0.09537004176052292503, 0.02948742957117764588 ) ) ;
#5562 = CARTESIAN_POINT ( 'NONE',  ( -0.1082677165354330728, 0.03937007874015484299, 0.3188976377952755792 ) ) ;
#5563 = VERTEX_POINT ( 'NONE', #6642 ) ;
#5564 = CARTESIAN_POINT ( 'NONE',  ( -0.1082677165354330728, 0.0009842519685039369942, 0.3169291338582677642 ) ) ;
#5565 = ORIENTED_EDGE ( 'NONE', *, *, #7795, .T. ) ;
#5566 = AXIS2_PLACEMENT_3D ( 'NONE', #1730, #5287, #8854 ) ;
#5567 = ORIENTED_EDGE ( 'NONE', *, *, #9671, .T. ) ;
#5568 = ORIENTED_EDGE ( 'NONE', *, *, #2706, .F. ) ;
#5569 = CARTESIAN_POINT ( 'NONE',  ( 0.1181102362204724532, 0.0009842519685039369942, 0.3169291338582677642 ) ) ;
#5570 = ADVANCED_FACE ( 'NONE', ( #6761 ), #11188, .T. ) ;
#5571 = CARTESIAN_POINT ( 'NONE',  ( 0.1258669435951181304, -0.09548460732795277517, 0.2165220839950000586 ) ) ;
#5572 = DIRECTION ( 'NONE',  ( 0.5599433005142223641, 0.000000000000000000, 0.8285309289394328092 ) ) ;
#5573 = CARTESIAN_POINT ( 'NONE',  ( 0.02559055118110236879, 0.09888321297133859100, 0.1712598425196850405 ) ) ;
#5574 = CARTESIAN_POINT ( 'NONE',  ( -0.02558283220313511616, 0.09472723263649619752, 0.3484251968503938035 ) ) ;
#5575 = VECTOR ( 'NONE', #8071, 39.37007874015748143 ) ;
#5576 = CIRCLE ( 'NONE', #2041, 0.007874015748031495954 ) ;
#5577 = CYLINDRICAL_SURFACE ( 'NONE', #7604, 0.01574803149606296415 ) ;
#5578 = LINE ( 'NONE', #7335, #9545 ) ;
#5579 = ORIENTED_EDGE ( 'NONE', *, *, #10456, .F. ) ;
#5580 = DIRECTION ( 'NONE',  ( 0.000000000000000000, 0.000000000000000000, 1.000000000000000000 ) ) ;
#5581 = ORIENTED_EDGE ( 'NONE', *, *, #300, .F. ) ;
#5582 = ORIENTED_EDGE ( 'NONE', *, *, #3577, .F. ) ;
#5584 = MANIFOLD_SOLID_BREP ( 'Combine1', #10967 ) ;
#5583 = VERTEX_POINT ( 'NONE', #6695 ) ;
#5585 = DIRECTION ( 'NONE',  ( 0.000000000000000000, -1.000000000000000000, 0.000000000000000000 ) ) ;
#5586 = CIRCLE ( 'NONE', #6163, 0.01377952755905510404 ) ;
#5587 = PLANE ( 'NONE',  #8638 ) ;
#5588 = CARTESIAN_POINT ( 'NONE',  ( 0.09842519685039370636, 0.09842519685039370636, 0.4330708661417322913 ) ) ;
#5589 = EDGE_CURVE ( 'NONE', #3048, #2627, #5546, .T. ) ;
#5590 = ADVANCED_FACE ( 'NONE', ( #11016 ), #5707, .T. ) ;
#5591 = FACE_OUTER_BOUND ( 'NONE', #5150, .T. ) ;
#5592 = PLANE ( 'NONE',  #5660 ) ;
#5593 = PLANE ( 'NONE',  #9897 ) ;
#5594 = DIRECTION ( 'NONE',  ( -1.000000000000000000, 0.000000000000000000, 0.000000000000000000 ) ) ;
#5595 = DIRECTION ( 'NONE',  ( 0.8141000209730209214, 0.000000000000000000, -0.5807246816278149870 ) ) ;
#5596 = VECTOR ( 'NONE', #81, 39.37007874015748143 ) ;
#5597 = ORIENTED_EDGE ( 'NONE', *, *, #3796, .T. ) ;
#5598 = VECTOR ( 'NONE', #6826, 39.37007874015748143 ) ;
#5599 = CARTESIAN_POINT ( 'NONE',  ( 0.1188309513608661327, -0.07992093849232284608, 0.2165354000133858370 ) ) ;
#5600 = EDGE_LOOP ( 'NONE', ( #10611, #7188, #2133, #1591 ) ) ;
#5601 = CARTESIAN_POINT ( 'NONE',  ( 0.1181102362204724532, -0.05905511811023622659, 0.1023622047244094752 ) ) ;
#5602 = VECTOR ( 'NONE', #11374, 39.37007874015748143 ) ;
#5603 = DIRECTION ( 'NONE',  ( 0.2275011753996300234, 0.000000000000000000, 0.9737778058632198253 ) ) ;
#5604 = B_SPLINE_CURVE_WITH_KNOTS ( 'NONE', 3,
 ( #1365, #7673, #11168, #3245 ),
 .UNSPECIFIED., .F., .F.,
 ( 4, 4 ),
 ( 0.000000000000000000, 1.000000000000000000 ),
 .UNSPECIFIED. ) ;
#5605 = EDGE_CURVE ( 'NONE', #4052, #3555, #6207, .T. ) ;
#5606 = ORIENTED_EDGE ( 'NONE', *, *, #5814, .F. ) ;
#5607 = CARTESIAN_POINT ( 'NONE',  ( -0.1297463131434462846, -0.09842519685039370636, 0.3384622439643299452 ) ) ;
#5608 = DIRECTION ( 'NONE',  ( 0.000000000000000000, -1.000000000000000000, 0.000000000000000000 ) ) ;
#5609 = DIRECTION ( 'NONE',  ( 0.000000000000000000, 0.000000000000000000, 1.000000000000000000 ) ) ;
#5610 = LINE ( 'NONE', #1118, #2803 ) ;
#5611 = CARTESIAN_POINT ( 'NONE',  ( 0.02599221456835828017, 0.1068693139516535967, 0.02801159749559054696 ) ) ;
#5612 = DIRECTION ( 'NONE',  ( 0.000000000000000000, 0.000000000000000000, -1.000000000000000000 ) ) ;
#5613 = ORIENTED_EDGE ( 'NONE', *, *, #5417, .T. ) ;
#5614 = CARTESIAN_POINT ( 'NONE',  ( 0.1428063554290973924, -0.09842519685039370636, 0.1841537371050379901 ) ) ;
#5615 = AXIS2_PLACEMENT_3D ( 'NONE', #8893, #8014, #5498 ) ;
#5616 = VERTEX_POINT ( 'NONE', #8391 ) ;
#5617 = ORIENTED_EDGE ( 'NONE', *, *, #8105, .T. ) ;
#5618 = CARTESIAN_POINT ( 'NONE',  ( -0.1082677165354330728, 0.08267716535433072833, 0.3777952755905512605 ) ) ;
#5619 = LINE ( 'NONE', #3935, #820 ) ;
#5620 = EDGE_CURVE ( 'NONE', #439, #3352, #2960, .T. ) ;
#5621 = VERTEX_POINT ( 'NONE', #2146 ) ;
#5622 = AXIS2_PLACEMENT_3D ( 'NONE', #4135, #11076, #5888 ) ;
#5623 = CARTESIAN_POINT ( 'NONE',  ( -0.1181102362204724532, -0.05905511811023622659, 0.2992125984251968740 ) ) ;
#5624 = CARTESIAN_POINT ( 'NONE',  ( 0.1244670245173621903, -0.08267716535433072833, 0.1771653543307087075 ) ) ;
#5625 = CARTESIAN_POINT ( 'NONE',  ( -0.02789921333143885462, 0.09698859601672896180, 0.03223038803878394698 ) ) ;
#5626 = CYLINDRICAL_SURFACE ( 'NONE', #6178, 0.06102362204724411099 ) ;
#5627 = EDGE_CURVE ( 'NONE', #10632, #10083, #2201, .T. ) ;
#5628 = PLANE ( 'NONE',  #5002 ) ;
#5629 = DIRECTION ( 'NONE',  ( 1.000000000000000000, 0.000000000000000000, 0.000000000000000000 ) ) ;
#5630 = VERTEX_POINT ( 'NONE', #11130 ) ;
#5631 = AXIS2_PLACEMENT_3D ( 'NONE', #5824, #4072, #4816 ) ;
#5632 = ADVANCED_FACE ( 'NONE', ( #3089 ), #9200, .F. ) ;
#5633 = ORIENTED_EDGE ( 'NONE', *, *, #2303, .F. ) ;
#5634 = ORIENTED_EDGE ( 'NONE', *, *, #8009, .T. ) ;
#5635 = ADVANCED_FACE ( 'NONE', ( #3145 ), #1441, .F. ) ;
#5636 = DIRECTION ( 'NONE',  ( 1.000000000000000000, 1.534815507655786129E-12, 0.000000000000000000 ) ) ;
#5637 = DIRECTION ( 'NONE',  ( 0.000000000000000000, 0.000000000000000000, -1.000000000000000000 ) ) ;
#5638 = DIRECTION ( 'NONE',  ( 0.000000000000000000, -1.000000000000000000, 0.000000000000000000 ) ) ;
#5639 = DIRECTION ( 'NONE',  ( -1.000000000000000000, 0.000000000000000000, 0.000000000000000000 ) ) ;
#5640 = VECTOR ( 'NONE', #9297, 39.37007874015748143 ) ;
#5641 = CARTESIAN_POINT ( 'NONE',  ( -0.1313389175166385925, -0.08858267716535435377, 0.2016895358812890171 ) ) ;
#5642 = DIRECTION ( 'NONE',  ( 0.000000000000000000, 0.000000000000000000, 1.000000000000000000 ) ) ;
#5643 = PLANE ( 'NONE',  #5631 ) ;
#5644 = ORIENTED_EDGE ( 'NONE', *, *, #1383, .F. ) ;
#5645 = LINE ( 'NONE', #9203, #5957 ) ;
#5646 = ORIENTED_EDGE ( 'NONE', *, *, #10035, .F. ) ;
#5647 = ORIENTED_EDGE ( 'NONE', *, *, #10909, .T. ) ;
#5648 = CARTESIAN_POINT ( 'NONE',  ( -0.1082677165354330728, 0.05905511811023622659, 0.08858267716535435377 ) ) ;
#5649 = VERTEX_POINT ( 'NONE', #6582 ) ;
#5650 = AXIS2_PLACEMENT_3D ( 'NONE', #4541, #6134, #6302 ) ;
#5651 = CARTESIAN_POINT ( 'NONE',  ( 0.1181102362204724532, 0.08267716535433072833, 0.3838582677165355284 ) ) ;
#5652 = CARTESIAN_POINT ( 'NONE',  ( -0.04132303292562992947, 0.09887458335515747487, 0.3484251968503936925 ) ) ;
#5653 = EDGE_LOOP ( 'NONE', ( #2385, #6684, #7635, #10297 ) ) ;
#5654 = ADVANCED_FACE ( 'NONE', ( #523 ), #5643, .T. ) ;
#5655 = DIRECTION ( 'NONE',  ( 0.000000000000000000, -1.000000000000000000, 0.000000000000000000 ) ) ;
#5656 = LINE ( 'NONE', #8344, #7550 ) ;
#5657 = CARTESIAN_POINT ( 'NONE',  ( -0.1393455678156299282, -0.08858267716535435377, 0.3129921259842520231 ) ) ;
#5658 = DIRECTION ( 'NONE',  ( -1.000000000000000000, 0.000000000000000000, 0.000000000000000000 ) ) ;
#5659 = CARTESIAN_POINT ( 'NONE',  ( -0.1082677165354330728, 0.000000000000000000, 0.2362204724409449064 ) ) ;
#5660 = AXIS2_PLACEMENT_3D ( 'NONE', #7467, #421, #5775 ) ;
#5661 = ORIENTED_EDGE ( 'NONE', *, *, #461, .F. ) ;
#5662 = ADVANCED_FACE ( 'NONE', ( #3958 ), #2325, .F. ) ;
#5663 = EDGE_CURVE ( 'NONE', #8433, #4761, #5760, .T. ) ;
#5664 = CARTESIAN_POINT ( 'NONE',  ( -0.1427909053053543209, -0.08858267716535435377, 0.05823368374838583383 ) ) ;
#5665 = ORIENTED_EDGE ( 'NONE', *, *, #7571, .T. ) ;
#5666 = DIRECTION ( 'NONE',  ( 0.000000000000000000, 0.000000000000000000, -1.000000000000000000 ) ) ;
#5667 = AXIS2_PLACEMENT_3D ( 'NONE', #2902, #3020, #11072 ) ;
#5668 = VECTOR ( 'NONE', #4557, 39.37007874015748854 ) ;
#5669 = FACE_OUTER_BOUND ( 'NONE', #8074, .T. ) ;
#5670 = EDGE_LOOP ( 'NONE', ( #7057, #8460, #9909, #7145 ) ) ;
#5671 = CARTESIAN_POINT ( 'NONE',  ( -0.1082677165354331006, 0.08464566929133858497, 0.1122047244094488277 ) ) ;
#5672 = DIRECTION ( 'NONE',  ( 0.000000000000000000, 0.000000000000000000, 1.000000000000000000 ) ) ;
#5673 = PLANE ( 'NONE',  #10365 ) ;
#5674 = CARTESIAN_POINT ( 'NONE',  ( -0.09051437083081437240, -0.002589382120906392418, -0.09842519685038741972 ) ) ;
#5675 = CARTESIAN_POINT ( 'NONE',  ( 0.03348012440227558784, 0.09985988580795275571, 0.02856745236640946192 ) ) ;
#5676 = EDGE_LOOP ( 'NONE', ( #642, #11418, #6823, #553 ) ) ;
#5677 = LINE ( 'NONE', #265, #8921 ) ;
#5678 = AXIS2_PLACEMENT_3D ( 'NONE', #4490, #3622, #10621 ) ;
#5679 = VECTOR ( 'NONE', #8878, 39.37007874015748143 ) ;
#5680 = EDGE_CURVE ( 'NONE', #1719, #10203, #10256, .T. ) ;
#5681 = EDGE_CURVE ( 'NONE', #9708, #9815, #5438, .T. ) ;
#5682 = VERTEX_POINT ( 'NONE', #10319 ) ;
#5683 = VERTEX_POINT ( 'NONE', #1211 ) ;
#5684 = FACE_BOUND ( 'NONE', #8635, .T. ) ;
#5685 = CARTESIAN_POINT ( 'NONE',  ( 0.1131889763779527630, 0.05905511811023622659, 0.3169291338582677642 ) ) ;
#5686 = EDGE_LOOP ( 'NONE', ( #2880, #1912, #6951, #3421, #9666, #6038 ) ) ;
#5687 = VECTOR ( 'NONE', #1001, 39.37007874015748143 ) ;
#5688 = VECTOR ( 'NONE', #6400, 39.37007874015748143 ) ;
#5689 = DIRECTION ( 'NONE',  ( 1.000000000000000000, 0.000000000000000000, 0.000000000000000000 ) ) ;
#5690 = CARTESIAN_POINT ( 'NONE',  ( -1.325897125061111362E-18, -0.1141732283464566844, 0.1200787401574803098 ) ) ;
#5691 = CARTESIAN_POINT ( 'NONE',  ( -0.02746854154015261271, 0.09868809145161017149, 0.03147704766747700528 ) ) ;
#5692 = DIRECTION ( 'NONE',  ( 0.000000000000000000, -1.000000000000000000, 0.000000000000000000 ) ) ;
#5693 = VERTEX_POINT ( 'NONE', #4760 ) ;
#5694 = LINE ( 'NONE', #2191, #3716 ) ;
#5695 = EDGE_CURVE ( 'NONE', #4791, #5087, #3265, .T. ) ;
#5696 = VECTOR ( 'NONE', #10224, 39.37007874015748143 ) ;
#5697 = ORIENTED_EDGE ( 'NONE', *, *, #728, .T. ) ;
#5698 = EDGE_LOOP ( 'NONE', ( #965, #3029, #5090, #8322 ) ) ;
#5699 = EDGE_LOOP ( 'NONE', ( #7514, #5013, #8090, #8719, #8910, #9470, #7939, #4999 ) ) ;
#5700 = PLANE ( 'NONE',  #9415 ) ;
#5701 = CARTESIAN_POINT ( 'NONE',  ( -0.1059055118110236310, 0.08858267716535435377, 0.03149606299212598381 ) ) ;
#5702 = CARTESIAN_POINT ( 'NONE',  ( -0.03725244291544056036, 0.08862185990822324388, 0.02993023051382444691 ) ) ;
#5703 = CARTESIAN_POINT ( 'NONE',  ( -0.1082677165354330728, 0.000000000000000000, 0.05511811023622047861 ) ) ;
#5704 = CARTESIAN_POINT ( 'NONE',  ( 0.1238369883465704341, -0.08858267716535433989, 0.3562992125984252856 ) ) ;
#5705 = EDGE_CURVE ( 'NONE', #6617, #8891, #9494, .T. ) ;
#5706 = DIRECTION ( 'NONE',  ( 1.000000000000000000, 0.000000000000000000, 0.000000000000000000 ) ) ;
#5707 = CYLINDRICAL_SURFACE ( 'NONE', #7494, 0.007874015748031482076 ) ;
#5708 = ORIENTED_EDGE ( 'NONE', *, *, #1862, .T. ) ;
#5709 = ORIENTED_EDGE ( 'NONE', *, *, #1285, .F. ) ;
#5710 = DIRECTION ( 'NONE',  ( 0.8285309289389501952, 0.000000000000000000, -0.5599433005149362375 ) ) ;
#5711 = EDGE_CURVE ( 'NONE', #4428, #11164, #6816, .T. ) ;
#5712 = ORIENTED_EDGE ( 'NONE', *, *, #10658, .T. ) ;
#5713 = VERTEX_POINT ( 'NONE', #637 ) ;
#5714 = VERTEX_POINT ( 'NONE', #4194 ) ;
#5715 = CARTESIAN_POINT ( 'NONE',  ( -0.1082677165354330728, -0.06692913385826770867, 0.05118110236220473758 ) ) ;
#5716 = DIRECTION ( 'NONE',  ( 0.000000000000000000, 0.000000000000000000, -1.000000000000000000 ) ) ;
#5717 = DIRECTION ( 'NONE',  ( 0.000000000000000000, 1.000000000000000000, 0.000000000000000000 ) ) ;
#5718 = DIRECTION ( 'NONE',  ( -1.000000000000000000, 0.000000000000000000, 0.000000000000000000 ) ) ;
#5719 = DIRECTION ( 'NONE',  ( 0.000000000000000000, 1.000000000000000000, 0.000000000000000000 ) ) ;
#5720 = CARTESIAN_POINT ( 'NONE',  ( 0.1236757535933132174, -0.09842519685039366473, 0.3562992125984252856 ) ) ;
#5721 = EDGE_CURVE ( 'NONE', #8356, #1091, #11037, .T. ) ;
#5722 = CARTESIAN_POINT ( 'NONE',  ( -0.07283464566929039041, 0.08464566929133858497, 6.777766143804482276E-16 ) ) ;
#5723 = ORIENTED_EDGE ( 'NONE', *, *, #3562, .F. ) ;
#5724 = LINE ( 'NONE', #11034, #1855 ) ;
#5725 = VERTEX_POINT ( 'NONE', #3527 ) ;
#5726 = CARTESIAN_POINT ( 'NONE',  ( -0.1449020737449485674, -0.08858267716535438152, 0.3187165545473502060 ) ) ;
#5727 = CARTESIAN_POINT ( 'NONE',  ( 0.01929276175359633319, -0.09659993411341195879, 0.3459752527860176508 ) ) ;
#5728 = ORIENTED_EDGE ( 'NONE', *, *, #3430, .F. ) ;
#5729 = DIRECTION ( 'NONE',  ( -1.000000000000000000, 0.000000000000000000, 0.000000000000000000 ) ) ;
#5730 = FACE_OUTER_BOUND ( 'NONE', #7755, .T. ) ;
#5731 = EDGE_CURVE ( 'NONE', #6285, #1866, #7198, .T. ) ;
#5732 = CIRCLE ( 'NONE', #9271, 0.003856965870551185352 ) ;
#5733 = CARTESIAN_POINT ( 'NONE',  ( -0.03187986194529682238, 0.08835860726089252160, 0.3357954787600412327 ) ) ;
#5734 = DIRECTION ( 'NONE',  ( 0.000000000000000000, 0.000000000000000000, 1.000000000000000000 ) ) ;
#5735 = CARTESIAN_POINT ( 'NONE',  ( 0.02646866613381101963, 0.1068449176934252176, 0.02801236479804332033 ) ) ;
#5736 = VERTEX_POINT ( 'NONE', #10752 ) ;
#5737 = DIRECTION ( 'NONE',  ( 1.000000000000000000, 0.000000000000000000, 0.000000000000000000 ) ) ;
#5738 = ORIENTED_EDGE ( 'NONE', *, *, #264, .F. ) ;
#5739 = ORIENTED_EDGE ( 'NONE', *, *, #1250, .T. ) ;
#5740 = DIRECTION ( 'NONE',  ( 1.000000000000000000, -8.857233590795463575E-16, 0.000000000000000000 ) ) ;
#5741 = CARTESIAN_POINT ( 'NONE',  ( -0.09594951366374016022, -0.004724409448818898440, 0.05432866131531496889 ) ) ;
#5742 = ORIENTED_EDGE ( 'NONE', *, *, #10583, .T. ) ;
#5743 = LINE ( 'NONE', #9302, #7719 ) ;
#5744 = EDGE_CURVE ( 'NONE', #7191, #6633, #154, .T. ) ;
#5745 = EDGE_CURVE ( 'NONE', #4027, #7898, #104, .T. ) ;
#5746 = CARTESIAN_POINT ( 'NONE',  ( 1.687505431895959881E-19, -0.1220472440944882220, 0.09842519685039370636 ) ) ;
#5747 = CARTESIAN_POINT ( 'NONE',  ( -0.02555222696265912682, 0.09606663634841400290, 0.03785057278923117247 ) ) ;
#5748 = LINE ( 'NONE', #1428, #1132 ) ;
#5749 = DIRECTION ( 'NONE',  ( 0.000000000000000000, 1.000000000000000000, 0.000000000000000000 ) ) ;
#5750 = LINE ( 'NONE', #4867, #750 ) ;
#5751 = ORIENTED_EDGE ( 'NONE', *, *, #4618, .F. ) ;
#5752 = ORIENTED_EDGE ( 'NONE', *, *, #9657, .F. ) ;
#5753 = CARTESIAN_POINT ( 'NONE',  ( -0.06338582677165355284, 0.08464566929133858497, 0.08464566929133858497 ) ) ;
#5754 = ADVANCED_FACE ( 'NONE', ( #6275 ), #5384, .F. ) ;
#5755 = DIRECTION ( 'NONE',  ( 1.000000000000000000, 0.000000000000000000, 0.000000000000000000 ) ) ;
#5756 = DIRECTION ( 'NONE',  ( 0.000000000000000000, 0.000000000000000000, 1.000000000000000000 ) ) ;
#5757 = LINE ( 'NONE', #2322, #1706 ) ;
#5758 = DIRECTION ( 'NONE',  ( 0.000000000000000000, 1.000000000000000000, 0.000000000000000000 ) ) ;
#5759 = LINE ( 'NONE', #9046, #7653 ) ;
#5760 = LINE ( 'NONE', #9322, #4507 ) ;
#5761 = ORIENTED_EDGE ( 'NONE', *, *, #8187, .F. ) ;
#5762 = ORIENTED_EDGE ( 'NONE', *, *, #8274, .T. ) ;
#5763 = FACE_OUTER_BOUND ( 'NONE', #4115, .T. ) ;
#5764 = VERTEX_POINT ( 'NONE', #4617 ) ;
#5765 = ORIENTED_EDGE ( 'NONE', *, *, #10762, .F. ) ;
#5766 = VERTEX_POINT ( 'NONE', #11515 ) ;
#5767 = EDGE_LOOP ( 'NONE', ( #5359, #9773, #2478, #8104 ) ) ;
#5768 = CARTESIAN_POINT ( 'NONE',  ( -0.1181102362204724532, 0.05905511811023622659, 0.1968503937007874127 ) ) ;
#5769 = CYLINDRICAL_SURFACE ( 'NONE', #1737, 0.005905511811023620231 ) ;
#5770 = VECTOR ( 'NONE', #10949, 39.37007874015748143 ) ;
#5771 = CARTESIAN_POINT ( 'NONE',  ( -0.01133147030765540263, -0.09785374651725546602, 0.07913354324292246056 ) ) ;
#5772 = CIRCLE ( 'NONE', #8570, 0.02362204724409448092 ) ;
#5773 = EDGE_CURVE ( 'NONE', #10378, #4978, #4568, .T. ) ;
#5774 = CARTESIAN_POINT ( 'NONE',  ( 0.1082677165354330728, 0.0009842519685039369942, 0.3838582677165355284 ) ) ;
#5775 = DIRECTION ( 'NONE',  ( 0.000000000000000000, 0.000000000000000000, -1.000000000000000000 ) ) ;
#5776 = PLANE ( 'NONE',  #1519 ) ;
#5777 = DIRECTION ( 'NONE',  ( 0.000000000000000000, -0.7318681006977934000, 0.6814463171673939001 ) ) ;
#5778 = APPLICATION_CONTEXT ( 'configuration controlled 3d designs of mechanical parts and assemblies' ) ;
#5779 = ORIENTED_EDGE ( 'NONE', *, *, #7637, .F. ) ;
#5780 = VECTOR ( 'NONE', #790, 39.37007874015748143 ) ;
#5781 = VECTOR ( 'NONE', #5608, 39.37007874015748143 ) ;
#5782 = B_SPLINE_CURVE_WITH_KNOTS ( 'NONE', 3,
 ( #4146, #8639, #649, #5953, #8581, #4206 ),
 .UNSPECIFIED., .F., .F.,
 ( 4, 2, 4 ),
 ( 0.000000000000000000, 0.5000000000000000000, 1.000000000000000000 ),
 .UNSPECIFIED. ) ;
#5783 = DIRECTION ( 'NONE',  ( 0.000000000000000000, -1.000000000000000000, 0.000000000000000000 ) ) ;
#5784 = ORIENTED_EDGE ( 'NONE', *, *, #1533, .T. ) ;
#5785 = EDGE_CURVE ( 'NONE', #10142, #10884, #4511, .T. ) ;
#5786 = CARTESIAN_POINT ( 'NONE',  ( -0.05682104683267743400, 0.09842519685039370636, 0.04169289487557367030 ) ) ;
#5787 = CARTESIAN_POINT ( 'NONE',  ( -0.03149606299212598381, 0.09842519685039370636, 0.2106299212598425064 ) ) ;
#5788 = EDGE_CURVE ( 'NONE', #7978, #10052, #2656, .T. ) ;
#5789 = DIRECTION ( 'NONE',  ( 1.000000000000000000, 0.000000000000000000, 0.000000000000000000 ) ) ;
#5790 = AXIS2_PLACEMENT_3D ( 'NONE', #10348, #5972, #2358 ) ;
#5791 = CARTESIAN_POINT ( 'NONE',  ( 0.1082677165354330728, -0.02362204724409448092, 0.05314960629921260116 ) ) ;
#5792 = VECTOR ( 'NONE', #9619, 39.37007874015748143 ) ;
#5793 = DIRECTION ( 'NONE',  ( -0.000000000000000000, -0.000000000000000000, -1.000000000000000000 ) ) ;
#5794 = CARTESIAN_POINT ( 'NONE',  ( 0.1003937007874015908, 0.09842519685039370636, 0.1102362204724409434 ) ) ;
#5795 = ORIENTED_EDGE ( 'NONE', *, *, #2299, .F. ) ;
#5796 = DIRECTION ( 'NONE',  ( -1.000000000000000000, 0.000000000000000000, 0.000000000000000000 ) ) ;
#5797 = ORIENTED_EDGE ( 'NONE', *, *, #8106, .F. ) ;
#5798 = VERTEX_POINT ( 'NONE', #1067 ) ;
#5799 = CIRCLE ( 'NONE', #3932, 0.01771653543307086243 ) ;
#5800 = EDGE_CURVE ( 'NONE', #6644, #9187, #7355, .T. ) ;
#5801 = VECTOR ( 'NONE', #5168, 39.37007874015748143 ) ;
#5802 = CARTESIAN_POINT ( 'NONE',  ( -0.02559055118110236879, 0.05216292877700969693, 0.3660023665961456008 ) ) ;
#5803 = CARTESIAN_POINT ( 'NONE',  ( 0.1082677165354330728, 0.03937007874015484299, 0.3188976377952755792 ) ) ;
#5804 = ORIENTED_EDGE ( 'NONE', *, *, #9531, .T. ) ;
#5805 = CARTESIAN_POINT ( 'NONE',  ( 0.04133598451196850154, 0.09842519685039370636, 0.3326771655686600049 ) ) ;
#5806 = FACE_OUTER_BOUND ( 'NONE', #3480, .T. ) ;
#5807 = CARTESIAN_POINT ( 'NONE',  ( -0.02554061396236022990, 0.09355111192947877796, 0.04109181416186986902 ) ) ;
#5808 = AXIS2_PLACEMENT_3D ( 'NONE', #5462, #8151, #8209 ) ;
#5809 = CARTESIAN_POINT ( 'NONE',  ( -0.1082677165354331006, -0.01968503937007873988, 0.3503937007874015630 ) ) ;
#5810 = ORIENTED_EDGE ( 'NONE', *, *, #7860, .T. ) ;
#5811 = DIRECTION ( 'NONE',  ( 0.000000000000000000, 1.000000000000000000, 0.000000000000000000 ) ) ;
#5812 = ORIENTED_EDGE ( 'NONE', *, *, #11057, .F. ) ;
#5813 = ADVANCED_FACE ( 'NONE', ( #10647 ), #9770, .T. ) ;
#5814 = EDGE_CURVE ( 'NONE', #9187, #3076, #897, .T. ) ;
#5815 = EDGE_LOOP ( 'NONE', ( #6919, #10180, #11417, #2365 ) ) ;
#5816 = ORIENTED_EDGE ( 'NONE', *, *, #7743, .F. ) ;
#5817 = VECTOR ( 'NONE', #5927, 39.37007874015748143 ) ;
#5818 = FACE_OUTER_BOUND ( 'NONE', #3208, .T. ) ;
#5819 = CARTESIAN_POINT ( 'NONE',  ( -0.02547301773297698524, 0.09635576740322435163, 0.03737788473770011638 ) ) ;
#5820 = CARTESIAN_POINT ( 'NONE',  ( 0.000000000000000000, 0.08858267716535435377, 0.1555118110236220763 ) ) ;
#5821 = CARTESIAN_POINT ( 'NONE',  ( 0.04024361476522682335, 0.09734030190256733051, 0.02952755943277496353 ) ) ;
#5822 = DIRECTION ( 'NONE',  ( 0.000000000000000000, 0.000000000000000000, -1.000000000000000000 ) ) ;
#5823 = CARTESIAN_POINT ( 'NONE',  ( 0.1082677165354330728, 0.000000000000000000, 0.05118110236220473758 ) ) ;
#5824 = CARTESIAN_POINT ( 'NONE',  ( 0.000000000000000000, 0.04436975472625984823, 0.3930080970366142679 ) ) ;
#5825 = CIRCLE ( 'NONE', #9914, 0.007874015748031499423 ) ;
#5826 = ORIENTED_EDGE ( 'NONE', *, *, #5215, .T. ) ;
#5827 = EDGE_LOOP ( 'NONE', ( #5216, #9442 ) ) ;
#5828 = DIRECTION ( 'NONE',  ( 0.000000000000000000, -1.000000000000000000, 0.000000000000000000 ) ) ;
#5829 = ORIENTED_EDGE ( 'NONE', *, *, #7927, .T. ) ;
#5830 = VERTEX_POINT ( 'NONE', #8020 ) ;
#5831 = EDGE_CURVE ( 'NONE', #4794, #1024, #3756, .T. ) ;
#5832 = ORIENTED_EDGE ( 'NONE', *, *, #5499, .T. ) ;
#5833 = ORIENTED_EDGE ( 'NONE', *, *, #3370, .T. ) ;
#5834 = CARTESIAN_POINT ( 'NONE',  ( -0.1181102362204724671, -0.05905511811023623353, 0.3838582677165355284 ) ) ;
#5835 = CARTESIAN_POINT ( 'NONE',  ( -0.1131889763779527630, -0.05905511811023622659, 0.04330708661417323468 ) ) ;
#5836 = DIRECTION ( 'NONE',  ( 0.000000000000000000, 0.000000000000000000, -1.000000000000000000 ) ) ;
#5837 = LINE ( 'NONE', #6594, #105 ) ;
#5838 = DIRECTION ( 'NONE',  ( -1.000000000000000000, 0.000000000000000000, 0.000000000000000000 ) ) ;
#5839 = DIRECTION ( 'NONE',  ( 1.000000000000000000, 0.000000000000000000, 0.000000000000000000 ) ) ;
#5840 = CARTESIAN_POINT ( 'NONE',  ( -0.1131272182271357840, 0.09417644984132059194, 0.3838582677165355284 ) ) ;
#5841 = VERTEX_POINT ( 'NONE', #10810 ) ;
#5842 = AXIS2_PLACEMENT_3D ( 'NONE', #6196, #2688, #5360 ) ;
#5843 = EDGE_CURVE ( 'NONE', #2766, #10755, #3586, .T. ) ;
#5844 = DIRECTION ( 'NONE',  ( 1.000000000000000000, 0.000000000000000000, 0.000000000000000000 ) ) ;
#5845 = ORIENTED_EDGE ( 'NONE', *, *, #5456, .F. ) ;
#5846 = CARTESIAN_POINT ( 'NONE',  ( 0.07283464566929231943, 0.09842519685039370636, 0.2362204724409447953 ) ) ;
#5847 = DIRECTION ( 'NONE',  ( -1.000000000000000000, 0.000000000000000000, 0.000000000000000000 ) ) ;
#5848 = DIRECTION ( 'NONE',  ( 0.000000000000000000, -1.000000000000000000, 0.000000000000000000 ) ) ;
#5849 = VECTOR ( 'NONE', #9675, 39.37007874015748143 ) ;
#5850 = DIRECTION ( 'NONE',  ( 0.000000000000000000, 0.000000000000000000, 1.000000000000000000 ) ) ;
#5851 = CARTESIAN_POINT ( 'NONE',  ( -0.02558283220313263898, 0.08314926127263774780, 0.3484251968503936370 ) ) ;
#5852 = FACE_OUTER_BOUND ( 'NONE', #7088, .T. ) ;
#5853 = EDGE_CURVE ( 'NONE', #1180, #3212, #6246, .T. ) ;
#5854 = ORIENTED_EDGE ( 'NONE', *, *, #1006, .T. ) ;
#5855 = CARTESIAN_POINT ( 'NONE',  ( -0.03149606299212751731, 0.05226739388721071689, 0.3267716535433071168 ) ) ;
#5856 = ADVANCED_FACE ( 'NONE', ( #9996 ), #5277, .F. ) ;
#5857 = VECTOR ( 'NONE', #10849, 39.37007874015748854 ) ;
#5858 = ORIENTED_EDGE ( 'NONE', *, *, #7343, .T. ) ;
#5859 = VECTOR ( 'NONE', #787, 39.37007874015748143 ) ;
#5860 = ORIENTED_EDGE ( 'NONE', *, *, #290, .F. ) ;
#5861 = CARTESIAN_POINT ( 'NONE',  ( -0.1064850297291204950, 0.09842519685039372024, 0.2854330708661417249 ) ) ;
#5862 = PLANE ( 'NONE',  #3249 ) ;
#5863 = ORIENTED_EDGE ( 'NONE', *, *, #1461, .T. ) ;
#5864 = CARTESIAN_POINT ( 'NONE',  ( 0.000000000000000000, 0.08858267716535435377, 0.1555118110782283680 ) ) ;
#5865 = CIRCLE ( 'NONE', #10698, 0.007874015748031482076 ) ;
#5866 = CARTESIAN_POINT ( 'NONE',  ( -0.1181102362204724532, 0.08267716535433072833, 0.3346456692913385988 ) ) ;
#5867 = AXIS2_PLACEMENT_3D ( 'NONE', #758, #7590, #2395 ) ;
#5868 = LINE ( 'NONE', #9424, #9906 ) ;
#5869 = EDGE_CURVE ( 'NONE', #6500, #2997, #1649, .T. ) ;
#5870 = DIRECTION ( 'NONE',  ( 0.000000000000000000, 0.000000000000000000, 1.000000000000000000 ) ) ;
#5871 = ORIENTED_EDGE ( 'NONE', *, *, #6976, .T. ) ;
#5872 = ADVANCED_FACE ( 'NONE', ( #8431 ), #11052, .F. ) ;
#5873 = VERTEX_POINT ( 'NONE', #9115 ) ;
#5874 = EDGE_CURVE ( 'NONE', #6377, #10006, #3236, .T. ) ;
#5875 =( BOUNDED_CURVE ( )  B_SPLINE_CURVE ( 3, ( #10482, #7750, #11302, #6279 ),
 .UNSPECIFIED., .F., .F. ) 
 B_SPLINE_CURVE_WITH_KNOTS ( ( 4, 4 ),
 ( 0.000000000000000000, 0.006018694861436575498 ),
 .UNSPECIFIED. ) 
 CURVE ( )  GEOMETRIC_REPRESENTATION_ITEM ( )  RATIONAL_B_SPLINE_CURVE ( ( 1.000000000000000000, 0.9999703912510843340, 0.9999703912510843340, 1.000000000000000000 ) ) 
 REPRESENTATION_ITEM ( '' )  );
#5876 = ORIENTED_EDGE ( 'NONE', *, *, #796, .F. ) ;
#5877 = AXIS2_PLACEMENT_3D ( 'NONE', #79, #5534, #9092 ) ;
#5878 = ORIENTED_EDGE ( 'NONE', *, *, #5605, .T. ) ;
#5879 = AXIS2_PLACEMENT_3D ( 'NONE', #5935, #4241, #4990 ) ;
#5880 = LINE ( 'NONE', #2319, #1772 ) ;
#5881 = CARTESIAN_POINT ( 'NONE',  ( -0.07283464566929134798, 0.08464566929133858497, 0.1259842519685039353 ) ) ;
#5882 = CARTESIAN_POINT ( 'NONE',  ( 0.09842519685039370636, 0.09842519685039370636, 0.2165354330708661457 ) ) ;
#5883 = DIRECTION ( 'NONE',  ( 0.000000000000000000, 0.000000000000000000, 1.000000000000000000 ) ) ;
#5884 = EDGE_CURVE ( 'NONE', #1633, #7807, #1186, .T. ) ;
#5885 = APPROVAL_DATE_TIME ( #1666, #3071 ) ;
#5886 = FACE_OUTER_BOUND ( 'NONE', #9586, .T. ) ;
#5887 = VECTOR ( 'NONE', #4189, 39.37007874015748143 ) ;
#5888 = DIRECTION ( 'NONE',  ( 0.000000000000000000, 0.000000000000000000, 1.000000000000000000 ) ) ;
#5889 = VERTEX_POINT ( 'NONE', #4795 ) ;
#5890 = ORIENTED_EDGE ( 'NONE', *, *, #11518, .T. ) ;
#5891 = DIRECTION ( 'NONE',  ( 0.000000000000000000, 0.000000000000000000, 1.000000000000000000 ) ) ;
#5892 = ORIENTED_EDGE ( 'NONE', *, *, #9652, .F. ) ;
#5893 = VERTEX_POINT ( 'NONE', #3182 ) ;
#5894 = VERTEX_POINT ( 'NONE', #3001 ) ;
#5895 = ORIENTED_EDGE ( 'NONE', *, *, #5527, .F. ) ;
#5896 = CARTESIAN_POINT ( 'NONE',  ( 0.1259842519685039353, -0.08070866141732283006, 0.3571653543307087286 ) ) ;
#5897 = FACE_OUTER_BOUND ( 'NONE', #8920, .T. ) ;
#5898 = AXIS2_PLACEMENT_3D ( 'NONE', #9581, #2639, #7068 ) ;
#5899 = CARTESIAN_POINT ( 'NONE',  ( 0.09594951366374016022, -0.004724409448818898440, 0.3181081888743702013 ) ) ;
#5900 = CARTESIAN_POINT ( 'NONE',  ( -0.1082677165354330728, -0.05118110236220473758, 0.1653543307086614567 ) ) ;
#5901 = DIRECTION ( 'NONE',  ( -0.3422818791946308226, 0.000000000000000000, -0.9395973154362415869 ) ) ;
#5902 = CYLINDRICAL_SURFACE ( 'NONE', #5247, 0.003821856477047251305 ) ;
#5903 = EDGE_CURVE ( 'NONE', #8853, #2659, #4857, .T. ) ;
#5904 = FACE_OUTER_BOUND ( 'NONE', #5670, .T. ) ;
#5905 = ADVANCED_FACE ( 'NONE', ( #5684, #6498, #9242, #1245 ), #1362, .F. ) ;
#5906 = VERTEX_POINT ( 'NONE', #2241 ) ;
#5907 = ORIENTED_EDGE ( 'NONE', *, *, #10744, .F. ) ;
#5908 = LINE ( 'NONE', #7713, #10056 ) ;
#5909 = ORIENTED_EDGE ( 'NONE', *, *, #10942, .T. ) ;
#5910 = CARTESIAN_POINT ( 'NONE',  ( 0.1393455678156545197, -0.08858267716535435377, 0.3129921259842520231 ) ) ;
#5911 = CARTESIAN_POINT ( 'NONE',  ( 0.000000000000000000, 0.000000000000000000, 0.001811023622047244156 ) ) ;
#5912 = CARTESIAN_POINT ( 'NONE',  ( 0.02559055118110039814, 0.07390066619858193242, 0.3557932077031086826 ) ) ;
#5913 = CARTESIAN_POINT ( 'NONE',  ( 0.1181102362204724532, -0.05905511811023622659, 0.2283464566929133688 ) ) ;
#5914 = DIRECTION ( 'NONE',  ( 0.000000000000000000, 1.000000000000000000, 0.000000000000000000 ) ) ;
#5915 = EDGE_CURVE ( 'NONE', #4039, #2671, #2181, .T. ) ;
#5916 = LINE ( 'NONE', #10406, #1690 ) ;
#5917 = EDGE_LOOP ( 'NONE', ( #4324, #7758, #10205, #8611 ) ) ;
#5918 = DIRECTION ( 'NONE',  ( 0.000000000000000000, -1.000000000000000000, 0.000000000000000000 ) ) ;
#5919 = ORIENTED_EDGE ( 'NONE', *, *, #7795, .F. ) ;
#5920 = ORIENTED_EDGE ( 'NONE', *, *, #341, .T. ) ;
#5921 = CARTESIAN_POINT ( 'NONE',  ( 0.1313389175166535527, -0.08858267716537490677, 0.2016895358812992034 ) ) ;
#5922 = CARTESIAN_POINT ( 'NONE',  ( -0.1259842519685039353, -0.09842519685039369248, 0.3571653543307087286 ) ) ;
#5923 =( GEOMETRIC_REPRESENTATION_CONTEXT ( 3 ) GLOBAL_UNCERTAINTY_ASSIGNED_CONTEXT ( ( #10926 ) ) GLOBAL_UNIT_ASSIGNED_CONTEXT ( ( #9550, #2555, #4303 ) ) REPRESENTATION_CONTEXT ( 'NONE', 'WORKASPACE' ) );
#5924 = ORIENTED_EDGE ( 'NONE', *, *, #4413, .F. ) ;
#5925 = EDGE_CURVE ( 'NONE', #7812, #2149, #8312, .T. ) ;
#5926 = CARTESIAN_POINT ( 'NONE',  ( -0.1003937007874015630, 0.08070866141732283006, 0.1118110236220472564 ) ) ;
#5927 = DIRECTION ( 'NONE',  ( 0.000000000000000000, 0.000000000000000000, 1.000000000000000000 ) ) ;
#5928 = CARTESIAN_POINT ( 'NONE',  ( -0.1082677165354330728, 0.000000000000000000, 0.09055118110236221041 ) ) ;
#5929 = CARTESIAN_POINT ( 'NONE',  ( -0.1259842519685039353, -0.09842519685039369248, 0.3129921259842520231 ) ) ;
#5930 = VERTEX_POINT ( 'NONE', #3997 ) ;
#5931 = B_SPLINE_CURVE_WITH_KNOTS ( 'NONE', 3,
 ( #9180, #9244, #556, #11166, #1187, #4916 ),
 .UNSPECIFIED., .F., .F.,
 ( 4, 2, 4 ),
 ( 0.000000000000000000, 0.5000000000000000000, 1.000000000000000000 ),
 .UNSPECIFIED. ) ;
#5932 = ORIENTED_EDGE ( 'NONE', *, *, #3675, .T. ) ;
#5933 = ORIENTED_EDGE ( 'NONE', *, *, #8781, .T. ) ;
#5934 = ADVANCED_FACE ( 'NONE', ( #8367 ), #383, .F. ) ;
#5935 = CARTESIAN_POINT ( 'NONE',  ( 0.1259842519685039353, -0.08070866141732283006, 0.3121259842519685801 ) ) ;
#5936 = EDGE_CURVE ( 'NONE', #6700, #938, #67, .T. ) ;
#5937 = PLANE ( 'NONE',  #4749 ) ;
#5938 = CARTESIAN_POINT ( 'NONE',  ( 0.07342519685039371191, 0.09153543307086615954, 0.3858267716535433989 ) ) ;
#5939 = CARTESIAN_POINT ( 'NONE',  ( 0.09052222341979548892, 0.002590049548134565165, -0.09842519477324822297 ) ) ;
#5940 = COORDINATED_UNIVERSAL_TIME_OFFSET ( 0, 0, .AHEAD. ) ;
#5941 = DIRECTION ( 'NONE',  ( 0.000000000000000000, 1.000000000000000000, 0.000000000000000000 ) ) ;
#5942 = DIRECTION ( 'NONE',  ( 0.000000000000000000, 1.000000000000000000, 0.000000000000000000 ) ) ;
#5943 = EDGE_LOOP ( 'NONE', ( #5708, #9495, #2491, #8348 ) ) ;
#5944 = EDGE_LOOP ( 'NONE', ( #1472, #9655, #2847, #7744 ) ) ;
#5945 = CARTESIAN_POINT ( 'NONE',  ( 0.09389763779527786347, 0.08464566929133858497, 0.1555118110236204665 ) ) ;
#5946 = ORIENTED_EDGE ( 'NONE', *, *, #9816, .F. ) ;
#5947 = ORIENTED_EDGE ( 'NONE', *, *, #5443, .T. ) ;
#5948 = VECTOR ( 'NONE', #3810, 39.37007874015748143 ) ;
#5949 = ORIENTED_EDGE ( 'NONE', *, *, #8773, .T. ) ;
#5950 = CARTESIAN_POINT ( 'NONE',  ( -0.03149606299212598381, 0.07534629536877952838, 0.3543307086614174151 ) ) ;
#5951 = EDGE_CURVE ( 'NONE', #3931, #11505, #7431, .T. ) ;
#5952 = DIRECTION ( 'NONE',  ( -1.000000000000000000, 0.000000000000000000, 0.000000000000000000 ) ) ;
#5953 = CARTESIAN_POINT ( 'NONE',  ( -0.1167364568329339880, -0.09651583096946517171, 0.3562992125984251190 ) ) ;
#5954 = CARTESIAN_POINT ( 'NONE',  ( 0.1181102362204724532, 0.05905511811023622659, 0.05314960629921260116 ) ) ;
#5955 = CARTESIAN_POINT ( 'NONE',  ( 0.1259842519685039353, -0.08070866141732283006, 0.2173228346456692883 ) ) ;
#5956 = CARTESIAN_POINT ( 'NONE',  ( 0.1082677165354330728, 0.05905511811023622659, 0.3169291338582677642 ) ) ;
#5957 = VECTOR ( 'NONE', #8213, 39.37007874015748854 ) ;
#5958 = CARTESIAN_POINT ( 'NONE',  ( 0.000000000000000000, 0.000000000000000000, 0.2952755905486614263 ) ) ;
#5959 = CARTESIAN_POINT ( 'NONE',  ( -0.1181102362204724532, -0.05118110236220473758, 0.2283464566929133688 ) ) ;
#5960 = ORIENTED_EDGE ( 'NONE', *, *, #7025, .T. ) ;
#5961 = VERTEX_POINT ( 'NONE', #6619 ) ;
#5962 = FACE_OUTER_BOUND ( 'NONE', #9192, .T. ) ;
#5963 = EDGE_LOOP ( 'NONE', ( #6872, #1247, #416, #4642 ) ) ;
#5964 = EDGE_CURVE ( 'NONE', #1460, #6764, #3126, .T. ) ;
#5965 = CIRCLE ( 'NONE', #8763, 0.007874015748031499423 ) ;
#5966 = CARTESIAN_POINT ( 'NONE',  ( -0.07322834645669291931, 0.08464566929133858497, 0.2381889763779527491 ) ) ;
#5967 = EDGE_CURVE ( 'NONE', #8758, #88, #2062, .T. ) ;
#5968 = CARTESIAN_POINT ( 'NONE',  ( -0.003149606299212598815, 0.08858267716535435377, 0.3346456692913385988 ) ) ;
#5969 = CARTESIAN_POINT ( 'NONE',  ( 0.000000000000000000, 0.09842519685039370636, 0.2381889763779527491 ) ) ;
#5970 = LINE ( 'NONE', #608, #6720 ) ;
#5971 = CARTESIAN_POINT ( 'NONE',  ( -0.1082677165354330728, -0.05118110236220473758, 0.1023622047244094752 ) ) ;
#5972 = DIRECTION ( 'NONE',  ( 1.000000000000000000, 0.000000000000000000, 0.000000000000000000 ) ) ;
#5973 = VECTOR ( 'NONE', #9183, 39.37007874015748143 ) ;
#5974 = ORIENTED_EDGE ( 'NONE', *, *, #9818, .F. ) ;
#5975 = VECTOR ( 'NONE', #6959, 39.37007874015748143 ) ;
#5976 = LINE ( 'NONE', #11334, #9103 ) ;
#5977 = ORIENTED_EDGE ( 'NONE', *, *, #4450, .T. ) ;
#5978 = VERTEX_POINT ( 'NONE', #6676 ) ;
#5979 = DIRECTION ( 'NONE',  ( 1.000000000000000000, 0.000000000000000000, 0.000000000000000000 ) ) ;
#5980 = EDGE_CURVE ( 'NONE', #1765, #3026, #3815, .T. ) ;
#5981 = CIRCLE ( 'NONE', #1114, 0.01771653543307086243 ) ;
#5982 = CARTESIAN_POINT ( 'NONE',  ( -0.1181102362204724532, -0.06692913385826770867, 0.09055118110236221041 ) ) ;
#5983 = VECTOR ( 'NONE', #11312, 39.37007874015748143 ) ;
#5984 = VERTEX_POINT ( 'NONE', #10231 ) ;
#5985 = CARTESIAN_POINT ( 'NONE',  ( -0.1181102362204724532, -0.08070866141732283006, 0.3129921259842520231 ) ) ;
#5986 = CARTESIAN_POINT ( 'NONE',  ( -0.03698128659435207660, 0.08858267716535414560, 0.1555120414197130874 ) ) ;
#5987 = VECTOR ( 'NONE', #903, 39.37007874015748143 ) ;
#5988 = VECTOR ( 'NONE', #2839, 39.37007874015748143 ) ;
#5989 = VERTEX_POINT ( 'NONE', #502 ) ;
#5990 = DIRECTION ( 'NONE',  ( 0.000000000000000000, 0.000000000000000000, -1.000000000000000000 ) ) ;
#5991 = ORIENTED_EDGE ( 'NONE', *, *, #10353, .T. ) ;
#5992 = EDGE_CURVE ( 'NONE', #5148, #3856, #10933, .T. ) ;
#5993 = ORIENTED_EDGE ( 'NONE', *, *, #1651, .F. ) ;
#5994 = ORIENTED_EDGE ( 'NONE', *, *, #516, .T. ) ;
#5995 = VECTOR ( 'NONE', #9795, 39.37007874015748143 ) ;
#5996 = PLANE ( 'NONE',  #9964 ) ;
#5997 = LINE ( 'NONE', #6757, #9973 ) ;
#5998 = LINE ( 'NONE', #11412, #6707 ) ;
#5999 = CARTESIAN_POINT ( 'NONE',  ( -0.02559055118110236879, 0.04527559055118110520, 0.2342519685039370358 ) ) ;
#6000 = PERSON_AND_ORGANIZATION_ROLE ( 'creator' ) ;
#6001 = LINE ( 'NONE', #3487, #2810 ) ;
#6002 = EDGE_CURVE ( 'NONE', #9416, #1423, #9589, .T. ) ;
#6003 = VERTEX_POINT ( 'NONE', #10295 ) ;
#6004 = VERTEX_POINT ( 'NONE', #4230 ) ;
#6005 = DIRECTION ( 'NONE',  ( 0.000000000000000000, 0.000000000000000000, -1.000000000000000000 ) ) ;
#6006 = ORIENTED_EDGE ( 'NONE', *, *, #10456, .T. ) ;
#6007 = VECTOR ( 'NONE', #746, 39.37007874015748143 ) ;
#6008 = ORIENTED_EDGE ( 'NONE', *, *, #8508, .F. ) ;
#6009 = EDGE_CURVE ( 'NONE', #457, #9416, #2540, .T. ) ;
#6010 = EDGE_LOOP ( 'NONE', ( #11095, #5949, #4817, #3981 ) ) ;
#6011 = FACE_OUTER_BOUND ( 'NONE', #2362, .T. ) ;
#6012 = CARTESIAN_POINT ( 'NONE',  ( -0.1082677165354330728, 0.08267716535433072833, 0.3838582677165355284 ) ) ;
#6013 = DIRECTION ( 'NONE',  ( 0.000000000000000000, 0.000000000000000000, 1.000000000000000000 ) ) ;
#6014 = DIRECTION ( 'NONE',  ( 0.000000000000000000, -1.000000000000000000, 0.000000000000000000 ) ) ;
#6015 = DIRECTION ( 'NONE',  ( 0.8285309289392178700, 3.096368189823658208E-13, 0.5599433005145402209 ) ) ;
#6016 = AXIS2_PLACEMENT_3D ( 'NONE', #8153, #2021, #1087 ) ;
#6017 = CARTESIAN_POINT ( 'NONE',  ( -0.02559270249751180795, 0.08908717888334646839, 0.04560253149149608165 ) ) ;
#6018 = CARTESIAN_POINT ( 'NONE',  ( 0.000000000000000000, 0.1031496062992126317, 0.2165354330708661457 ) ) ;
#6019 = CYLINDRICAL_SURFACE ( 'NONE', #605, 0.01771653543307086243 ) ;
#6020 = EDGE_CURVE ( 'NONE', #11114, #7990, #10356, .T. ) ;
#6021 = ORIENTED_EDGE ( 'NONE', *, *, #3583, .T. ) ;
#6022 = ORIENTED_EDGE ( 'NONE', *, *, #8230, .T. ) ;
#6023 = DIRECTION ( 'NONE',  ( 0.000000000000000000, 0.000000000000000000, -1.000000000000000000 ) ) ;
#6024 = EDGE_CURVE ( 'NONE', #5164, #3482, #5091, .T. ) ;
#6025 = ORIENTED_EDGE ( 'NONE', *, *, #6566, .T. ) ;
#6026 = VECTOR ( 'NONE', #786, 39.37007874015748143 ) ;
#6027 = CARTESIAN_POINT ( 'NONE',  ( 0.02559055118110236879, 0.08246587429720472762, 0.1851137642978346598 ) ) ;
#6028 = FACE_OUTER_BOUND ( 'NONE', #6963, .T. ) ;
#6029 = DIRECTION ( 'NONE',  ( 0.000000000000000000, 0.000000000000000000, -1.000000000000000000 ) ) ;
#6030 = DIRECTION ( 'NONE',  ( 5.667802964485947722E-14, 0.000000000000000000, -1.000000000000000000 ) ) ;
#6031 = CARTESIAN_POINT ( 'NONE',  ( -0.09704724409448818589, 0.08858267716535435377, 0.1102362204724409434 ) ) ;
#6032 = FACE_BOUND ( 'NONE', #2952, .T. ) ;
#6033 = AXIS2_PLACEMENT_3D ( 'NONE', #2289, #1637, #11271 ) ;
#6034 = EDGE_CURVE ( 'NONE', #3138, #5176, #1902, .T. ) ;
#6035 = VERTEX_POINT ( 'NONE', #4111 ) ;
#6036 = ADVANCED_FACE ( 'NONE', ( #9649 ), #8547, .T. ) ;
#6037 = LINE ( 'NONE', #1592, #5204 ) ;
#6038 = ORIENTED_EDGE ( 'NONE', *, *, #8260, .T. ) ;
#6039 = ORIENTED_EDGE ( 'NONE', *, *, #9178, .T. ) ;
#6040 = CARTESIAN_POINT ( 'NONE',  ( -0.003149606299212598815, -0.05905511811023622659, 0.2854330708661417804 ) ) ;
#6041 = AXIS2_PLACEMENT_3D ( 'NONE', #4031, #532, #11366 ) ;
#6042 = PLANE ( 'NONE',  #1184 ) ;
#6043 = ORIENTED_EDGE ( 'NONE', *, *, #2593, .F. ) ;
#6044 = DIRECTION ( 'NONE',  ( 1.000000000000000000, 0.000000000000000000, 0.000000000000000000 ) ) ;
#6045 = CARTESIAN_POINT ( 'NONE',  ( -0.003149606299181268408, -0.09842519685047244893, 8.217398764940945082E-15 ) ) ;
#6046 = EDGE_CURVE ( 'NONE', #6806, #7197, #7733, .T. ) ;
#6047 = EDGE_CURVE ( 'NONE', #5930, #1180, #2207, .T. ) ;
#6048 = VECTOR ( 'NONE', #3623, 39.37007874015748143 ) ;
#6049 = VECTOR ( 'NONE', #5416, 39.37007874015748854 ) ;
#6050 = ORIENTED_EDGE ( 'NONE', *, *, #3883, .F. ) ;
#6051 = VERTEX_POINT ( 'NONE', #731 ) ;
#6052 = ORIENTED_EDGE ( 'NONE', *, *, #8722, .T. ) ;
#6053 = CIRCLE ( 'NONE', #11453, 0.007874015748031482076 ) ;
#6054 = AXIS2_PLACEMENT_3D ( 'NONE', #8863, #9024, #1738 ) ;
#6055 = CARTESIAN_POINT ( 'NONE',  ( 0.1181102362204724532, -0.02362204724409448092, 0.1791338582677165503 ) ) ;
#6056 = LINE ( 'NONE', #11182, #114 ) ;
#6057 = CARTESIAN_POINT ( 'NONE',  ( -0.04133844390173228855, 0.09842519703454725988, 0.1555118110248425167 ) ) ;
#6058 = CARTESIAN_POINT ( 'NONE',  ( -0.08174471612098425932, 0.09350393700787401619, 0.1407480314960629919 ) ) ;
#6059 = CALENDAR_DATE ( 2024, 1, 10 ) ;
#6060 = ADVANCED_FACE ( 'NONE', ( #8668 ), #4343, .T. ) ;
#6061 = CARTESIAN_POINT ( 'NONE',  ( 0.1287191670455008485, -0.08858267716535435377, 0.3327602885073454031 ) ) ;
#6062 = ORIENTED_EDGE ( 'NONE', *, *, #6575, .F. ) ;
#6063 = VERTEX_POINT ( 'NONE', #7670 ) ;
#6064 = DIRECTION ( 'NONE',  ( 0.000000000000000000, 0.000000000000000000, 1.000000000000000000 ) ) ;
#6065 = VECTOR ( 'NONE', #4726, 39.37007874015748143 ) ;
#6066 = VECTOR ( 'NONE', #517, 39.37007874015748143 ) ;
#6067 = ORIENTED_EDGE ( 'NONE', *, *, #892, .T. ) ;
#6068 = ORIENTED_EDGE ( 'NONE', *, *, #4664, .F. ) ;
#6069 = DIRECTION ( 'NONE',  ( -1.000000000000000000, -0.000000000000000000, -0.000000000000000000 ) ) ;
#6070 = DIRECTION ( 'NONE',  ( 0.000000000000000000, 1.000000000000000000, 0.000000000000000000 ) ) ;
#6071 = CARTESIAN_POINT ( 'NONE',  ( -0.1244494698206299321, -0.09842519685039370636, 0.05118110236220473758 ) ) ;
#6072 = AXIS2_PLACEMENT_3D ( 'NONE', #5495, #260, #7304 ) ;
#6073 = CARTESIAN_POINT ( 'NONE',  ( 0.04468645365342521075, 0.09752020114204724976, 0.03012462926902361934 ) ) ;
#6074 = DIRECTION ( 'NONE',  ( 0.000000000000000000, 1.000000000000000000, 0.000000000000000000 ) ) ;
#6075 = AXIS2_PLACEMENT_3D ( 'NONE', #1886, #1016, #7495 ) ;
#6076 = CARTESIAN_POINT ( 'NONE',  ( -0.02685193742331102446, 0.09196351381586613527, 0.03344088945611023433 ) ) ;
#6077 = LINE ( 'NONE', #7880, #7214 ) ;
#6078 = EDGE_CURVE ( 'NONE', #5930, #3048, #1379, .T. ) ;
#6079 = PLANE ( 'NONE',  #4341 ) ;
#6080 = ORIENTED_EDGE ( 'NONE', *, *, #426, .F. ) ;
#6081 = ORIENTED_EDGE ( 'NONE', *, *, #5925, .F. ) ;
#6082 = LINE ( 'NONE', #5191, #8019 ) ;
#6083 = PLANE ( 'NONE',  #5035 ) ;
#6084 = VECTOR ( 'NONE', #7780, 39.37007874015748143 ) ;
#6085 = VERTEX_POINT ( 'NONE', #8776 ) ;
#6086 = CARTESIAN_POINT ( 'NONE',  ( -0.02559055118110236879, 0.03967634165172461563, 0.3944881889763204308 ) ) ;
#6087 = FACE_OUTER_BOUND ( 'NONE', #10523, .T. ) ;
#6088 = EDGE_CURVE ( 'NONE', #4868, #6559, #2363, .T. ) ;
#6089 = CARTESIAN_POINT ( 'NONE',  ( -0.1082677165354330728, 0.09842519685039370636, 0.4527559055118110520 ) ) ;
#6090 = CARTESIAN_POINT ( 'NONE',  ( -0.1352392668859842551, -0.09842519685039370636, 0.07086614173228347746 ) ) ;
#6091 = CARTESIAN_POINT ( 'NONE',  ( -0.1428063554291673642, -0.08858267716535435377, 0.2094395362842960406 ) ) ;
#6092 = CARTESIAN_POINT ( 'NONE',  ( 0.1181102362204724532, 0.05905511811023622659, 0.2145669291338582751 ) ) ;
#6093 = EDGE_CURVE ( 'NONE', #7520, #10430, #7843, .T. ) ;
#6094 = CYLINDRICAL_SURFACE ( 'NONE', #3736, 0.07086614173228347746 ) ;
#6095 = ORIENTED_EDGE ( 'NONE', *, *, #8163, .F. ) ;
#6096 = CARTESIAN_POINT ( 'NONE',  ( 0.1082677165354330728, 0.000000000000000000, 0.3188976377952755792 ) ) ;
#6097 = ORIENTED_EDGE ( 'NONE', *, *, #5903, .T. ) ;
#6098 = DIRECTION ( 'NONE',  ( 1.000000000000000000, 0.000000000000000000, 0.000000000000000000 ) ) ;
#6099 = LINE ( 'NONE', #3242, #11435 ) ;
#6100 = EDGE_CURVE ( 'NONE', #7699, #10448, #3192, .T. ) ;
#6101 = EDGE_LOOP ( 'NONE', ( #6742, #9604, #10257, #4396 ) ) ;
#6102 = LINE ( 'NONE', #7792, #9507 ) ;
#6103 = CARTESIAN_POINT ( 'NONE',  ( 0.08070866141732283006, 0.09842519685039370636, 0.01771653543307086937 ) ) ;
#6104 = EDGE_LOOP ( 'NONE', ( #6861, #10476, #1676, #3321 ) ) ;
#6105 = ORIENTED_EDGE ( 'NONE', *, *, #4977, .F. ) ;
#6106 = EDGE_CURVE ( 'NONE', #11151, #3885, #10529, .T. ) ;
#6107 = EDGE_CURVE ( 'NONE', #6764, #10083, #9294, .T. ) ;
#6108 = ORIENTED_EDGE ( 'NONE', *, *, #1334, .F. ) ;
#6109 = CARTESIAN_POINT ( 'NONE',  ( 0.1232372274639318560, -0.09306871788675719070, 0.2165218733745210566 ) ) ;
#6110 = CARTESIAN_POINT ( 'NONE',  ( 0.1082677165354330728, -0.05905511811023622659, 0.2283464566929133688 ) ) ;
#6111 = CARTESIAN_POINT ( 'NONE',  ( 0.1259842519685039353, -0.08858267716535435377, 0.05118110236220473758 ) ) ;
#6112 = DIRECTION ( 'NONE',  ( 0.8849182223818913284, 0.000000000000000000, 0.4657464328327953762 ) ) ;
#6113 = AXIS2_PLACEMENT_3D ( 'NONE', #1844, #4586, #5522 ) ;
#6114 = DIRECTION ( 'NONE',  ( -1.000000000000000000, 0.000000000000000000, 0.000000000000000000 ) ) ;
#6115 = ORIENTED_EDGE ( 'NONE', *, *, #341, .F. ) ;
#6116 = PLANE ( 'NONE',  #5566 ) ;
#6117 = VERTEX_POINT ( 'NONE', #10411 ) ;
#6118 = ORIENTED_EDGE ( 'NONE', *, *, #5695, .T. ) ;
#6119 = ORIENTED_EDGE ( 'NONE', *, *, #3780, .T. ) ;
#6120 = PLANE ( 'NONE',  #4121 ) ;
#6121 = LINE ( 'NONE', #10498, #8657 ) ;
#6122 = ADVANCED_FACE ( 'NONE', ( #9759 ), #90, .T. ) ;
#6123 = LINE ( 'NONE', #2778, #10534 ) ;
#6124 = CARTESIAN_POINT ( 'NONE',  ( 0.02560856062245275844, 0.08857510913106299288, 0.04607807596527559862 ) ) ;
#6125 = LINE ( 'NONE', #3330, #7728 ) ;
#6126 = CARTESIAN_POINT ( 'NONE',  ( -0.07086614172568425629, 0.000000000000000000, 0.2952755905576263662 ) ) ;
#6127 = PLANE ( 'NONE',  #4419 ) ;
#6128 = FACE_BOUND ( 'NONE', #627, .T. ) ;
#6129 = VERTEX_POINT ( 'NONE', #2755 ) ;
#6130 = ORIENTED_EDGE ( 'NONE', *, *, #4564, .T. ) ;
#6131 = CARTESIAN_POINT ( 'NONE',  ( -0.07342519685039312904, 0.09842519685039370636, 0.3858267716535437319 ) ) ;
#6132 = DIRECTION ( 'NONE',  ( 1.000000000000000000, 0.000000000000000000, 0.000000000000000000 ) ) ;
#6133 = ORIENTED_EDGE ( 'NONE', *, *, #7202, .T. ) ;
#6134 = DIRECTION ( 'NONE',  ( 0.000000000000000000, 1.000000000000000000, 0.000000000000000000 ) ) ;
#6135 = EDGE_CURVE ( 'NONE', #9767, #10258, #5490, .T. ) ;
#6136 = CARTESIAN_POINT ( 'NONE',  ( -0.06318897637795276023, 0.08464566929133858497, 0.2106299212598425619 ) ) ;
#6137 = AXIS2_PLACEMENT_3D ( 'NONE', #4108, #6786, #4340 ) ;
#6138 = CARTESIAN_POINT ( 'NONE',  ( 0.1082677165354330728, 0.05905511811023622659, 0.1968503937007874127 ) ) ;
#6139 = CARTESIAN_POINT ( 'NONE',  ( 0.1259842519685039353, -0.08858267716535435377, 0.3129921259842520231 ) ) ;
#6140 = DIRECTION ( 'NONE',  ( 0.000000000000000000, 0.000000000000000000, 1.000000000000000000 ) ) ;
#6141 = CARTESIAN_POINT ( 'NONE',  ( -0.1181102362204724532, -0.02362204724409448092, 0.05314960629921260116 ) ) ;
#6142 = DIRECTION ( 'NONE',  ( 0.000000000000000000, 1.000000000000000000, 0.000000000000000000 ) ) ;
#6143 = ORIENTED_EDGE ( 'NONE', *, *, #7064, .T. ) ;
#6144 = DIRECTION ( 'NONE',  ( 1.000000000000000000, 0.000000000000000000, 0.000000000000000000 ) ) ;
#6145 = EDGE_CURVE ( 'NONE', #4732, #4868, #6315, .T. ) ;
#6146 = AXIS2_PLACEMENT_3D ( 'NONE', #7922, #10551, #2610 ) ;
#6147 = EDGE_LOOP ( 'NONE', ( #10688, #9088, #6977, #10396 ) ) ;
#6148 = ORIENTED_EDGE ( 'NONE', *, *, #2861, .F. ) ;
#6149 = B_SPLINE_CURVE_WITH_KNOTS ( 'NONE', 3,
 ( #8128, #147, #8485, #7545, #5733, #8541, #2294, #496, #1239, #4786, #4048, #7605, #10168, #11156, #5851 ),
 .UNSPECIFIED., .F., .F.,
 ( 4, 2, 2, 2, 1, 2, 2, 4 ),
 ( 0.000000000000000000, 0.2499999999999721334, 0.3749999999999579781, 0.4374999999999478750, 0.4687499999999467093, 0.4843749999999508726, 0.4999999999999551470, 1.000000000000000000 ),
 .UNSPECIFIED. ) ;
#6150 = CARTESIAN_POINT ( 'NONE',  ( 0.09594951366374016022, -0.004724409448818898440, 0.1803129132838189042 ) ) ;
#6151 = ADVANCED_FACE ( 'NONE', ( #8995 ), #995, .T. ) ;
#6152 = CARTESIAN_POINT ( 'NONE',  ( 0.1181102362204724532, 0.08267716535433072833, 0.3346456692913385988 ) ) ;
#6153 = VERTEX_POINT ( 'NONE', #6266 ) ;
#6154 = CIRCLE ( 'NONE', #8011, 0.003856965870551185352 ) ;
#6155 = VECTOR ( 'NONE', #5594, 39.37007874015748143 ) ;
#6156 = LINE ( 'NONE', #4401, #1311 ) ;
#6157 = CARTESIAN_POINT ( 'NONE',  ( 0.02545159124556693048, 0.09496487988515749101, 0.03968480783059055716 ) ) ;
#6158 = ADVANCED_FACE ( 'NONE', ( #144 ), #941, .T. ) ;
#6159 = VERTEX_POINT ( 'NONE', #1870 ) ;
#6160 = ORIENTED_EDGE ( 'NONE', *, *, #8958, .F. ) ;
#6161 = VECTOR ( 'NONE', #2382, 39.37007874015748143 ) ;
#6162 = LINE ( 'NONE', #3694, #5041 ) ;
#6163 = AXIS2_PLACEMENT_3D ( 'NONE', #7834, #11277, #6030 ) ;
#6164 = EDGE_CURVE ( 'NONE', #5693, #10008, #8605, .T. ) ;
#6165 = DIRECTION ( 'NONE',  ( 0.000000000000000000, -1.000000000000000000, 0.000000000000000000 ) ) ;
#6166 = CARTESIAN_POINT ( 'NONE',  ( -0.1082677165354330728, -0.02362204724409448092, 0.1791338582677165503 ) ) ;
#6167 = FACE_OUTER_BOUND ( 'NONE', #691, .T. ) ;
#6168 = VECTOR ( 'NONE', #9948, 39.37007874015748143 ) ;
#6169 = VECTOR ( 'NONE', #9599, 39.37007874015748143 ) ;
#6170 = CARTESIAN_POINT ( 'NONE',  ( -0.1181102362204724532, -0.08070866141732283006, 0.3562992125984252301 ) ) ;
#6171 = ADVANCED_FACE ( 'NONE', ( #11506, #2809 ), #4500, .T. ) ;
#6172 = VERTEX_POINT ( 'NONE', #8007 ) ;
#6173 = CARTESIAN_POINT ( 'NONE',  ( 0.1082677165354331006, -0.05905511811023623353, 0.2854330708661417804 ) ) ;
#6174 = EDGE_CURVE ( 'NONE', #1135, #2273, #36, .T. ) ;
#6175 = ORIENTED_EDGE ( 'NONE', *, *, #10891, .F. ) ;
#6176 = EDGE_LOOP ( 'NONE', ( #5434, #3470, #8173, #5386 ) ) ;
#6177 = ORIENTED_EDGE ( 'NONE', *, *, #10648, .T. ) ;
#6178 = AXIS2_PLACEMENT_3D ( 'NONE', #7437, #4119, #9426 ) ;
#6179 = FACE_OUTER_BOUND ( 'NONE', #9647, .T. ) ;
#6180 = CARTESIAN_POINT ( 'NONE',  ( 0.06102362204724411099, 7.473238341253535789E-18, 0.4556692913385826382 ) ) ;
#6181 = B_SPLINE_CURVE_WITH_KNOTS ( 'NONE', 3,
 ( #1864, #8119, #10789, #2802, #9923, #8003, #6369, #5481, #8827, #781 ),
 .UNSPECIFIED., .F., .F.,
 ( 4, 2, 2, 2, 4 ),
 ( 6.300511425850178233E-18, 0.0001637691212279947348, 0.0003275382424559831812, 0.0004913073636839716818, 0.0006550764849119600740 ),
 .UNSPECIFIED. ) ;
#6182 = CARTESIAN_POINT ( 'NONE',  ( 0.02559055118110236532, 0.08497103915175589772, 0.3607427130959953709 ) ) ;
#6183 = CARTESIAN_POINT ( 'NONE',  ( 0.03159541996040794026, 0.08604648176765694600, -0.09842518772441720409 ) ) ;
#6184 = CYLINDRICAL_SURFACE ( 'NONE', #5301, 0.007874015748031499423 ) ;
#6185 = DIRECTION ( 'NONE',  ( 0.000000000000000000, 0.000000000000000000, 1.000000000000000000 ) ) ;
#6186 = DIRECTION ( 'NONE',  ( 0.000000000000000000, 1.000000000000000000, 0.000000000000000000 ) ) ;
#6187 = LINE ( 'NONE', #11319, #8810 ) ;
#6188 = CIRCLE ( 'NONE', #5808, 0.04578276980082677389 ) ;
#6189 = VERTEX_POINT ( 'NONE', #837 ) ;
#6190 = ADVANCED_FACE ( 'NONE', ( #7959 ), #5373, .F. ) ;
#6191 = ORIENTED_EDGE ( 'NONE', *, *, #7848, .T. ) ;
#6192 = CYLINDRICAL_SURFACE ( 'NONE', #10999, 0.007874015748031499423 ) ;
#6193 = EDGE_LOOP ( 'NONE', ( #5180, #1500, #7665, #2124, #1012, #10320, #904, #5784, #7775, #8744, #7458, #10145, #4763, #10215, #7771, #1564 ) ) ;
#6194 = CARTESIAN_POINT ( 'NONE',  ( -0.04096702492220583719, 0.09464049013718953129, 0.02952755905511811330 ) ) ;
#6195 = ORIENTED_EDGE ( 'NONE', *, *, #7621, .T. ) ;
#6196 = CARTESIAN_POINT ( 'NONE',  ( -0.09084645669291338543, 0.09153543307086615954, 0.3858267716535433989 ) ) ;
#6197 = VECTOR ( 'NONE', #6392, 39.37007874015748143 ) ;
#6198 = DIRECTION ( 'NONE',  ( 0.000000000000000000, 0.000000000000000000, 1.000000000000000000 ) ) ;
#6199 = CARTESIAN_POINT ( 'NONE',  ( 0.1181102362204724532, -0.02362204724409448786, 0.1968503937007874127 ) ) ;
#6200 = CARTESIAN_POINT ( 'NONE',  ( -0.1417322834645669549, 0.009842519685039369942, 0.3188976377952755792 ) ) ;
#6201 = CARTESIAN_POINT ( 'NONE',  ( 0.06338582677165355284, 0.08464566929133858497, 0.08464566929133858497 ) ) ;
#6202 = DIRECTION ( 'NONE',  ( 0.000000000000000000, 0.000000000000000000, 1.000000000000000000 ) ) ;
#6203 = LINE ( 'NONE', #9864, #937 ) ;
#6204 = ORIENTED_EDGE ( 'NONE', *, *, #7794, .T. ) ;
#6205 = EDGE_CURVE ( 'NONE', #11085, #11174, #9704, .T. ) ;
#6206 = CARTESIAN_POINT ( 'NONE',  ( 0.1082677165354330728, 0.000000000000000000, 0.07086614173228347746 ) ) ;
#6207 = CIRCLE ( 'NONE', #4878, 0.07086614173228347746 ) ;
#6208 = ORIENTED_EDGE ( 'NONE', *, *, #2428, .T. ) ;
#6209 = CARTESIAN_POINT ( 'NONE',  ( 0.1370726364729134006, -0.09350393700787401619, 0.2055645360827952628 ) ) ;
#6210 = CARTESIAN_POINT ( 'NONE',  ( 0.03149606299212687199, 0.06348234447479129960, 0.2362204724409449064 ) ) ;
#6211 = VERTEX_POINT ( 'NONE', #5324 ) ;
#6212 = AXIS2_PLACEMENT_3D ( 'NONE', #8065, #3518, #1766 ) ;
#6213 = EDGE_CURVE ( 'NONE', #8729, #4052, #9928, .T. ) ;
#6214 = DIRECTION ( 'NONE',  ( 0.000000000000000000, 0.000000000000000000, 1.000000000000000000 ) ) ;
#6215 = CARTESIAN_POINT ( 'NONE',  ( 0.02587747017109841979, 0.09975229253700788890, 0.03100619578209447974 ) ) ;
#6216 = EDGE_CURVE ( 'NONE', #9856, #9968, #10307, .T. ) ;
#6217 = ORIENTED_EDGE ( 'NONE', *, *, #10235, .T. ) ;
#6218 = AXIS2_PLACEMENT_3D ( 'NONE', #980, #2742, #10569 ) ;
#6219 = ORIENTED_EDGE ( 'NONE', *, *, #2965, .T. ) ;
#6220 = CARTESIAN_POINT ( 'NONE',  ( 0.1082677165354330728, 0.000000000000000000, 0.1574803149606299191 ) ) ;
#6221 = ORIENTED_EDGE ( 'NONE', *, *, #8292, .F. ) ;
#6222 = DIRECTION ( 'NONE',  ( -1.000000000000000000, 0.000000000000000000, 0.000000000000000000 ) ) ;
#6223 = ADVANCED_FACE ( 'NONE', ( #2590 ), #2646, .F. ) ;
#6224 = CARTESIAN_POINT ( 'NONE',  ( 0.1365231815079921418, -0.09541178818188979227, 0.2164564042444094560 ) ) ;
#6225 = AXIS2_PLACEMENT_3D ( 'NONE', #7701, #4889, #5952 ) ;
#6226 = CARTESIAN_POINT ( 'NONE',  ( -0.02823611499818075299, 0.1063104767583366028, 0.02815867328096240477 ) ) ;
#6227 = ADVANCED_FACE ( 'NONE', ( #4446 ), #3576, .F. ) ;
#6228 = CARTESIAN_POINT ( 'NONE',  ( -0.06608176361500001095, 0.09842519685039370636, 0.3626037874124803384 ) ) ;
#6229 = VERTEX_POINT ( 'NONE', #3743 ) ;
#6230 = FACE_OUTER_BOUND ( 'NONE', #5439, .T. ) ;
#6231 = ORIENTED_EDGE ( 'NONE', *, *, #2503, .F. ) ;
#6232 = CIRCLE ( 'NONE', #1190, 0.007874015748031499423 ) ;
#6233 = ORIENTED_EDGE ( 'NONE', *, *, #6106, .T. ) ;
#6234 = AXIS2_PLACEMENT_3D ( 'NONE', #5911, #7891, #1639 ) ;
#6235 = CARTESIAN_POINT ( 'NONE',  ( 0.1131889763779527630, -0.02362204724409448786, 0.07086614173228347746 ) ) ;
#6236 = FACE_OUTER_BOUND ( 'NONE', #11119, .T. ) ;
#6237 = EDGE_CURVE ( 'NONE', #9047, #966, #9283, .T. ) ;
#6238 = CARTESIAN_POINT ( 'NONE',  ( 0.09032225221286982464, 0.007968205553687053577, -0.09842519031442345523 ) ) ;
#6239 = LINE ( 'NONE', #8809, #10887 ) ;
#6240 = DIRECTION ( 'NONE',  ( -0.000000000000000000, -0.000000000000000000, -1.000000000000000000 ) ) ;
#6241 = CARTESIAN_POINT ( 'NONE',  ( 0.04151212680905511793, 0.08267716535433072833, 0.02952755905511811330 ) ) ;
#6242 = FACE_OUTER_BOUND ( 'NONE', #6408, .T. ) ;
#6243 = CARTESIAN_POINT ( 'NONE',  ( -0.1003937007874015491, 0.09842519685039370636, 0.1574803149606299191 ) ) ;
#6244 = CIRCLE ( 'NONE', #7351, 0.007874015748031499423 ) ;
#6245 = ORIENTED_EDGE ( 'NONE', *, *, #1373, .T. ) ;
#6246 = B_SPLINE_CURVE_WITH_KNOTS ( 'NONE', 3,
 ( #6385, #9940, #10873, #2882 ),
 .UNSPECIFIED., .F., .F.,
 ( 4, 4 ),
 ( 0.000000000000000000, 1.000000000000000000 ),
 .UNSPECIFIED. ) ;
#6247 = ORIENTED_EDGE ( 'NONE', *, *, #7583, .F. ) ;
#6248 = EDGE_LOOP ( 'NONE', ( #17, #4361, #5752, #3798, #4123, #10508 ) ) ;
#6249 = VERTEX_POINT ( 'NONE', #8414 ) ;
#6250 =( BOUNDED_CURVE ( )  B_SPLINE_CURVE ( 3, ( #1755, #7288, #10848, #2745 ),
 .UNSPECIFIED., .F., .F. ) 
 B_SPLINE_CURVE_WITH_KNOTS ( ( 4, 4 ),
 ( 0.000000000000000000, 1.000000000000000000 ),
 .UNSPECIFIED. ) 
 CURVE ( )  GEOMETRIC_REPRESENTATION_ITEM ( )  RATIONAL_B_SPLINE_CURVE ( ( 1.171574534071746720, 0.9428070668830788037, 0.9428084886516873153, 1.171578799377572144 ) ) 
 REPRESENTATION_ITEM ( '' )  );
#6251 = CARTESIAN_POINT ( 'NONE',  ( -0.04133774990574352881, 0.08858267716535433989, 0.1555118110346314919 ) ) ;
#6252 = CIRCLE ( 'NONE', #1945, 0.01771653543307086243 ) ;
#6253 = VECTOR ( 'NONE', #5636, 39.37007874015748143 ) ;
#6254 = LINE ( 'NONE', #3729, #5679 ) ;
#6255 = EDGE_CURVE ( 'NONE', #588, #938, #3860, .T. ) ;
#6256 = EDGE_CURVE ( 'NONE', #1460, #10632, #251, .T. ) ;
#6257 = CARTESIAN_POINT ( 'NONE',  ( 0.02559055118110237573, 0.03865708016240534950, 0.3849556652950875124 ) ) ;
#6258 = DIRECTION ( 'NONE',  ( 0.000000000000000000, 1.000000000000000000, 0.000000000000000000 ) ) ;
#6259 = PLANE ( 'NONE',  #6925 ) ;
#6260 = LINE ( 'NONE', #3626, #8582 ) ;
#6261 = CYLINDRICAL_SURFACE ( 'NONE', #11295, 0.03538101238866141890 ) ;
#6262 = LINE ( 'NONE', #2697, #1494 ) ;
#6263 = ORIENTED_EDGE ( 'NONE', *, *, #9763, .F. ) ;
#6264 = CIRCLE ( 'NONE', #1779, 0.01377952755905510404 ) ;
#6265 = ORIENTED_EDGE ( 'NONE', *, *, #9816, .T. ) ;
#6266 = CARTESIAN_POINT ( 'NONE',  ( -0.03050125951131462884, 0.08670145462893764920, 0.03384961476790554480 ) ) ;
#6267 = CARTESIAN_POINT ( 'NONE',  ( 2.651794250122221954E-18, -0.09842519685039370636, 0.3562992125984252301 ) ) ;
#6268 = EDGE_CURVE ( 'NONE', #3886, #3899, #3916, .T. ) ;
#6269 = ORIENTED_EDGE ( 'NONE', *, *, #10694, .T. ) ;
#6270 = VECTOR ( 'NONE', #9752, 39.37007874015748143 ) ;
#6271 = CARTESIAN_POINT ( 'NONE',  ( 0.1185568754229921334, -0.06692913385826770867, 0.1692913385826771699 ) ) ;
#6272 = CARTESIAN_POINT ( 'NONE',  ( 0.02646851091760236974, 0.09955581032933073782, 0.03107340993845274582 ) ) ;
#6273 = ORIENTED_EDGE ( 'NONE', *, *, #2462, .T. ) ;
#6274 = ORIENTED_EDGE ( 'NONE', *, *, #10511, .F. ) ;
#6275 = FACE_OUTER_BOUND ( 'NONE', #1446, .T. ) ;
#6276 = ORIENTED_EDGE ( 'NONE', *, *, #4227, .T. ) ;
#6277 = EDGE_CURVE ( 'NONE', #8307, #11297, #6545, .T. ) ;
#6278 = VERTEX_POINT ( 'NONE', #430 ) ;
#6279 = CARTESIAN_POINT ( 'NONE',  ( -0.09051437083081437240, -0.002589382120906392418, -0.09842519685038741972 ) ) ;
#6280 = DIRECTION ( 'NONE',  ( 0.000000000000000000, 0.000000000000000000, 1.000000000000000000 ) ) ;
#6281 = DIRECTION ( 'NONE',  ( 1.000000000000000000, 0.000000000000000000, 0.000000000000000000 ) ) ;
#6282 = ORIENTED_EDGE ( 'NONE', *, *, #7276, .F. ) ;
#6283 = DIRECTION ( 'NONE',  ( 1.000000000000000000, 0.000000000000000000, 0.000000000000000000 ) ) ;
#6284 = EDGE_CURVE ( 'NONE', #3284, #5451, #3799, .T. ) ;
#6285 = VERTEX_POINT ( 'NONE', #5601 ) ;
#6286 = ORIENTED_EDGE ( 'NONE', *, *, #1875, .T. ) ;
#6287 = EDGE_CURVE ( 'NONE', #10112, #6387, #5078, .T. ) ;
#6288 = DIRECTION ( 'NONE',  ( 0.8285309289401450172, 0.000000000000000000, 0.5599433005131684293 ) ) ;
#6289 = VECTOR ( 'NONE', #1964, 39.37007874015748143 ) ;
#6290 = DIRECTION ( 'NONE',  ( 1.000000000000000000, 0.000000000000000000, 0.000000000000000000 ) ) ;
#6291 = LINE ( 'NONE', #5460, #8847 ) ;
#6292 = DIRECTION ( 'NONE',  ( -0.4657464328327953762, 0.000000000000000000, -0.8849182223818913284 ) ) ;
#6293 = CARTESIAN_POINT ( 'NONE',  ( -0.02704397967056052302, 0.09767322520658261453, 0.3405556044665384863 ) ) ;
#6294 = CARTESIAN_POINT ( 'NONE',  ( 0.1181102362204724532, 0.08070866141732283006, 0.03149606299212598381 ) ) ;
#6295 = DIRECTION ( 'NONE',  ( -1.000000000000000000, 0.000000000000000000, 0.000000000000000000 ) ) ;
#6296 = EDGE_LOOP ( 'NONE', ( #5919, #3600, #1731, #920 ) ) ;
#6297 = VERTEX_POINT ( 'NONE', #4901 ) ;
#6298 = ADVANCED_FACE ( 'NONE', ( #2984 ), #7476, .T. ) ;
#6299 = FACE_OUTER_BOUND ( 'NONE', #7210, .T. ) ;
#6300 = EDGE_LOOP ( 'NONE', ( #8944, #4139, #804, #7796 ) ) ;
#6301 = ORIENTED_EDGE ( 'NONE', *, *, #10776, .F. ) ;
#6302 = DIRECTION ( 'NONE',  ( 4.426808671231942861E-15, 0.000000000000000000, -1.000000000000000000 ) ) ;
#6303 = CARTESIAN_POINT ( 'NONE',  ( 0.08336614173228347469, 0.09842519685039370636, 0.1407480314960629919 ) ) ;
#6304 = CARTESIAN_POINT ( 'NONE',  ( -0.1406312231058267637, -0.08267716535433072833, 0.09055118110236221041 ) ) ;
#6305 = CARTESIAN_POINT ( 'NONE',  ( 0.1417322834645669549, -0.01968503937007873988, 0.07086614173228347746 ) ) ;
#6306 = DIRECTION ( 'NONE',  ( 0.000000000000000000, 0.000000000000000000, 1.000000000000000000 ) ) ;
#6307 = LINE ( 'NONE', #933, #916 ) ;
#6308 = LINE ( 'NONE', #5367, #3645 ) ;
#6309 = LINE ( 'NONE', #4440, #30 ) ;
#6310 = ORIENTED_EDGE ( 'NONE', *, *, #3101, .F. ) ;
#6311 = EDGE_CURVE ( 'NONE', #1443, #4503, #2867, .T. ) ;
#6312 = EDGE_CURVE ( 'NONE', #7807, #11132, #8628, .T. ) ;
#6313 = VERTEX_POINT ( 'NONE', #1171 ) ;
#6314 = VERTEX_POINT ( 'NONE', #7300 ) ;
#6315 = LINE ( 'NONE', #4397, #972 ) ;
#6316 = LINE ( 'NONE', #8008, #6599 ) ;
#6317 = ORIENTED_EDGE ( 'NONE', *, *, #3101, .T. ) ;
#6318 = CARTESIAN_POINT ( 'NONE',  ( -0.1181102362204724532, -0.06692913385826770867, 0.05118110236220473758 ) ) ;
#6319 = FACE_OUTER_BOUND ( 'NONE', #6648, .T. ) ;
#6320 = CARTESIAN_POINT ( 'NONE',  ( 0.03149606299212997368, 0.06348234447478975917, 0.1102362204724409295 ) ) ;
#6321 = VECTOR ( 'NONE', #9128, 39.37007874015748143 ) ;
#6322 = EDGE_CURVE ( 'NONE', #5252, #9087, #2486, .T. ) ;
#6323 = ORIENTED_EDGE ( 'NONE', *, *, #5417, .F. ) ;
#6324 = ORIENTED_EDGE ( 'NONE', *, *, #1197, .T. ) ;
#6325 = CARTESIAN_POINT ( 'NONE',  ( 0.1082677165354330728, 0.08070866141732283006, 0.1118110236220472564 ) ) ;
#6326 = VECTOR ( 'NONE', #6240, 39.37007874015748143 ) ;
#6327 = VECTOR ( 'NONE', #7014, 39.37007874015748143 ) ;
#6328 = EDGE_LOOP ( 'NONE', ( #432, #11005, #5833, #129, #10728, #1966, #3814, #1618, #10577, #4782 ) ) ;
#6329 = CARTESIAN_POINT ( 'NONE',  ( 0.1181102362204724532, -0.08267716535433072833, 0.09055118110236221041 ) ) ;
#6330 = CARTESIAN_POINT ( 'NONE',  ( 0.1417986402097637932, -0.09922749052996061858, 0.2164195065624802961 ) ) ;
#6331 = LINE ( 'NONE', #5389, #2467 ) ;
#6332 = CALENDAR_DATE ( 2024, 1, 10 ) ;
#6333 = CARTESIAN_POINT ( 'NONE',  ( -0.1082677165354331006, -0.01968503937007873988, 0.1811023622047244208 ) ) ;
#6334 = AXIS2_PLACEMENT_3D ( 'NONE', #2825, #51, #11519 ) ;
#6335 = VECTOR ( 'NONE', #7415, 39.37007874015748143 ) ;
#6336 = EDGE_LOOP ( 'NONE', ( #3137, #1219, #1173, #7029 ) ) ;
#6337 = CARTESIAN_POINT ( 'NONE',  ( 0.07677165354331430547, 0.09842519685039370636, 0.3838582677165318646 ) ) ;
#6338 = ADVANCED_FACE ( 'NONE', ( #8353 ), #313, .T. ) ;
#6339 = ORIENTED_EDGE ( 'NONE', *, *, #8681, .T. ) ;
#6340 = ORIENTED_EDGE ( 'NONE', *, *, #9997, .T. ) ;
#6341 = ORIENTED_EDGE ( 'NONE', *, *, #7822, .T. ) ;
#6342 = AXIS2_PLACEMENT_3D ( 'NONE', #3404, #4224, #5023 ) ;
#6343 = CARTESIAN_POINT ( 'NONE',  ( -0.1406663324992913355, -0.08858267716535435377, 0.2126060625815354432 ) ) ;
#6344 = AXIS2_PLACEMENT_3D ( 'NONE', #2913, #1093, #2851 ) ;
#6345 = CARTESIAN_POINT ( 'NONE',  ( -0.01205643530455444146, 0.09127289313273900806, -0.09842519094246626743 ) ) ;
#6346 = CARTESIAN_POINT ( 'NONE',  ( -0.1296850216507951514, -0.08858267716535438152, 0.3384208215388169738 ) ) ;
#6347 = PLANE ( 'NONE',  #5411 ) ;
#6348 = LINE ( 'NONE', #1797, #10824 ) ;
#6349 = EDGE_CURVE ( 'NONE', #9372, #10112, #2168, .T. ) ;
#6350 = CARTESIAN_POINT ( 'NONE',  ( -0.01933692075632061080, -0.09659266640870751985, 0.3459272052095472838 ) ) ;
#6351 = DIRECTION ( 'NONE',  ( 0.000000000000000000, 0.000000000000000000, 1.000000000000000000 ) ) ;
#6352 = ORIENTED_EDGE ( 'NONE', *, *, #8997, .F. ) ;
#6353 = EDGE_CURVE ( 'NONE', #8045, #240, #6663, .T. ) ;
#6354 = ORIENTED_EDGE ( 'NONE', *, *, #1383, .T. ) ;
#6355 = VECTOR ( 'NONE', #466, 39.37007874015748143 ) ;
#6356 = ORIENTED_EDGE ( 'NONE', *, *, #3945, .T. ) ;
#6357 = VECTOR ( 'NONE', #3372, 39.37007874015748143 ) ;
#6358 = DIRECTION ( 'NONE',  ( 0.000000000000000000, 0.000000000000000000, 1.000000000000000000 ) ) ;
#6359 = ORIENTED_EDGE ( 'NONE', *, *, #2360, .T. ) ;
#6360 = PLANE ( 'NONE',  #8599 ) ;
#6361 = CYLINDRICAL_SURFACE ( 'NONE', #10114, 0.01574803149606296415 ) ;
#6362 = DIRECTION ( 'NONE',  ( 0.000000000000000000, -1.000000000000000000, 0.000000000000000000 ) ) ;
#6363 = LINE ( 'NONE', #6304, #5118 ) ;
#6364 = LINE ( 'NONE', #26, #10879 ) ;
#6365 = CIRCLE ( 'NONE', #414, 0.01574803149606299885 ) ;
#6366 = DIRECTION ( 'NONE',  ( 1.000000000000000000, 0.000000000000000000, 0.000000000000000000 ) ) ;
#6367 = DIRECTION ( 'NONE',  ( -1.000000000000000000, 0.000000000000000000, 0.000000000000000000 ) ) ;
#6368 = CARTESIAN_POINT ( 'NONE',  ( -0.1313389175166527201, -0.09842519685039370636, 0.3395385684779934077 ) ) ;
#6369 = CARTESIAN_POINT ( 'NONE',  ( 0.03306413084559043508, 0.08850472181210593259, 0.1576872837210898937 ) ) ;
#6370 = VERTEX_POINT ( 'NONE', #5786 ) ;
#6371 = ADVANCED_FACE ( 'NONE', ( #9344 ), #10861, .T. ) ;
#6372 = ORIENTED_EDGE ( 'NONE', *, *, #3509, .F. ) ;
#6373 = ORIENTED_EDGE ( 'NONE', *, *, #7621, .F. ) ;
#6374 = VECTOR ( 'NONE', #8331, 39.37007874015748143 ) ;
#6375 = CARTESIAN_POINT ( 'NONE',  ( 0.1131889763779527630, -0.05905511811023622659, 0.04330708661417323468 ) ) ;
#6376 = FACE_OUTER_BOUND ( 'NONE', #3251, .T. ) ;
#6377 = VERTEX_POINT ( 'NONE', #1462 ) ;
#6378 = EDGE_CURVE ( 'NONE', #2285, #4794, #2352, .T. ) ;
#6379 = CARTESIAN_POINT ( 'NONE',  ( 0.1181102362204724532, 0.08070866141732283006, 0.1574803149606299191 ) ) ;
#6380 = CARTESIAN_POINT ( 'NONE',  ( -0.02559055118110236879, 0.05634701029051921578, 0.3749112753754881844 ) ) ;
#6381 = CARTESIAN_POINT ( 'NONE',  ( 0.000000000000000000, 0.08464566929133858497, 0.2106299212598425064 ) ) ;
#6382 = AXIS2_PLACEMENT_3D ( 'NONE', #1010, #1778, #952 ) ;
#6383 = ORIENTED_EDGE ( 'NONE', *, *, #10687, .F. ) ;
#6384 = ORIENTED_EDGE ( 'NONE', *, *, #4380, .F. ) ;
#6385 = CARTESIAN_POINT ( 'NONE',  ( -0.02558981788397048096, 0.07808474771212303711, 0.3647021164824346129 ) ) ;
#6386 = VECTOR ( 'NONE', #10053, 39.37007874015748143 ) ;
#6387 = VERTEX_POINT ( 'NONE', #9464 ) ;
#6388 = CARTESIAN_POINT ( 'NONE',  ( 0.1181102362204724532, 0.05905511811023622659, 0.1791338582677165503 ) ) ;
#6389 = EDGE_CURVE ( 'NONE', #9907, #6297, #8537, .T. ) ;
#6390 = ADVANCED_FACE ( 'NONE', ( #11152 ), #9575, .F. ) ;
#6391 = CARTESIAN_POINT ( 'NONE',  ( 0.1374899091962204778, -0.08778038348578741379, 0.2164446291017323443 ) ) ;
#6392 = DIRECTION ( 'NONE',  ( 0.000000000000000000, 0.000000000000000000, -1.000000000000000000 ) ) ;
#6393 = PLANE ( 'NONE',  #7092 ) ;
#6394 = VECTOR ( 'NONE', #4487, 39.37007874015748143 ) ;
#6395 = ORIENTED_EDGE ( 'NONE', *, *, #11226, .T. ) ;
#6396 = DIRECTION ( 'NONE',  ( 0.000000000000000000, 0.000000000000000000, -1.000000000000000000 ) ) ;
#6397 = ORIENTED_EDGE ( 'NONE', *, *, #3189, .F. ) ;
#6398 = ORIENTED_EDGE ( 'NONE', *, *, #8646, .T. ) ;
#6399 = VECTOR ( 'NONE', #4145, 39.37007874015748143 ) ;
#6400 = DIRECTION ( 'NONE',  ( 0.000000000000000000, 0.000000000000000000, 1.000000000000000000 ) ) ;
#6401 = EDGE_CURVE ( 'NONE', #6415, #9245, #1527, .T. ) ;
#6402 = PLANE ( 'NONE',  #1023 ) ;
#6403 = DIRECTION ( 'NONE',  ( 0.000000000000000000, 0.000000000000000000, 1.000000000000000000 ) ) ;
#6404 = DIRECTION ( 'NONE',  ( -1.000000000000000000, 0.000000000000000000, 0.000000000000000000 ) ) ;
#6405 = CARTESIAN_POINT ( 'NONE',  ( -0.1082677165354330728, 0.05905511811023622659, 0.3523622047244094890 ) ) ;
#6406 = DIRECTION ( 'NONE',  ( 0.3422818791946308226, 0.000000000000000000, 0.9395973154362415869 ) ) ;
#6407 = DIRECTION ( 'NONE',  ( 0.000000000000000000, 0.000000000000000000, -1.000000000000000000 ) ) ;
#6408 = EDGE_LOOP ( 'NONE', ( #5061, #1563, #1254, #3881, #3994, #3396, #11253, #10568, #2588, #9683 ) ) ;
#6409 = DIRECTION ( 'NONE',  ( 0.000000000000000000, 0.000000000000000000, -1.000000000000000000 ) ) ;
#6410 = AXIS2_PLACEMENT_3D ( 'NONE', #2125, #9010, #213 ) ;
#6411 = ORIENTED_EDGE ( 'NONE', *, *, #5620, .T. ) ;
#6412 = VECTOR ( 'NONE', #7076, 39.37007874015748143 ) ;
#6413 = CC_DESIGN_PERSON_AND_ORGANIZATION_ASSIGNMENT ( #4192, #5170, ( #10298 ) ) ;
#6414 = ORIENTED_EDGE ( 'NONE', *, *, #1688, .F. ) ;
#6415 = VERTEX_POINT ( 'NONE', #5910 ) ;
#6416 = DIRECTION ( 'NONE',  ( 1.000000000000000000, 0.000000000000000000, 0.000000000000000000 ) ) ;
#6417 = DIRECTION ( 'NONE',  ( 0.000000000000000000, 0.000000000000000000, 1.000000000000000000 ) ) ;
#6418 = CARTESIAN_POINT ( 'NONE',  ( 0.000000000000000000, 0.000000000000000000, 0.2362204724409449064 ) ) ;
#6419 = EDGE_CURVE ( 'NONE', #6153, #267, #3229, .T. ) ;
#6420 = VECTOR ( 'NONE', #8, 39.37007874015748143 ) ;
#6421 = LINE ( 'NONE', #4435, #6428 ) ;
#6422 = CARTESIAN_POINT ( 'NONE',  ( 5.516923087892980751E-44, -0.09842519685039370636, 0.07677165354330708902 ) ) ;
#6423 = LINE ( 'NONE', #7233, #5596 ) ;
#6424 = DIRECTION ( 'NONE',  ( 0.000000000000000000, 0.000000000000000000, -1.000000000000000000 ) ) ;
#6425 = LINE ( 'NONE', #9397, #4033 ) ;
#6426 = CARTESIAN_POINT ( 'NONE',  ( -0.03149606299212751731, 0.05226739388721071689, 0.4330708661417322913 ) ) ;
#6427 = ORIENTED_EDGE ( 'NONE', *, *, #6634, .F. ) ;
#6428 = VECTOR ( 'NONE', #10679, 39.37007874015748143 ) ;
#6429 = VERTEX_POINT ( 'NONE', #10281 ) ;
#6430 = VECTOR ( 'NONE', #2674, 39.37007874015748143 ) ;
#6431 = ORIENTED_EDGE ( 'NONE', *, *, #7380, .T. ) ;
#6432 = ADVANCED_FACE ( 'NONE', ( #6779 ), #1583, .F. ) ;
#6433 = DIRECTION ( 'NONE',  ( 0.5599433005138769737, 0.000000000000000000, 0.8285309289396661780 ) ) ;
#6434 = CARTESIAN_POINT ( 'NONE',  ( 0.000000000000000000, 0.08858267716535435377, 0.1801181102362204856 ) ) ;
#6435 = ORIENTED_EDGE ( 'NONE', *, *, #609, .T. ) ;
#6436 = DIRECTION ( 'NONE',  ( 0.000000000000000000, 0.000000000000000000, 1.000000000000000000 ) ) ;
#6437 = PLANE ( 'NONE',  #9223 ) ;
#6438 = AXIS2_PLACEMENT_3D ( 'NONE', #5296, #5240, #2779 ) ;
#6439 = DIRECTION ( 'NONE',  ( 1.000000000000000000, 0.000000000000000000, 0.000000000000000000 ) ) ;
#6440 = CARTESIAN_POINT ( 'NONE',  ( 0.02708530394030708721, 0.1142438587061417460, 0.03013551085833858154 ) ) ;
#6441 = CYLINDRICAL_SURFACE ( 'NONE', #9852, 0.007874015748031499423 ) ;
#6442 = ORIENTED_EDGE ( 'NONE', *, *, #4460, .T. ) ;
#6443 = EDGE_CURVE ( 'NONE', #5764, #4167, #11211, .T. ) ;
#6444 = DIRECTION ( 'NONE',  ( -0.8285309289396808330, 0.000000000000000000, 0.5599433005138551023 ) ) ;
#6445 = VECTOR ( 'NONE', #8659, 39.37007874015748143 ) ;
#6446 = CARTESIAN_POINT ( 'NONE',  ( 0.1078127691192519721, -0.05118110236220473758, 0.1102362204724409572 ) ) ;
#6447 = ORIENTED_EDGE ( 'NONE', *, *, #2576, .F. ) ;
#6448 = PLANE ( 'NONE',  #8275 ) ;
#6449 = DIRECTION ( 'NONE',  ( 0.000000000000000000, 0.000000000000000000, -1.000000000000000000 ) ) ;
#6450 = CARTESIAN_POINT ( 'NONE',  ( -0.02772763683370849455, 0.09523189488974753703, 0.03319175322457545291 ) ) ;
#6451 = FACE_OUTER_BOUND ( 'NONE', #2542, .T. ) ;
#6452 = ORIENTED_EDGE ( 'NONE', *, *, #4666, .F. ) ;
#6453 = CARTESIAN_POINT ( 'NONE',  ( 0.02559055118110236879, 0.04527559055118110520, 0.2342519685039370358 ) ) ;
#6454 = EDGE_CURVE ( 'NONE', #11133, #3963, #7830, .T. ) ;
#6455 = EDGE_CURVE ( 'NONE', #3091, #7872, #7716, .T. ) ;
#6456 = ORIENTED_EDGE ( 'NONE', *, *, #10088, .F. ) ;
#6457 = ORIENTED_EDGE ( 'NONE', *, *, #1140, .F. ) ;
#6458 = CARTESIAN_POINT ( 'NONE',  ( 0.1131889763779527630, -0.06692913385828652695, 0.2165354330708661457 ) ) ;
#6459 = CARTESIAN_POINT ( 'NONE',  ( 0.1406312231058070850, -0.09842519685039370636, 0.09055118110236221041 ) ) ;
#6460 = CARTESIAN_POINT ( 'NONE',  ( -0.03347112728440167218, 0.08830602425145034351, 0.03148139762548499143 ) ) ;
#6461 = PLANE ( 'NONE',  #4483 ) ;
#6462 = CARTESIAN_POINT ( 'NONE',  ( -0.02558260350908959230, 0.09676379152825266561, 0.3443278978645624711 ) ) ;
#6463 = DIRECTION ( 'NONE',  ( 1.000000000000000000, 0.000000000000000000, 0.000000000000000000 ) ) ;
#6464 = DIRECTION ( 'NONE',  ( -4.426808671231942861E-15, 0.000000000000000000, -1.000000000000000000 ) ) ;
#6465 = ORIENTED_EDGE ( 'NONE', *, *, #789, .F. ) ;
#6466 = DIRECTION ( 'NONE',  ( 6.195440985631453345E-16, 1.000000000000000000, -0.000000000000000000 ) ) ;
#6467 = ORIENTED_EDGE ( 'NONE', *, *, #211, .T. ) ;
#6468 = ORIENTED_EDGE ( 'NONE', *, *, #3675, .F. ) ;
#6469 = ADVANCED_FACE ( 'NONE', ( #3398, #719 ), #4097, .T. ) ;
#6470 = ORIENTED_EDGE ( 'NONE', *, *, #3674, .F. ) ;
#6471 = DIRECTION ( 'NONE',  ( -1.000000000000000000, 0.000000000000000000, 0.000000000000000000 ) ) ;
#6472 = VECTOR ( 'NONE', #1034, 39.37007874015747433 ) ;
#6473 = CARTESIAN_POINT ( 'NONE',  ( -0.1259842519685039353, -0.08070866141732283006, 0.1763779527559055371 ) ) ;
#6474 = LINE ( 'NONE', #9213, #1764 ) ;
#6475 = CARTESIAN_POINT ( 'NONE',  ( -0.07283464566929134798, 0.08858267716535435377, 0.1102362204724409434 ) ) ;
#6476 = DIRECTION ( 'NONE',  ( 0.000000000000000000, 0.000000000000000000, -1.000000000000000000 ) ) ;
#6477 = CARTESIAN_POINT ( 'NONE',  ( -0.1427909053053474930, -0.08812772974917322533, 0.08349859971619123800 ) ) ;
#6478 = CARTESIAN_POINT ( 'NONE',  ( 0.04148596373968504308, 0.08858267716535435377, 0.1555118110509252083 ) ) ;
#6479 = DIRECTION ( 'NONE',  ( -1.000000000000000000, 0.000000000000000000, 0.000000000000000000 ) ) ;
#6480 = LINE ( 'NONE', #3206, #392 ) ;
#6481 = VERTEX_POINT ( 'NONE', #6894 ) ;
#6482 = ADVANCED_FACE ( 'NONE', ( #8652 ), #11326, .F. ) ;
#6483 = FACE_OUTER_BOUND ( 'NONE', #1457, .T. ) ;
#6484 = ORIENTED_EDGE ( 'NONE', *, *, #8538, .T. ) ;
#6485 = DIRECTION ( 'NONE',  ( 0.000000000000000000, 0.000000000000000000, -1.000000000000000000 ) ) ;
#6486 = FACE_OUTER_BOUND ( 'NONE', #5944, .T. ) ;
#6487 = ORIENTED_EDGE ( 'NONE', *, *, #763, .T. ) ;
#6488 = FACE_OUTER_BOUND ( 'NONE', #3647, .T. ) ;
#6489 = CARTESIAN_POINT ( 'NONE',  ( 0.06545275590551181966, 0.09153543307086615954, 0.3700787401574803237 ) ) ;
#6490 = CARTESIAN_POINT ( 'NONE',  ( -0.1181102362204724671, -0.05905511811023623353, 0.2165354330708662012 ) ) ;
#6491 = PLANE ( 'NONE',  #9882 ) ;
#6492 = CARTESIAN_POINT ( 'NONE',  ( 0.1105824670671383125, 0.09672798273401281288, 0.2854330708661417249 ) ) ;
#6493 = EDGE_CURVE ( 'NONE', #5830, #1036, #10400, .T. ) ;
#6494 = DIRECTION ( 'NONE',  ( -1.000000000000000000, 0.000000000000000000, 0.000000000000000000 ) ) ;
#6495 = EDGE_CURVE ( 'NONE', #5630, #7359, #2109, .T. ) ;
#6496 = ORIENTED_EDGE ( 'NONE', *, *, #11333, .F. ) ;
#6497 = ORIENTED_EDGE ( 'NONE', *, *, #8857, .F. ) ;
#6498 = FACE_BOUND ( 'NONE', #9263, .T. ) ;
#6499 = CARTESIAN_POINT ( 'NONE',  ( -0.07322834645668319098, 0.09153543307086615954, 0.1122047244094522972 ) ) ;
#6500 = VERTEX_POINT ( 'NONE', #6086 ) ;
#6501 = CARTESIAN_POINT ( 'NONE',  ( 0.1422251440816940105, -0.08858267716535435377, 0.3223955678324820218 ) ) ;
#6502 = VECTOR ( 'NONE', #9838, 39.37007874015748143 ) ;
#6503 = CYLINDRICAL_SURFACE ( 'NONE', #2980, 0.01574803149606299885 ) ;
#6504 = CARTESIAN_POINT ( 'NONE',  ( -0.02635179319956496360, 0.09974888107841589635, 0.03109224798547237031 ) ) ;
#6505 = EDGE_CURVE ( 'NONE', #1458, #10531, #9635, .T. ) ;
#6506 = LINE ( 'NONE', #10997, #9132 ) ;
#6507 = EDGE_LOOP ( 'NONE', ( #8334, #2422, #487, #7223 ) ) ;
#6508 = DIRECTION ( 'NONE',  ( 0.000000000000000000, 1.000000000000000000, 0.000000000000000000 ) ) ;
#6509 = EDGE_CURVE ( 'NONE', #2336, #7021, #258, .T. ) ;
#6510 = VECTOR ( 'NONE', #27, 39.37007874015748143 ) ;
#6511 = ORIENTED_EDGE ( 'NONE', *, *, #9701, .T. ) ;
#6512 = VERTEX_POINT ( 'NONE', #5846 ) ;
#6513 = CARTESIAN_POINT ( 'NONE',  ( 0.02559055118110236879, 0.03967634165172461563, 0.3944881889763204308 ) ) ;
#6514 = CARTESIAN_POINT ( 'NONE',  ( -0.1082677165354330728, -0.02362204724409448786, 0.1968503937007874127 ) ) ;
#6515 = LINE ( 'NONE', #7330, #2126 ) ;
#6516 = LINE ( 'NONE', #10076, #3385 ) ;
#6517 = DIRECTION ( 'NONE',  ( 1.000000000000000000, 0.000000000000000000, 0.000000000000000000 ) ) ;
#6518 = VECTOR ( 'NONE', #96, 39.37007874015748143 ) ;
#6519 = ADVANCED_FACE ( 'NONE', ( #9404, #1410 ), #4964, .F. ) ;
#6520 = AXIS2_PLACEMENT_3D ( 'NONE', #2223, #5783, #7360 ) ;
#6521 = DIRECTION ( 'NONE',  ( 1.000000000000000000, 0.000000000000000000, 0.000000000000000000 ) ) ;
#6522 = EDGE_CURVE ( 'NONE', #11175, #7250, #4351, .T. ) ;
#6523 = CARTESIAN_POINT ( 'NONE',  ( -0.1010826771653543232, 0.09153543307086615954, 0.1555118110236220763 ) ) ;
#6524 = VERTEX_POINT ( 'NONE', #6251 ) ;
#6525 = CARTESIAN_POINT ( 'NONE',  ( -0.08336614173228347469, 0.09842519685039370636, 0.01476377952755512056 ) ) ;
#6526 = ORIENTED_EDGE ( 'NONE', *, *, #10943, .T. ) ;
#6527 = ORIENTED_EDGE ( 'NONE', *, *, #11214, .F. ) ;
#6528 = ORIENTED_EDGE ( 'NONE', *, *, #2038, .T. ) ;
#6529 = CIRCLE ( 'NONE', #8399, 0.007874015748031499423 ) ;
#6530 = CARTESIAN_POINT ( 'NONE',  ( -0.06338582677165355284, 0.09153543307086615954, 0.08464566929133858497 ) ) ;
#6531 = VECTOR ( 'NONE', #1926, 39.37007874015748143 ) ;
#6532 = DIRECTION ( 'NONE',  ( 0.000000000000000000, 0.000000000000000000, 1.000000000000000000 ) ) ;
#6533 = CARTESIAN_POINT ( 'NONE',  ( -0.04148596327578740056, 0.09842519703454725988, 0.1555118110236220763 ) ) ;
#6534 = CARTESIAN_POINT ( 'NONE',  ( 0.1003937007874015630, 0.08070866141732283006, 0.03149606299212598381 ) ) ;
#6535 = LINE ( 'NONE', #3972, #8284 ) ;
#6536 = CARTESIAN_POINT ( 'NONE',  ( 0.1099334026759451605, -0.08832213959584886420, 0.3562992125984251746 ) ) ;
#6537 = EDGE_CURVE ( 'NONE', #9658, #9087, #823, .T. ) ;
#6538 = DIRECTION ( 'NONE',  ( 0.000000000000000000, 0.000000000000000000, -1.000000000000000000 ) ) ;
#6539 = EDGE_CURVE ( 'NONE', #4432, #4948, #4172, .T. ) ;
#6540 = AXIS2_PLACEMENT_3D ( 'NONE', #8321, #5692, #11118 ) ;
#6541 = ORIENTED_EDGE ( 'NONE', *, *, #2187, .T. ) ;
#6542 = CIRCLE ( 'NONE', #1312, 0.007874015748031499423 ) ;
#6543 = CARTESIAN_POINT ( 'NONE',  ( 0.1226704753479133797, -0.09490350197023621204, 0.2165248657779527686 ) ) ;
#6544 = VERTEX_POINT ( 'NONE', #8110 ) ;
#6545 = LINE ( 'NONE', #7538, #2666 ) ;
#6546 = VECTOR ( 'NONE', #3086, 39.37007874015748143 ) ;
#6547 = CARTESIAN_POINT ( 'NONE',  ( 0.01130208868571893829, -0.09785868637796149572, 0.3153207540690097233 ) ) ;
#6548 = ORIENTED_EDGE ( 'NONE', *, *, #5369, .T. ) ;
#6549 = DIRECTION ( 'NONE',  ( 0.000000000000000000, 0.000000000000000000, -1.000000000000000000 ) ) ;
#6550 = FACE_OUTER_BOUND ( 'NONE', #8461, .T. ) ;
#6551 = LINE ( 'NONE', #2231, #10549 ) ;
#6552 = EDGE_CURVE ( 'NONE', #6481, #6285, #3561, .T. ) ;
#6553 = CARTESIAN_POINT ( 'NONE',  ( -0.1181102362204724532, -0.08070866141732283006, 0.3346456692913385988 ) ) ;
#6554 = CARTESIAN_POINT ( 'NONE',  ( 0.02914214335559843494, 0.1060457387139370072, 0.02805182877024803290 ) ) ;
#6555 = ORIENTED_EDGE ( 'NONE', *, *, #2005, .F. ) ;
#6556 = DIRECTION ( 'NONE',  ( 1.000000000000000000, 0.000000000000000000, 0.000000000000000000 ) ) ;
#6557 = VECTOR ( 'NONE', #2458, 39.37007874015748143 ) ;
#6558 = ORIENTED_EDGE ( 'NONE', *, *, #9279, .F. ) ;
#6559 = VERTEX_POINT ( 'NONE', #1805 ) ;
#6560 = DIRECTION ( 'NONE',  ( 0.000000000000000000, 1.000000000000000000, 0.000000000000000000 ) ) ;
#6562 = EDGE_CURVE ( 'NONE', #9954, #4794, #8999, .T. ) ;
#6561 = DIRECTION ( 'NONE',  ( 1.224646799147358384E-16, 0.000000000000000000, -1.000000000000000000 ) ) ;
#6563 = VERTEX_POINT ( 'NONE', #77 ) ;
#6564 = VECTOR ( 'NONE', #7087, 39.37007874015748143 ) ;
#6565 = DIRECTION ( 'NONE',  ( -0.3422818791955080653, 0.000000000000000000, -0.9395973154359219537 ) ) ;
#6566 = EDGE_CURVE ( 'NONE', #6817, #9326, #10864, .T. ) ;
#6567 = DIRECTION ( 'NONE',  ( 6.195440985631453345E-16, 1.000000000000000000, -0.000000000000000000 ) ) ;
#6568 = CARTESIAN_POINT ( 'NONE',  ( -0.03349703621353497529, 0.09872106080744956491, 0.02885744848265785895 ) ) ;
#6569 = DIRECTION ( 'NONE',  ( 0.4516689612929381537, 0.000000000000000000, 0.8921856025539519619 ) ) ;
#6570 = ORIENTED_EDGE ( 'NONE', *, *, #1669, .F. ) ;
#6571 = DIRECTION ( 'NONE',  ( 0.000000000000000000, 1.000000000000000000, 0.000000000000000000 ) ) ;
#6572 = AXIS2_PLACEMENT_3D ( 'NONE', #11038, #9104, #4665 ) ;
#6573 = ORIENTED_EDGE ( 'NONE', *, *, #11148, .F. ) ;
#6574 = ORIENTED_EDGE ( 'NONE', *, *, #9865, .F. ) ;
#6575 = EDGE_CURVE ( 'NONE', #9144, #10671, #8650, .T. ) ;
#6576 = CARTESIAN_POINT ( 'NONE',  ( -0.1406312231058267637, -0.09842519685039370636, 0.05503806823275591426 ) ) ;
#6577 = DIRECTION ( 'NONE',  ( 0.000000000000000000, 1.000000000000000000, 0.000000000000000000 ) ) ;
#6578 = DIRECTION ( 'NONE',  ( 1.000000000000000000, 0.000000000000000000, 0.000000000000000000 ) ) ;
#6579 = CARTESIAN_POINT ( 'NONE',  ( 0.1082677165354330728, 0.000000000000000000, 0.2381889763779527491 ) ) ;
#6580 = CARTESIAN_POINT ( 'NONE',  ( 0.1181102362204724532, -0.08070866141732283006, 0.3562992125984252301 ) ) ;
#6581 = CARTESIAN_POINT ( 'NONE',  ( 0.1181102362204724532, -0.02362204724409448092, 0.2145669291338582751 ) ) ;
#6582 = CARTESIAN_POINT ( 'NONE',  ( 0.1417322834645669549, -0.004724409448818898440, 0.08661417322834646937 ) ) ;
#6583 = VERTEX_POINT ( 'NONE', #11494 ) ;
#6584 = ORIENTED_EDGE ( 'NONE', *, *, #10536, .T. ) ;
#6585 = EDGE_LOOP ( 'NONE', ( #9053, #7489, #4325, #7073, #9931, #5994, #8665, #5647, #8550, #5453, #3961, #1884, #10339, #59, #8335, #3767 ) ) ;
#6586 = ORIENTED_EDGE ( 'NONE', *, *, #1651, .T. ) ;
#6587 = B_SPLINE_CURVE_WITH_KNOTS ( 'NONE', 3,
 ( #3279, #9624, #9455, #1628, #4319, #4149 ),
 .UNSPECIFIED., .F., .F.,
 ( 4, 2, 4 ),
 ( 0.000000000000000000, 0.5000000000000000000, 1.000000000000000000 ),
 .UNSPECIFIED. ) ;
#6588 = VERTEX_POINT ( 'NONE', #1693 ) ;
#6589 = VECTOR ( 'NONE', #6070, 39.37007874015748143 ) ;
#6590 = LINE ( 'NONE', #10147, #4302 ) ;
#6591 = EDGE_CURVE ( 'NONE', #2490, #8955, #1750, .T. ) ;
#6592 = FACE_OUTER_BOUND ( 'NONE', #8694, .T. ) ;
#6593 = CARTESIAN_POINT ( 'NONE',  ( -0.01933692075632060733, -0.09659266640870751985, 0.1097067327686024468 ) ) ;
#6594 = CARTESIAN_POINT ( 'NONE',  ( -0.02559055118110237573, 0.06778246372590553126, 0.05146518875334647053 ) ) ;
#6595 = CARTESIAN_POINT ( 'NONE',  ( -0.1393455678156299282, -0.09842519685039370636, 0.3562992125984252301 ) ) ;
#6596 = CARTESIAN_POINT ( 'NONE',  ( 0.1189531197701434728, -0.09697397078967492923, 0.3562992125984252301 ) ) ;
#6597 = CARTESIAN_POINT ( 'NONE',  ( -0.1160509151414434031, 0.09047669440272707031, 0.3838582677165355284 ) ) ;
#6598 = VECTOR ( 'NONE', #8370, 39.37007874015748143 ) ;
#6599 = VECTOR ( 'NONE', #3578, 39.37007874015748143 ) ;
#6600 = ORIENTED_EDGE ( 'NONE', *, *, #8510, .T. ) ;
#6601 = VERTEX_POINT ( 'NONE', #7174 ) ;
#6602 = ADVANCED_FACE ( 'NONE', ( #10731 ), #7118, .F. ) ;
#6603 = DIRECTION ( 'NONE',  ( 1.000000000000000000, 0.000000000000000000, 0.000000000000000000 ) ) ;
#6604 = ADVANCED_FACE ( 'NONE', ( #4433 ), #8764, .T. ) ;
#6605 = AXIS2_PLACEMENT_3D ( 'NONE', #6638, #9958, #227 ) ;
#6606 = AXIS2_PLACEMENT_3D ( 'NONE', #5899, #9451, #7765 ) ;
#6607 = PLANE ( 'NONE',  #5100 ) ;
#6608 = VERTEX_POINT ( 'NONE', #8982 ) ;
#6609 = CARTESIAN_POINT ( 'NONE',  ( -0.1078127691192519721, -0.05118110236220473758, 0.03937007874015747977 ) ) ;
#6610 = CARTESIAN_POINT ( 'NONE',  ( 0.1427909053053550703, -0.08858267716535435377, 0.08349859971618901755 ) ) ;
#6611 = CARTESIAN_POINT ( 'NONE',  ( -0.1082677165354330728, -0.05118110236220473758, 0.1574803149606299191 ) ) ;
#6612 = CARTESIAN_POINT ( 'NONE',  ( 0.09704724409448818589, 0.08858267716535435377, 0.1102362204724409434 ) ) ;
#6613 = CARTESIAN_POINT ( 'NONE',  ( 0.04000071090110236122, 0.1038436261668897742, 0.02969497493761416931 ) ) ;
#6614 = EDGE_LOOP ( 'NONE', ( #11349, #8272, #9221 ) ) ;
#6615 = FACE_OUTER_BOUND ( 'NONE', #10599, .T. ) ;
#6616 = VECTOR ( 'NONE', #4085, 39.37007874015748143 ) ;
#6617 = VERTEX_POINT ( 'NONE', #1915 ) ;
#6618 = ORIENTED_EDGE ( 'NONE', *, *, #9385, .F. ) ;
#6619 = CARTESIAN_POINT ( 'NONE',  ( 0.03149606299213093125, 0.05226739388720866991, 0.4330708661417322913 ) ) ;
#6620 = EDGE_CURVE ( 'NONE', #11194, #6544, #1908, .T. ) ;
#6621 = CARTESIAN_POINT ( 'NONE',  ( 0.000000000000000000, 0.08464566929133858497, 0.1259842519685039353 ) ) ;
#6622 =( BOUNDED_SURFACE ( )  B_SPLINE_SURFACE ( 3, 3, ( 
 ( #535, #5128, #9510, #7766, #4086, #11261, #6124 ),
 ( #6944, #4957, #4148, #1399, #10501, #10388, #6882 ),
 ( #7705, #2454, #8699, #7816, #11372, #2398, #2512 ),
 ( #760, #3443, #6073, #1627, #9623, #5184, #7877 ) ),
 .UNSPECIFIED., .F., .F., .T. ) 
 B_SPLINE_SURFACE_WITH_KNOTS ( ( 4, 4 ),
 ( 4, 1, 1, 1, 4 ),
 ( 0.000000000000000000, 1.000000000000000000 ),
 ( -0.05436245445625000061, 0.000000000000000000, 0.3226612926679999771, 0.6574674575269999766, 0.9666226001916999877 ),
 .UNSPECIFIED. ) 
 GEOMETRIC_REPRESENTATION_ITEM ( )  RATIONAL_B_SPLINE_SURFACE ( (
 ( 1.188262806375999903, 1.188262806375999903, 1.188262806375999903, 1.188262806375999903, 1.188262806375999903, 1.188262806375999903, 1.188262806375999903),
 ( 0.9372457312080000325, 0.9372457312080000325, 0.9372457312080000325, 0.9372457312080000325, 0.9372457312080000325, 0.9372457312080000325, 0.9372457312080000325),
 ( 0.9372457312080000325, 0.9372457312080000325, 0.9372457312080000325, 0.9372457312080000325, 0.9372457312080000325, 0.9372457312080000325, 0.9372457312080000325),
 ( 1.188262806375999903, 1.188262806375999903, 1.188262806375999903, 1.188262806375999903, 1.188262806375999903, 1.188262806375999903, 1.188262806375999903) ) ) 
 REPRESENTATION_ITEM ( '' )  SURFACE ( )  );
#6623 = ORIENTED_EDGE ( 'NONE', *, *, #11226, .F. ) ;
#6624 = AXIS2_PLACEMENT_3D ( 'NONE', #7983, #7, #6290 ) ;
#6625 = AXIS2_PLACEMENT_3D ( 'NONE', #5166, #5387, #6222 ) ;
#6626 = CARTESIAN_POINT ( 'NONE',  ( -0.1422251440816950652, -0.08813714464149606520, 0.3468957707501936771 ) ) ;
#6627 = DIRECTION ( 'NONE',  ( 0.000000000000000000, 0.000000000000000000, -1.000000000000000000 ) ) ;
#6628 = CARTESIAN_POINT ( 'NONE',  ( -0.02763717460292416592, 0.09833007860265344235, 0.03162105648384101741 ) ) ;
#6629 = CARTESIAN_POINT ( 'NONE',  ( 0.1259842519685039353, -0.08070866141732283006, 0.2165354330708661457 ) ) ;
#6630 = EDGE_LOOP ( 'NONE', ( #6938, #2448, #11280, #6301 ) ) ;
#6631 = CARTESIAN_POINT ( 'NONE',  ( 0.02559055117058004272, 0.08887361798203420593, 0.04527559031906885217 ) ) ;
#6632 = AXIS2_PLACEMENT_3D ( 'NONE', #9096, #988, #10788 ) ;
#6633 = VERTEX_POINT ( 'NONE', #8928 ) ;
#6634 = EDGE_CURVE ( 'NONE', #4896, #223, #9857, .T. ) ;
#6635 = ORIENTED_EDGE ( 'NONE', *, *, #7455, .F. ) ;
#6636 = LINE ( 'NONE', #6458, #6253 ) ;
#6637 = CARTESIAN_POINT ( 'NONE',  ( -0.1082677165354330728, -0.08070866141732283006, 0.1968503937007874127 ) ) ;
#6638 = CARTESIAN_POINT ( 'NONE',  ( -0.1259842519685039353, -0.08070866141732283006, 0.05118110236220473758 ) ) ;
#6639 = CARTESIAN_POINT ( 'NONE',  ( -0.1181102362204724532, 0.0009842519685039369942, 0.3129921259842520231 ) ) ;
#6640 = CARTESIAN_POINT ( 'NONE',  ( 0.1219539792495203806, -0.08778731167709376282, 0.3562992125984252856 ) ) ;
#6641 = DIRECTION ( 'NONE',  ( 1.000000000000000000, 0.000000000000000000, 0.000000000000000000 ) ) ;
#6642 = CARTESIAN_POINT ( 'NONE',  ( 0.1023622047244094613, 0.08858267716535435377, 0.3838582677165355284 ) ) ;
#6643 = ADVANCED_FACE ( 'NONE', ( #11440 ), #4329, .T. ) ;
#6644 = VERTEX_POINT ( 'NONE', #10781 ) ;
#6645 = ORIENTED_EDGE ( 'NONE', *, *, #6864, .T. ) ;
#6646 = LINE ( 'NONE', #10259, #1843 ) ;
#6647 = ORIENTED_EDGE ( 'NONE', *, *, #7964, .F. ) ;
#6648 = EDGE_LOOP ( 'NONE', ( #739, #1892, #6447, #428 ) ) ;
#6649 = ORIENTED_EDGE ( 'NONE', *, *, #1688, .T. ) ;
#6650 = ADVANCED_FACE ( 'NONE', ( #2795 ), #6361, .F. ) ;
#6651 = ORIENTED_EDGE ( 'NONE', *, *, #8946, .F. ) ;
#6652 = CARTESIAN_POINT ( 'NONE',  ( 0.1023622047244094613, 0.09842519685039372024, 0.3838582677165355284 ) ) ;
#6653 = DIRECTION ( 'NONE',  ( 1.000000000000000000, 0.000000000000000000, 0.000000000000000000 ) ) ;
#6654 = CARTESIAN_POINT ( 'NONE',  ( 0.06102362204535349138, 8.075918852575181377E-18, 0.3070866141722329301 ) ) ;
#6655 = CARTESIAN_POINT ( 'NONE',  ( 0.1393455678156643729, -0.09842519685039370636, 0.3129921259842520231 ) ) ;
#6656 = LINE ( 'NONE', #2097, #10337 ) ;
#6657 = DIRECTION ( 'NONE',  ( 0.000000000000000000, 1.000000000000000000, 0.000000000000000000 ) ) ;
#6658 = LINE ( 'NONE', #11147, #7790 ) ;
#6659 = ADVANCED_FACE ( 'NONE', ( #10086 ), #10906, .T. ) ;
#6660 = ORIENTED_EDGE ( 'NONE', *, *, #4486, .T. ) ;
#6661 = CARTESIAN_POINT ( 'NONE',  ( -0.03991566127579111722, 0.09842516346510619962, 0.02952755275472821600 ) ) ;
#6662 = VERTEX_POINT ( 'NONE', #3903 ) ;
#6663 = LINE ( 'NONE', #7364, #10108 ) ;
#6664 = DIRECTION ( 'NONE',  ( 0.000000000000000000, -1.000000000000000000, 0.000000000000000000 ) ) ;
#6665 = LINE ( 'NONE', #3984, #6979 ) ;
#6666 = CARTESIAN_POINT ( 'NONE',  ( -0.1416474079297140864, -0.08858267716535438152, 0.3562992125984252301 ) ) ;
#6667 = AXIS2_PLACEMENT_3D ( 'NONE', #7274, #10609, #917 ) ;
#6668 = DIRECTION ( 'NONE',  ( -1.000000000000000000, 0.000000000000000000, 0.000000000000000000 ) ) ;
#6669 = DIRECTION ( 'NONE',  ( 1.000000000000000000, 0.000000000000000000, 0.000000000000000000 ) ) ;
#6670 = ADVANCED_FACE ( 'NONE', ( #2093 ), #5587, .T. ) ;
#6671 = ORIENTED_EDGE ( 'NONE', *, *, #7229, .F. ) ;
#6672 = ADVANCED_FACE ( 'NONE', ( #4709, #10844 ), #3968, .T. ) ;
#6673 = CARTESIAN_POINT ( 'NONE',  ( -0.07283464566928457562, 0.09153543307086615954, 0.1259842519685087925 ) ) ;
#6674 = ORIENTED_EDGE ( 'NONE', *, *, #7371, .F. ) ;
#6675 = VERTEX_POINT ( 'NONE', #1221 ) ;
#6676 = CARTESIAN_POINT ( 'NONE',  ( 0.1181102362204724532, -0.08070866141732283006, 0.1771653543307087075 ) ) ;
#6677 = CARTESIAN_POINT ( 'NONE',  ( 0.1082677165354330728, 0.0009842519685039369942, 0.3562992125984252301 ) ) ;
#6678 = ORIENTED_EDGE ( 'NONE', *, *, #6353, .F. ) ;
#6679 = DIRECTION ( 'NONE',  ( 0.000000000000000000, 0.000000000000000000, -1.000000000000000000 ) ) ;
#6680 = FACE_OUTER_BOUND ( 'NONE', #3657, .T. ) ;
#6681 = CARTESIAN_POINT ( 'NONE',  ( -0.02553023398094722909, 0.09547365686686457020, 0.03880932626252892731 ) ) ;
#6682 = EDGE_CURVE ( 'NONE', #2717, #2505, #8218, .T. ) ;
#6683 = CARTESIAN_POINT ( 'NONE',  ( 0.000000000000000000, 0.08464566929133858497, 0.05610236220472441387 ) ) ;
#6684 = ORIENTED_EDGE ( 'NONE', *, *, #6755, .T. ) ;
#6685 = LINE ( 'NONE', #3135, #4639 ) ;
#6686 = ORIENTED_EDGE ( 'NONE', *, *, #7265, .F. ) ;
#6687 = ORIENTED_EDGE ( 'NONE', *, *, #4635, .F. ) ;
#6688 = CARTESIAN_POINT ( 'NONE',  ( 0.1250000000000000000, -0.01968503937007873988, 0.07086614173228347746 ) ) ;
#6689 = DIRECTION ( 'NONE',  ( 0.000000000000000000, 0.000000000000000000, 1.000000000000000000 ) ) ;
#6690 = LINE ( 'NONE', #5820, #8762 ) ;
#6691 = DIRECTION ( 'NONE',  ( 0.000000000000000000, 1.000000000000000000, 0.000000000000000000 ) ) ;
#6692 = FACE_OUTER_BOUND ( 'NONE', #4551, .T. ) ;
#6693 = EDGE_CURVE ( 'NONE', #7586, #4182, #4767, .T. ) ;
#6694 = CARTESIAN_POINT ( 'NONE',  ( 0.1082677165354330728, 0.000000000000000000, 0.1102362204724409434 ) ) ;
#6695 = CARTESIAN_POINT ( 'NONE',  ( 0.1259842519684462314, -0.08858267716537090997, 0.2165083062001569580 ) ) ;
#6696 = ORIENTED_EDGE ( 'NONE', *, *, #10468, .T. ) ;
#6697 = AXIS2_PLACEMENT_3D ( 'NONE', #7324, #2894, #220 ) ;
#6698 = ORIENTED_EDGE ( 'NONE', *, *, #2754, .F. ) ;
#6699 = CARTESIAN_POINT ( 'NONE',  ( -0.1259842519685039353, -0.08858267716535435377, 0.07086614173228347746 ) ) ;
#6700 = VERTEX_POINT ( 'NONE', #9272 ) ;
#6701 = B_SPLINE_CURVE_WITH_KNOTS ( 'NONE', 3,
 ( #8600, #2412, #2534, #1643 ),
 .UNSPECIFIED., .F., .F.,
 ( 4, 4 ),
 ( 0.000000000000000000, 1.000000000000000000 ),
 .UNSPECIFIED. ) ;
#6702 = ORIENTED_EDGE ( 'NONE', *, *, #10590, .T. ) ;
#6703 = VERTEX_POINT ( 'NONE', #1275 ) ;
#6704 = ORIENTED_EDGE ( 'NONE', *, *, #5472, .T. ) ;
#6705 = DIRECTION ( 'NONE',  ( -0.000000000000000000, -1.000000000000000000, -0.000000000000000000 ) ) ;
#6706 = FACE_OUTER_BOUND ( 'NONE', #3708, .T. ) ;
#6707 = VECTOR ( 'NONE', #4130, 39.37007874015748143 ) ;
#6708 = CARTESIAN_POINT ( 'NONE',  ( 0.000000000000000000, 0.000000000000000000, -0.09842519685030418075 ) ) ;
#6709 = ADVANCED_FACE ( 'NONE', ( #4825 ), #7464, .F. ) ;
#6710 = AXIS2_PLACEMENT_3D ( 'NONE', #7353, #8168, #6367 ) ;
#6711 = CARTESIAN_POINT ( 'NONE',  ( -0.1023622047244094613, 0.08858267716535435377, 0.3838582677165355284 ) ) ;
#6712 = CARTESIAN_POINT ( 'NONE',  ( 0.1082677165354331006, -0.09842519685039370636, 0.000000000000000000 ) ) ;
#6713 = DIRECTION ( 'NONE',  ( 0.000000000000000000, 1.000000000000000000, 0.000000000000000000 ) ) ;
#6714 = CARTESIAN_POINT ( 'NONE',  ( -0.1142387973025730391, 0.09308521596396762687, 0.3838582677165355839 ) ) ;
#6715 = ADVANCED_FACE ( 'NONE', ( #6592 ), #8161, .T. ) ;
#6716 = ADVANCED_FACE ( 'NONE', ( #10208 ), #5471, .F. ) ;
#6717 = ORIENTED_EDGE ( 'NONE', *, *, #10794, .T. ) ;
#6718 = VECTOR ( 'NONE', #11401, 39.37007874015748143 ) ;
#6719 = DIRECTION ( 'NONE',  ( -0.8285309289380106135, 0.000000000000000000, -0.5599433005163263477 ) ) ;
#6720 = VECTOR ( 'NONE', #9524, 39.37007874015748854 ) ;
#6721 = LINE ( 'NONE', #1107, #10801 ) ;
#6722 = ORIENTED_EDGE ( 'NONE', *, *, #8187, .T. ) ;
#6723 = DIRECTION ( 'NONE',  ( 0.000000000000000000, 0.000000000000000000, -1.000000000000000000 ) ) ;
#6724 = DIRECTION ( 'NONE',  ( 0.000000000000000000, 0.000000000000000000, 1.000000000000000000 ) ) ;
#6725 = ADVANCED_FACE ( 'NONE', ( #7344 ), #4595, .F. ) ;
#6726 = CARTESIAN_POINT ( 'NONE',  ( -0.02559055118110236879, 0.05694600674917324468, 0.1032652947977559382 ) ) ;
#6727 = AXIS2_PLACEMENT_3D ( 'NONE', #5147, #548, #11279 ) ;
#6728 = CARTESIAN_POINT ( 'NONE',  ( 0.1417322834645669549, 0.009842519685039369942, 0.2125984251968504046 ) ) ;
#6729 = AXIS2_PLACEMENT_3D ( 'NONE', #4029, #531, #1336 ) ;
#6730 = CARTESIAN_POINT ( 'NONE',  ( 0.1082677165354330728, -0.05905511811023622659, 0.2244094488188976555 ) ) ;
#6731 = ADVANCED_FACE ( 'NONE', ( #1973 ), #2852, .T. ) ;
#6732 = EDGE_CURVE ( 'NONE', #4776, #3311, #9971, .T. ) ;
#6733 = PLANE ( 'NONE',  #6727 ) ;
#6734 = ORIENTED_EDGE ( 'NONE', *, *, #6284, .T. ) ;
#6735 = DIRECTION ( 'NONE',  ( 0.000000000000000000, 1.000000000000000000, 0.000000000000000000 ) ) ;
#6736 = ORIENTED_EDGE ( 'NONE', *, *, #9829, .F. ) ;
#6737 = ORIENTED_EDGE ( 'NONE', *, *, #2663, .F. ) ;
#6738 = VECTOR ( 'NONE', #10004, 39.37007874015748143 ) ;
#6739 = DIRECTION ( 'NONE',  ( 0.000000000000000000, 0.000000000000000000, 1.000000000000000000 ) ) ;
#6740 = LINE ( 'NONE', #7432, #990 ) ;
#6741 = EDGE_CURVE ( 'NONE', #7003, #1420, #10027, .T. ) ;
#6742 = ORIENTED_EDGE ( 'NONE', *, *, #11214, .T. ) ;
#6743 = CARTESIAN_POINT ( 'NONE',  ( 0.1239228394661484184, -0.08858267716535433989, 0.3129921259842520231 ) ) ;
#6744 = CARTESIAN_POINT ( 'NONE',  ( 0.03149606299213093125, 0.05226739388720866991, 0.3267716535433071168 ) ) ;
#6745 = CARTESIAN_POINT ( 'NONE',  ( -0.1181102362204724532, -0.05905511811023622659, 0.04330708661417323468 ) ) ;
#6746 = AXIS2_PLACEMENT_3D ( 'NONE', #7273, #8041, #10831 ) ;
#6747 = CARTESIAN_POINT ( 'NONE',  ( -0.1346456692913385877, -0.08813714464149606520, 0.3346456692913385988 ) ) ;
#6748 = ORIENTED_EDGE ( 'NONE', *, *, #11386, .F. ) ;
#6749 = VERTEX_POINT ( 'NONE', #2914 ) ;
#6750 = LINE ( 'NONE', #1484, #394 ) ;
#6751 = ORIENTED_EDGE ( 'NONE', *, *, #1547, .F. ) ;
#6752 = ORIENTED_EDGE ( 'NONE', *, *, #9081, .T. ) ;
#6753 = VECTOR ( 'NONE', #7195, 39.37007874015748143 ) ;
#6754 = EDGE_CURVE ( 'NONE', #1357, #1551, #3785, .T. ) ;
#6755 = EDGE_CURVE ( 'NONE', #4039, #9144, #6827, .T. ) ;
#6756 = CARTESIAN_POINT ( 'NONE',  ( -0.07873982347860858377, 0.000000000000000000, -0.09842519685254211281 ) ) ;
#6757 = CARTESIAN_POINT ( 'NONE',  ( 0.1131889763779527630, -0.02362204724409448092, 0.08858267716535435377 ) ) ;
#6758 = CARTESIAN_POINT ( 'NONE',  ( -0.07677165354330303670, 0.09842519685039370636, 0.3838582677165365831 ) ) ;
#6759 = CARTESIAN_POINT ( 'NONE',  ( 0.1082677165354331006, 0.08464566929133858497, 0.1555118110236220763 ) ) ;
#6760 = CARTESIAN_POINT ( 'NONE',  ( 0.1181102362204724532, 0.05905511811023622659, 0.08858267716535435377 ) ) ;
#6761 = FACE_OUTER_BOUND ( 'NONE', #8925, .T. ) ;
#6762 = AXIS2_PLACEMENT_3D ( 'NONE', #292, #174, #6464 ) ;
#6763 = ORIENTED_EDGE ( 'NONE', *, *, #170, .T. ) ;
#6764 = VERTEX_POINT ( 'NONE', #6012 ) ;
#6765 = CARTESIAN_POINT ( 'NONE',  ( 0.1082677165354330728, -0.02362204724409448786, 0.07086614173228347746 ) ) ;
#6766 = ORIENTED_EDGE ( 'NONE', *, *, #5620, .F. ) ;
#6767 = VERTEX_POINT ( 'NONE', #7643 ) ;
#6768 = ORIENTED_EDGE ( 'NONE', *, *, #4935, .T. ) ;
#6769 = DIRECTION ( 'NONE',  ( 1.000000000000000000, 0.000000000000000000, 0.000000000000000000 ) ) ;
#6770 = DIRECTION ( 'NONE',  ( -0.000000000000000000, -1.000000000000000000, -0.000000000000000000 ) ) ;
#6771 = ADVANCED_FACE ( 'NONE', ( #6706 ), #5769, .F. ) ;
#6772 = LINE ( 'NONE', #1513, #11274 ) ;
#6773 = DIRECTION ( 'NONE',  ( -0.000000000000000000, -1.000000000000000000, -0.000000000000000000 ) ) ;
#6774 = DIRECTION ( 'NONE',  ( 0.000000000000000000, 0.000000000000000000, -1.000000000000000000 ) ) ;
#6775 = DIRECTION ( 'NONE',  ( 0.8285309289396659560, 0.000000000000000000, 0.5599433005138768626 ) ) ;
#6776 = EDGE_LOOP ( 'NONE', ( #8310, #6080, #11508, #7787, #4122, #726, #6496, #3599, #5494, #3256 ) ) ;
#6777 = DIRECTION ( 'NONE',  ( 0.000000000000000000, 0.000000000000000000, -1.000000000000000000 ) ) ;
#6778 = ORIENTED_EDGE ( 'NONE', *, *, #7913, .T. ) ;
#6779 = FACE_OUTER_BOUND ( 'NONE', #6630, .T. ) ;
#6780 = EDGE_CURVE ( 'NONE', #6481, #1813, #10330, .T. ) ;
#6781 = CARTESIAN_POINT ( 'NONE',  ( -0.1082677165354330728, 0.08070866141732283006, 0.2362204724409449064 ) ) ;
#6782 = DIRECTION ( 'NONE',  ( -1.000000000000000000, 0.000000000000000000, 0.000000000000000000 ) ) ;
#6783 = CARTESIAN_POINT ( 'NONE',  ( 0.1181102362204724532, -0.01771653543307086937, 0.3346456692913385988 ) ) ;
#6784 = CARTESIAN_POINT ( 'NONE',  ( 0.1427909053053536548, -0.09842519685039370636, 0.05823368374837892270 ) ) ;
#6785 = ORIENTED_EDGE ( 'NONE', *, *, #8429, .T. ) ;
#6786 = DIRECTION ( 'NONE',  ( 0.000000000000000000, 0.000000000000000000, -1.000000000000000000 ) ) ;
#6787 = EDGE_CURVE ( 'NONE', #5989, #11505, #3417, .T. ) ;
#6788 = AXIS2_PLACEMENT_3D ( 'NONE', #187, #5476, #7066 ) ;
#6789 = AXIS2_PLACEMENT_3D ( 'NONE', #9284, #10100, #2106 ) ;
#6790 = VERTEX_POINT ( 'NONE', #10266 ) ;
#6791 = CARTESIAN_POINT ( 'NONE',  ( -0.1054048719254867539, 0.08800611571099714592, 0.3838582677165355284 ) ) ;
#6792 = EDGE_CURVE ( 'NONE', #5252, #2792, #1396, .T. ) ;
#6793 = CARTESIAN_POINT ( 'NONE',  ( 0.03345408245014216270, 0.08830405794269596820, 0.03148932220040896734 ) ) ;
#6794 = B_SPLINE_CURVE_WITH_KNOTS ( 'NONE', 3,
 ( #347, #5704, #6640, #10195, #405, #6580 ),
 .UNSPECIFIED., .F., .F.,
 ( 4, 2, 4 ),
 ( 0.000000000000000000, 0.5000000000000000000, 1.000000000000000000 ),
 .UNSPECIFIED. ) ;
#6795 = ORIENTED_EDGE ( 'NONE', *, *, #6020, .F. ) ;
#6796 = CARTESIAN_POINT ( 'NONE',  ( 0.1218741207971394958, -0.08773407010716390009, 0.3129921259842520787 ) ) ;
#6797 = AXIS2_PLACEMENT_3D ( 'NONE', #4259, #5067, #11203 ) ;
#6798 = LINE ( 'NONE', #5866, #6718 ) ;
#6799 = AXIS2_PLACEMENT_3D ( 'NONE', #2972, #7525, #4710 ) ;
#6800 = LINE ( 'NONE', #10361, #956 ) ;
#6801 = FACE_OUTER_BOUND ( 'NONE', #11513, .T. ) ;
#6802 = EDGE_CURVE ( 'NONE', #6512, #5305, #8579, .T. ) ;
#6803 = FACE_OUTER_BOUND ( 'NONE', #10323, .T. ) ;
#6804 = ORIENTED_EDGE ( 'NONE', *, *, #5162, .F. ) ;
#6805 = ORIENTED_EDGE ( 'NONE', *, *, #1710, .F. ) ;
#6806 = VERTEX_POINT ( 'NONE', #3386 ) ;
#6807 = VECTOR ( 'NONE', #3422, 39.37007874015748143 ) ;
#6808 = ORIENTED_EDGE ( 'NONE', *, *, #10537, .T. ) ;
#6809 = LINE ( 'NONE', #4067, #4933 ) ;
#6810 = CARTESIAN_POINT ( 'NONE',  ( 0.02661417322834646118, 0.05483689538806958697, 0.1077116919577191939 ) ) ;
#6811 = CARTESIAN_POINT ( 'NONE',  ( -0.07283464566928908590, 0.08464566929133858497, 0.1259842519685055728 ) ) ;
#6812 = CARTESIAN_POINT ( 'NONE',  ( -0.05413385826771653642, 0.08464566929133858497, 0.000000000000000000 ) ) ;
#6813 = PERSON_AND_ORGANIZATION_ROLE ( 'design_owner' ) ;
#6814 = CARTESIAN_POINT ( 'NONE',  ( -0.02732120828381492256, 0.08346205886067921409, 0.03686583355658359235 ) ) ;
#6815 = AXIS2_PLACEMENT_3D ( 'NONE', #3889, #344, #9195 ) ;
#6816 = LINE ( 'NONE', #8627, #10098 ) ;
#6817 = VERTEX_POINT ( 'NONE', #8637 ) ;
#6818 = EDGE_CURVE ( 'NONE', #10531, #4680, #3602, .T. ) ;
#6819 = ORIENTED_EDGE ( 'NONE', *, *, #6942, .T. ) ;
#6820 = DIRECTION ( 'NONE',  ( 0.000000000000000000, 0.000000000000000000, 1.000000000000000000 ) ) ;
#6821 = EDGE_CURVE ( 'NONE', #8171, #9598, #478, .T. ) ;
#6822 = VERTEX_POINT ( 'NONE', #11199 ) ;
#6823 = ORIENTED_EDGE ( 'NONE', *, *, #2067, .T. ) ;
#6824 = ORIENTED_EDGE ( 'NONE', *, *, #4745, .F. ) ;
#6825 = ORIENTED_EDGE ( 'NONE', *, *, #9355, .T. ) ;
#6826 = DIRECTION ( 'NONE',  ( 0.000000000000000000, 0.000000000000000000, -1.000000000000000000 ) ) ;
#6827 = LINE ( 'NONE', #1451, #3979 ) ;
#6828 = AXIS2_PLACEMENT_3D ( 'NONE', #9350, #3987, #6668 ) ;
#6829 = DIRECTION ( 'NONE',  ( -0.000000000000000000, -1.000000000000000000, -0.000000000000000000 ) ) ;
#6830 = DIRECTION ( 'NONE',  ( 0.000000000000000000, 0.000000000000000000, 1.000000000000000000 ) ) ;
#6831 = CARTESIAN_POINT ( 'NONE',  ( 0.1131889763779527630, -0.05905511811023622659, 0.3700787401574803237 ) ) ;
#6832 = DIRECTION ( 'NONE',  ( 0.000000000000000000, 1.000000000000000000, 0.000000000000000000 ) ) ;
#6833 = CARTESIAN_POINT ( 'NONE',  ( -0.02559055118110630661, 0.07705649976582536198, 0.1768909994994417312 ) ) ;
#6834 = CARTESIAN_POINT ( 'NONE',  ( 0.02994531421697637849, 0.1055751667966141755, 0.02807718411727166616 ) ) ;
#6835 = ORIENTED_EDGE ( 'NONE', *, *, #10223, .F. ) ;
#6836 = ORIENTED_EDGE ( 'NONE', *, *, #11518, .F. ) ;
#6837 = CARTESIAN_POINT ( 'NONE',  ( -0.1181102362204724532, 0.01771653543307086937, 0.1791338582677165503 ) ) ;
#6838 = ORIENTED_EDGE ( 'NONE', *, *, #6913, .F. ) ;
#6839 = CARTESIAN_POINT ( 'NONE',  ( -0.1003937007874015630, 0.08070866141732283006, 0.1118110236220472564 ) ) ;
#6840 = CARTESIAN_POINT ( 'NONE',  ( -0.06482784625098425568, 0.09842519685039370636, 0.2019488096425197110 ) ) ;
#6841 = DIRECTION ( 'NONE',  ( 0.000000000000000000, 0.000000000000000000, 1.000000000000000000 ) ) ;
#6842 = CARTESIAN_POINT ( 'NONE',  ( -0.1082677165354330728, 0.08070866141732283006, 0.2377952755905511917 ) ) ;
#6843 = CARTESIAN_POINT ( 'NONE',  ( 0.02559055118110236879, 0.07705649976582536198, 0.1768909994994417312 ) ) ;
#6844 = DESIGN_CONTEXT ( 'detailed design', #5778, 'design' ) ;
#6845 = DIRECTION ( 'NONE',  ( 0.000000000000000000, 0.000000000000000000, 1.000000000000000000 ) ) ;
#6846 = ORIENTED_EDGE ( 'NONE', *, *, #1352, .F. ) ;
#6847 = EDGE_CURVE ( 'NONE', #9574, #2326, #9505, .T. ) ;
#6848 = CARTESIAN_POINT ( 'NONE',  ( 0.02559055118110237573, 0.09574323802965771513, 0.3463811224640301889 ) ) ;
#6849 = ORIENTED_EDGE ( 'NONE', *, *, #7736, .T. ) ;
#6850 = ORIENTED_EDGE ( 'NONE', *, *, #8935, .F. ) ;
#6851 = CARTESIAN_POINT ( 'NONE',  ( -0.02558981788397048096, 0.07808474771212303711, 0.3647021164824346129 ) ) ;
#6852 = DIRECTION ( 'NONE',  ( 0.000000000000000000, -1.000000000000000000, 0.000000000000000000 ) ) ;
#6853 = VECTOR ( 'NONE', #465, 39.37007874015748143 ) ;
#6854 = ORIENTED_EDGE ( 'NONE', *, *, #1814, .F. ) ;
#6855 = EDGE_CURVE ( 'NONE', #1259, #3899, #648, .T. ) ;
#6856 = DIRECTION ( 'NONE',  ( -1.000000000000000000, 0.000000000000000000, 0.000000000000000000 ) ) ;
#6857 = DIRECTION ( 'NONE',  ( 0.000000000000000000, 0.000000000000000000, -1.000000000000000000 ) ) ;
#6858 = EDGE_CURVE ( 'NONE', #6051, #60, #4204, .T. ) ;
#6859 = ORIENTED_EDGE ( 'NONE', *, *, #7320, .T. ) ;
#6860 = DIRECTION ( 'NONE',  ( -0.8285309289390955234, 0.000000000000000000, -0.5599433005147214093 ) ) ;
#6861 = ORIENTED_EDGE ( 'NONE', *, *, #7759, .F. ) ;
#6862 = ORIENTED_EDGE ( 'NONE', *, *, #4880, .F. ) ;
#6863 = LINE ( 'NONE', #630, #1946 ) ;
#6864 = EDGE_CURVE ( 'NONE', #4415, #3435, #5283, .T. ) ;
#6865 = CARTESIAN_POINT ( 'NONE',  ( 0.1214696234378740136, -0.09886609646244094718, 0.2165379551863779728 ) ) ;
#6866 = LINE ( 'NONE', #3261, #9525 ) ;
#6867 = LINE ( 'NONE', #4993, #6936 ) ;
#6868 = DIRECTION ( 'NONE',  ( 0.000000000000000000, 0.000000000000000000, 1.000000000000000000 ) ) ;
#6869 = CARTESIAN_POINT ( 'NONE',  ( 0.000000000000000000, 0.09842519685039370636, 0.1555118110260630127 ) ) ;
#6870 = EDGE_CURVE ( 'NONE', #2659, #2766, #9193, .T. ) ;
#6871 = EDGE_LOOP ( 'NONE', ( #177, #1486, #4900, #5501, #7640, #2209 ) ) ;
#6872 = ORIENTED_EDGE ( 'NONE', *, *, #10697, .T. ) ;
#6873 = DIRECTION ( 'NONE',  ( -0.000000000000000000, -0.000000000000000000, -1.000000000000000000 ) ) ;
#6874 = VERTEX_POINT ( 'NONE', #6878 ) ;
#6875 = ORIENTED_EDGE ( 'NONE', *, *, #10374, .F. ) ;
#6876 = ORIENTED_EDGE ( 'NONE', *, *, #8274, .F. ) ;
#6877 = DIRECTION ( 'NONE',  ( 1.000000000000000000, 0.000000000000000000, 0.000000000000000000 ) ) ;
#6878 = CARTESIAN_POINT ( 'NONE',  ( 0.06338582677165355284, 0.08464566929133858497, 0.08464566929133858497 ) ) ;
#6879 = LINE ( 'NONE', #6071, #11082 ) ;
#6880 = ADVANCED_FACE ( 'NONE', ( #5897 ), #592, .T. ) ;
#6881 = EDGE_CURVE ( 'NONE', #5134, #5798, #8696, .T. ) ;
#6882 = CARTESIAN_POINT ( 'NONE',  ( 0.02511328592194094975, 0.08858324202724407459, 0.03637020334842914343 ) ) ;
#6883 = DIRECTION ( 'NONE',  ( 0.2894636359961277883, -0.9571890111911657284, 1.705225971008352248E-05 ) ) ;
#6884 = CARTESIAN_POINT ( 'NONE',  ( -0.04414703504610237306, 0.09478582004578740838, 0.02983535307730708977 ) ) ;
#6885 = VECTOR ( 'NONE', #2830, 39.37007874015748143 ) ;
#6886 = DIRECTION ( 'NONE',  ( 0.8137334712067214593, 0.000000000000000000, -0.5812381937191153369 ) ) ;
#6887 = DIRECTION ( 'NONE',  ( 0.000000000000000000, -1.000000000000000000, 0.000000000000000000 ) ) ;
#6888 = ORIENTED_EDGE ( 'NONE', *, *, #3796, .F. ) ;
#6889 = EDGE_LOOP ( 'NONE', ( #2150, #7429, #11299, #11149, #3723, #2775, #1957, #2575 ) ) ;
#6890 = FACE_OUTER_BOUND ( 'NONE', #3285, .T. ) ;
#6891 = VERTEX_POINT ( 'NONE', #706 ) ;
#6892 = VECTOR ( 'NONE', #8449, 39.37007874015748143 ) ;
#6893 = AXIS2_PLACEMENT_3D ( 'NONE', #6489, #10104, #373 ) ;
#6894 = CARTESIAN_POINT ( 'NONE',  ( 0.1082677165354330728, -0.05905511811023622659, 0.1023622047244094752 ) ) ;
#6895 = DIRECTION ( 'NONE',  ( 1.000000000000000000, 0.000000000000000000, 0.000000000000000000 ) ) ;
#6896 = ADVANCED_FACE ( 'NONE', ( #4256 ), #7814, .F. ) ;
#6897 = ADVANCED_FACE ( 'NONE', ( #9332 ), #3156, .T. ) ;
#6898 = DIRECTION ( 'NONE',  ( 0.000000000000000000, 0.000000000000000000, -1.000000000000000000 ) ) ;
#6899 = DIRECTION ( 'NONE',  ( 0.000000000000000000, 0.000000000000000000, -1.000000000000000000 ) ) ;
#6900 = DIRECTION ( 'NONE',  ( -1.000000000000000000, 0.000000000000000000, 0.000000000000000000 ) ) ;
#6901 = CARTESIAN_POINT ( 'NONE',  ( -0.09594951366374016022, -0.004724409448818898440, 0.3181081888743702013 ) ) ;
#6902 = VECTOR ( 'NONE', #7257, 39.37007874015748143 ) ;
#6903 = ORIENTED_EDGE ( 'NONE', *, *, #8022, .F. ) ;
#6904 = VECTOR ( 'NONE', #9989, 39.37007874015748143 ) ;
#6905 = B_SPLINE_CURVE_WITH_KNOTS ( 'NONE', 3,
 ( #8217, #9038, #8339, #10026, #9211, #1220, #7462, #1155, #1043, #8400 ),
 .UNSPECIFIED., .F., .F.,
 ( 4, 2, 2, 2, 4 ),
 ( 0.000000000000000000, 0.2499999999999967804, 0.3749999999999951705, 0.4999999999999935607, 1.000000000000000000 ),
 .UNSPECIFIED. ) ;
#6906 = CARTESIAN_POINT ( 'NONE',  ( 0.000000000000000000, 0.09842519685039370636, 0.3326771653543307283 ) ) ;
#6907 = VERTEX_POINT ( 'NONE', #4417 ) ;
#6908 = VERTEX_POINT ( 'NONE', #4315 ) ;
#6909 = CARTESIAN_POINT ( 'NONE',  ( -0.02558516076341357109, 0.09120787896149092078, 0.3555056914542878976 ) ) ;
#6910 = VECTOR ( 'NONE', #3580, 39.37007874015748143 ) ;
#6911 = CARTESIAN_POINT ( 'NONE',  ( -0.1082677165354330728, -0.08070866141732283006, 0.05118110236220473758 ) ) ;
#6912 = CIRCLE ( 'NONE', #6344, 0.07086614173228347746 ) ;
#6913 = EDGE_CURVE ( 'NONE', #5176, #6377, #8251, .T. ) ;
#6914 = VERTEX_POINT ( 'NONE', #7981 ) ;
#6915 = CARTESIAN_POINT ( 'NONE',  ( 0.03251099904983496824, 0.09852290373019900738, 0.03072324682503622950 ) ) ;
#6916 = DIRECTION ( 'NONE',  ( 0.000000000000000000, -1.000000000000000000, 0.000000000000000000 ) ) ;
#6917 = AXIS2_PLACEMENT_3D ( 'NONE', #9098, #4994, #8566 ) ;
#6918 = AXIS2_PLACEMENT_3D ( 'NONE', #1323, #10135, #9435 ) ;
#6919 = ORIENTED_EDGE ( 'NONE', *, *, #8201, .F. ) ;
#6920 = DIRECTION ( 'NONE',  ( -1.000000000000000000, 0.000000000000000000, 0.000000000000000000 ) ) ;
#6921 = ORIENTED_EDGE ( 'NONE', *, *, #10340, .F. ) ;
#6922 = ORIENTED_EDGE ( 'NONE', *, *, #8646, .F. ) ;
#6923 = ADVANCED_FACE ( 'NONE', ( #9788 ), #3601, .F. ) ;
#6924 = ORIENTED_EDGE ( 'NONE', *, *, #7736, .F. ) ;
#6925 = AXIS2_PLACEMENT_3D ( 'NONE', #9810, #1809, #5365 ) ;
#6926 = CARTESIAN_POINT ( 'NONE',  ( -0.1003937007874015630, 0.08070866141732283006, 0.1102362204724409434 ) ) ;
#6927 = LINE ( 'NONE', #5881, #11097 ) ;
#6928 = LINE ( 'NONE', #1492, #3363 ) ;
#6929 = PLANE ( 'NONE',  #9540 ) ;
#6930 = CALENDAR_DATE ( 2024, 1, 10 ) ;
#6931 = DIRECTION ( 'NONE',  ( 1.000000000000000000, 0.000000000000000000, 0.000000000000000000 ) ) ;
#6932 = VERTEX_POINT ( 'NONE', #3816 ) ;
#6933 = ORIENTED_EDGE ( 'NONE', *, *, #1352, .T. ) ;
#6934 = DIRECTION ( 'NONE',  ( 0.000000000000000000, 0.000000000000000000, 1.000000000000000000 ) ) ;
#6935 = ORIENTED_EDGE ( 'NONE', *, *, #7542, .F. ) ;
#6936 = VECTOR ( 'NONE', #3315, 39.37007874015748143 ) ;
#6937 = ADVANCED_FACE ( 'NONE', ( #1126 ), #1678, .T. ) ;
#6938 = ORIENTED_EDGE ( 'NONE', *, *, #4565, .T. ) ;
#6939 = ORIENTED_EDGE ( 'NONE', *, *, #9500, .T. ) ;
#6940 = DIRECTION ( 'NONE',  ( 0.000000000000000000, 0.000000000000000000, 1.000000000000000000 ) ) ;
#6941 = CARTESIAN_POINT ( 'NONE',  ( 0.04148596327578740056, 0.09887183605291338662, 0.1712598425196850405 ) ) ;
#6942 = EDGE_CURVE ( 'NONE', #7672, #1823, #9117, .T. ) ;
#6943 = CARTESIAN_POINT ( 'NONE',  ( 0.000000000000000000, 0.09153543307086615954, 0.1259842519685039353 ) ) ;
#6944 = CARTESIAN_POINT ( 'NONE',  ( 0.02781094359983464839, 0.09431935333901575458, 0.03189787501221653943 ) ) ;
#6945 = CARTESIAN_POINT ( 'NONE',  ( -0.1181102362204724532, -0.08070866141732283006, 0.05118110236220473758 ) ) ;
#6946 = VECTOR ( 'NONE', #8077, 39.37007874015748143 ) ;
#6947 = CARTESIAN_POINT ( 'NONE',  ( 0.1082677165354330728, 0.05905511811023622659, 0.07086614173228347746 ) ) ;
#6948 = LINE ( 'NONE', #2401, #5347 ) ;
#6949 = DIRECTION ( 'NONE',  ( 0.000000000000000000, 0.000000000000000000, 1.000000000000000000 ) ) ;
#6950 = EDGE_LOOP ( 'NONE', ( #9356, #5455, #3337, #6265, #7970, #5947 ) ) ;
#6951 = ORIENTED_EDGE ( 'NONE', *, *, #7974, .T. ) ;
#6952 = EDGE_CURVE ( 'NONE', #8798, #1853, #5238, .T. ) ;
#6953 = DIRECTION ( 'NONE',  ( 0.000000000000000000, 0.000000000000000000, -1.000000000000000000 ) ) ;
#6954 = VERTEX_POINT ( 'NONE', #8911 ) ;
#6955 = VECTOR ( 'NONE', #3353, 39.37007874015748143 ) ;
#6956 = DIRECTION ( 'NONE',  ( 0.000000000000000000, 0.000000000000000000, 1.000000000000000000 ) ) ;
#6957 = CARTESIAN_POINT ( 'NONE',  ( 0.1082677165354330728, 0.09842519685039370636, 0.2834645669291339098 ) ) ;
#6958 = DIRECTION ( 'NONE',  ( -0.000000000000000000, -0.000000000000000000, -1.000000000000000000 ) ) ;
#6959 = DIRECTION ( 'NONE',  ( -1.000000000000000000, 0.000000000000000000, 0.000000000000000000 ) ) ;
#6960 = DIRECTION ( 'NONE',  ( -1.000000000000000000, 0.000000000000000000, 0.000000000000000000 ) ) ;
#6961 = DIRECTION ( 'NONE',  ( -1.000000000000000000, 0.000000000000000000, 0.000000000000000000 ) ) ;
#6962 = AXIS2_PLACEMENT_3D ( 'NONE', #7889, #927, #5310 ) ;
#6963 = EDGE_LOOP ( 'NONE', ( #5304, #2473, #6804, #4012, #6221 ) ) ;
#6964 = LINE ( 'NONE', #10525, #7241 ) ;
#6965 = ADVANCED_FACE ( 'NONE', ( #10602 ), #909, .T. ) ;
#6966 = EDGE_CURVE ( 'NONE', #4971, #10368, #6121, .T. ) ;
#6967 = ORIENTED_EDGE ( 'NONE', *, *, #11294, .T. ) ;
#6968 = CARTESIAN_POINT ( 'NONE',  ( -0.1181102362204724532, 0.08267716535433072833, 0.2854330708661417804 ) ) ;
#6969 = VECTOR ( 'NONE', #680, 39.37007874015748143 ) ;
#6970 = CARTESIAN_POINT ( 'NONE',  ( 0.1082677165354330728, -0.05905511811023622659, 0.07086614173228347746 ) ) ;
#6971 = EDGE_LOOP ( 'NONE', ( #8369, #6452, #11439, #7297 ) ) ;
#6972 = DIRECTION ( 'NONE',  ( 1.000000000000000000, 0.000000000000000000, 0.000000000000000000 ) ) ;
#6973 = DIRECTION ( 'NONE',  ( 0.000000000000000000, 0.000000000000000000, 1.000000000000000000 ) ) ;
#6974 = VECTOR ( 'NONE', #9694, 39.37007874015748143 ) ;
#6975 = VECTOR ( 'NONE', #7948, 39.37007874015748143 ) ;
#6976 = EDGE_CURVE ( 'NONE', #10305, #11468, #11480, .T. ) ;
#6977 = ORIENTED_EDGE ( 'NONE', *, *, #4649, .T. ) ;
#6978 = ORIENTED_EDGE ( 'NONE', *, *, #5095, .T. ) ;
#6979 = VECTOR ( 'NONE', #10103, 39.37007874015748143 ) ;
#6980 = AXIS2_PLACEMENT_3D ( 'NONE', #6343, #4316, #4418 ) ;
#6981 = CARTESIAN_POINT ( 'NONE',  ( 0.1417322834645669549, -0.01968503937007873988, 0.08661417322834646937 ) ) ;
#6982 = CARTESIAN_POINT ( 'NONE',  ( 0.1131889763779527630, -0.05905511811023622659, 0.2992125984251968740 ) ) ;
#6983 = FACE_OUTER_BOUND ( 'NONE', #476, .T. ) ;
#6984 = LINE ( 'NONE', #6812, #9154 ) ;
#6985 = APPLICATION_PROTOCOL_DEFINITION ( 'international standard', 'config_control_design', 1994, #5108 ) ;
#6986 = DIRECTION ( 'NONE',  ( 1.000000000000000000, 0.000000000000000000, 0.000000000000000000 ) ) ;
#6987 = ORIENTED_EDGE ( 'NONE', *, *, #8548, .T. ) ;
#6988 = DIRECTION ( 'NONE',  ( 1.000000000000000000, 0.000000000000000000, 0.000000000000000000 ) ) ;
#6989 = EDGE_CURVE ( 'NONE', #1109, #7928, #7930, .T. ) ;
#6990 = AXIS2_PLACEMENT_3D ( 'NONE', #7012, #6958, #4271 ) ;
#6991 = VECTOR ( 'NONE', #10313, 39.37007874015748143 ) ;
#6992 = ORIENTED_EDGE ( 'NONE', *, *, #4733, .F. ) ;
#6993 = DIRECTION ( 'NONE',  ( 0.000000000000000000, 1.000000000000000000, 0.000000000000000000 ) ) ;
#6994 = LINE ( 'NONE', #10557, #2333 ) ;
#6995 = CC_DESIGN_PERSON_AND_ORGANIZATION_ASSIGNMENT ( #578, #1615, ( #10298 ) ) ;
#6996 = VECTOR ( 'NONE', #8448, 39.37007874015748143 ) ;
#6997 = LINE ( 'NONE', #11315, #302 ) ;
#6998 = LINE ( 'NONE', #9845, #4921 ) ;
#6999 = CARTESIAN_POINT ( 'NONE',  ( -0.02547478657074410055, 0.09294547316153543848, 0.04197105774397637962 ) ) ;
#7000 = ADVANCED_FACE ( 'NONE', ( #61 ), #756, .F. ) ;
#7001 = DIRECTION ( 'NONE',  ( 0.000000000000000000, 0.000000000000000000, 1.000000000000000000 ) ) ;
#7002 = DIRECTION ( 'NONE',  ( 0.000000000000000000, 0.000000000000000000, 1.000000000000000000 ) ) ;
#7003 = VERTEX_POINT ( 'NONE', #10874 ) ;
#7004 = EDGE_CURVE ( 'NONE', #703, #8569, #2883, .T. ) ;
#7005 = ORIENTED_EDGE ( 'NONE', *, *, #5243, .F. ) ;
#7006 = CARTESIAN_POINT ( 'NONE',  ( 0.1082677165354330728, -0.01771653543307087283, 0.3169291338582677642 ) ) ;
#7007 = CARTESIAN_POINT ( 'NONE',  ( 0.1176534336246456702, -0.09750282916444882875, 0.2165348158799212663 ) ) ;
#7008 = CIRCLE ( 'NONE', #6828, 0.07873982347860858377 ) ;
#7009 = ORIENTED_EDGE ( 'NONE', *, *, #3005, .F. ) ;
#7010 = CARTESIAN_POINT ( 'NONE',  ( -0.04708813496038927182, 0.09842519685039370636, 0.3334579036959988696 ) ) ;
#7011 = CARTESIAN_POINT ( 'NONE',  ( 0.03149606299212598381, 0.08095377066255905751, 0.03149606299212204946 ) ) ;
#7012 = CARTESIAN_POINT ( 'NONE',  ( -0.09594951366374016022, -0.004724409448818898440, 0.08661417322834646937 ) ) ;
#7013 = PLANE ( 'NONE',  #5466 ) ;
#7014 = DIRECTION ( 'NONE',  ( 0.000000000000000000, 1.000000000000000000, 0.000000000000000000 ) ) ;
#7015 = EDGE_CURVE ( 'NONE', #6370, #4850, #2001, .T. ) ;
#7016 = DIRECTION ( 'NONE',  ( 0.000000000000000000, 0.000000000000000000, 1.000000000000000000 ) ) ;
#7017 = DIRECTION ( 'NONE',  ( 1.453678890483372537E-16, 0.000000000000000000, 1.000000000000000000 ) ) ;
#7018 = VERTEX_POINT ( 'NONE', #3494 ) ;
#7019 = CARTESIAN_POINT ( 'NONE',  ( 0.000000000000000000, 0.06845653158925198156, 0.3267716535433071168 ) ) ;
#7020 = EDGE_CURVE ( 'NONE', #698, #5714, #8861, .T. ) ;
#7021 = VERTEX_POINT ( 'NONE', #2562 ) ;
#7022 = DIRECTION ( 'NONE',  ( 0.000000000000000000, -1.000000000000000000, 0.000000000000000000 ) ) ;
#7023 = DIRECTION ( 'NONE',  ( 0.000000000000000000, 0.000000000000000000, 1.000000000000000000 ) ) ;
#7024 = ORIENTED_EDGE ( 'NONE', *, *, #7583, .T. ) ;
#7025 = EDGE_CURVE ( 'NONE', #9708, #3885, #5294, .T. ) ;
#7026 = EDGE_CURVE ( 'NONE', #10836, #6211, #1746, .T. ) ;
#7027 = CARTESIAN_POINT ( 'NONE',  ( 0.05682104683267736461, 0.08858267716535435377, 0.1676771468440790003 ) ) ;
#7028 = CARTESIAN_POINT ( 'NONE',  ( 0.02550341222798425261, 0.09596112207007873041, 0.03807196635391732475 ) ) ;
#7029 = ORIENTED_EDGE ( 'NONE', *, *, #5271, .T. ) ;
#7030 = ORIENTED_EDGE ( 'NONE', *, *, #7888, .T. ) ;
#7031 = AXIS2_PLACEMENT_3D ( 'NONE', #9513, #8645, #8868 ) ;
#7032 = ORIENTED_EDGE ( 'NONE', *, *, #9850, .T. ) ;
#7033 = CARTESIAN_POINT ( 'NONE',  ( -0.04148596327578740056, 0.09350393700787401619, 0.1555118110236220763 ) ) ;
#7034 = EDGE_CURVE ( 'NONE', #5621, #6891, #8368, .T. ) ;
#7035 = LINE ( 'NONE', #11470, #3000 ) ;
#7036 = LINE ( 'NONE', #3426, #8044 ) ;
#7037 = DIRECTION ( 'NONE',  ( 1.000000000000000000, 0.000000000000000000, 0.000000000000000000 ) ) ;
#7038 = VERTEX_POINT ( 'NONE', #1363 ) ;
#7039 = DIRECTION ( 'NONE',  ( 1.000000000000000000, 0.000000000000000000, 0.000000000000000000 ) ) ;
#7040 = B_SPLINE_CURVE_WITH_KNOTS ( 'NONE', 3,
 ( #9036, #3617, #6194, #8926 ),
 .UNSPECIFIED., .F., .F.,
 ( 4, 4 ),
 ( 0.000000000000000000, 1.000000000000000000 ),
 .UNSPECIFIED. ) ;
#7041 = ORIENTED_EDGE ( 'NONE', *, *, #7253, .F. ) ;
#7042 = ORIENTED_EDGE ( 'NONE', *, *, #7773, .F. ) ;
#7043 = ORIENTED_EDGE ( 'NONE', *, *, #1970, .T. ) ;
#7044 = DIRECTION ( 'NONE',  ( 0.000000000000000000, 0.000000000000000000, 1.000000000000000000 ) ) ;
#7045 = DIRECTION ( 'NONE',  ( 0.000000000000000000, 0.000000000000000000, -1.000000000000000000 ) ) ;
#7046 = DIRECTION ( 'NONE',  ( 0.000000000000000000, 0.000000000000000000, -1.000000000000000000 ) ) ;
#7047 = EDGE_CURVE ( 'NONE', #4182, #1185, #2063, .T. ) ;
#7048 = CYLINDRICAL_SURFACE ( 'NONE', #6438, 0.01377952755905511965 ) ;
#7049 = CARTESIAN_POINT ( 'NONE',  ( -0.1287611479151276050, -0.08858267716535438152, 0.3327602885073354111 ) ) ;
#7050 = FACE_OUTER_BOUND ( 'NONE', #10034, .T. ) ;
#7051 = CARTESIAN_POINT ( 'NONE',  ( 0.02661417322834646118, 0.03543307086614173873, 0.2170084889991732435 ) ) ;
#7052 = DIRECTION ( 'NONE',  ( 0.000000000000000000, 0.000000000000000000, -1.000000000000000000 ) ) ;
#7053 = ORIENTED_EDGE ( 'NONE', *, *, #6787, .F. ) ;
#7054 = ORIENTED_EDGE ( 'NONE', *, *, #8792, .T. ) ;
#7055 = DIRECTION ( 'NONE',  ( 1.000000000000000000, 0.000000000000000000, 0.000000000000000000 ) ) ;
#7056 = CC_DESIGN_DATE_AND_TIME_ASSIGNMENT ( #10545, #8514, ( #1718 ) ) ;
#7057 = ORIENTED_EDGE ( 'NONE', *, *, #3244, .T. ) ;
#7058 = LINE ( 'NONE', #1911, #9883 ) ;
#7059 = ORIENTED_EDGE ( 'NONE', *, *, #5527, .T. ) ;
#7060 = EDGE_CURVE ( 'NONE', #9630, #10859, #3184, .T. ) ;
#7061 = CARTESIAN_POINT ( 'NONE',  ( -0.04132303292603151795, 0.09842519685039370636, 0.3326771653543307283 ) ) ;
#7062 = CARTESIAN_POINT ( 'NONE',  ( -0.05539187368667530115, 0.08858267716535435377, 0.3413493071083775754 ) ) ;
#7063 = VECTOR ( 'NONE', #3299, 39.37007874015748143 ) ;
#7064 = EDGE_CURVE ( 'NONE', #5482, #10872, #8494, .T. ) ;
#7065 = CARTESIAN_POINT ( 'NONE',  ( -0.1078210773329134065, -0.05118110236220473758, 0.1653543307086614567 ) ) ;
#7066 = DIRECTION ( 'NONE',  ( -1.000000000000000000, 0.000000000000000000, 0.000000000000000000 ) ) ;
#7067 = CARTESIAN_POINT ( 'NONE',  ( 0.1181102362204724532, -0.05118110236220473758, 0.03937007874015747977 ) ) ;
#7068 = DIRECTION ( 'NONE',  ( 1.000000000000000000, 0.000000000000000000, 0.000000000000000000 ) ) ;
#7069 = LINE ( 'NONE', #10684, #10450 ) ;
#7070 = ORIENTED_EDGE ( 'NONE', *, *, #9763, .T. ) ;
#7071 = DIRECTION ( 'NONE',  ( 1.000000000000000000, 0.000000000000000000, 0.000000000000000000 ) ) ;
#7072 = VECTOR ( 'NONE', #6508, 39.37007874015748143 ) ;
#7073 = ORIENTED_EDGE ( 'NONE', *, *, #11489, .T. ) ;
#7074 = ADVANCED_FACE ( 'NONE', ( #10990 ), #8432, .T. ) ;
#7075 = CARTESIAN_POINT ( 'NONE',  ( -0.07283464566928847528, 0.09153543307086615954, 2.046751739003147299E-15 ) ) ;
#7076 = DIRECTION ( 'NONE',  ( 0.000000000000000000, 0.000000000000000000, 1.000000000000000000 ) ) ;
#7077 = ORIENTED_EDGE ( 'NONE', *, *, #7390, .F. ) ;
#7078 = AXIS2_PLACEMENT_3D ( 'NONE', #8319, #273, #8436 ) ;
#7079 = CIRCLE ( 'NONE', #3905, 0.04578276980082676695 ) ;
#7080 = FACE_OUTER_BOUND ( 'NONE', #10811, .T. ) ;
#7081 = CARTESIAN_POINT ( 'NONE',  ( 0.02553577671574016120, 0.09605330362980317449, 0.03788539203603543543 ) ) ;
#7082 = EDGE_LOOP ( 'NONE', ( #5194, #6752, #7847, #9266, #2240, #3041, #5179, #11084, #4175, #3094, #10293, #4254 ) ) ;
#7083 = EDGE_LOOP ( 'NONE', ( #8941, #7967, #1671, #10886 ) ) ;
#7084 = AXIS2_PLACEMENT_3D ( 'NONE', #5550, #9171, #8487 ) ;
#7085 = EDGE_CURVE ( 'NONE', #11083, #10807, #5619, .T. ) ;
#7086 = AXIS2_PLACEMENT_3D ( 'NONE', #427, #2166, #9222 ) ;
#7087 = DIRECTION ( 'NONE',  ( 0.000000000000000000, 0.000000000000000000, -1.000000000000000000 ) ) ;
#7088 = EDGE_LOOP ( 'NONE', ( #3910, #1075, #1660, #9323, #6052, #6354, #3817, #475 ) ) ;
#7089 = CARTESIAN_POINT ( 'NONE',  ( 0.04148596327578740056, 0.08858267716535435377, 0.04527559055118110520 ) ) ;
#7090 = CARTESIAN_POINT ( 'NONE',  ( 0.1245221725720472433, -0.09922749052996061858, 0.2165478623223622001 ) ) ;
#7091 = CARTESIAN_POINT ( 'NONE',  ( -0.04014530442239953173, 0.1020837590389724742, 0.02960415260454824643 ) ) ;
#7092 = AXIS2_PLACEMENT_3D ( 'NONE', #161, #8256, #5391 ) ;
#7093 = CIRCLE ( 'NONE', #3738, 0.07086614173228347746 ) ;
#7094 = CARTESIAN_POINT ( 'NONE',  ( -0.1082677165354330728, 0.0009842519685039369942, 0.3129921259842520231 ) ) ;
#7095 = ORIENTED_EDGE ( 'NONE', *, *, #1726, .T. ) ;
#7096 = LINE ( 'NONE', #10657, #7249 ) ;
#7097 = ORIENTED_EDGE ( 'NONE', *, *, #1019, .T. ) ;
#7098 = EDGE_CURVE ( 'NONE', #7311, #8729, #11113, .T. ) ;
#7099 = EDGE_CURVE ( 'NONE', #9037, #5984, #6740, .T. ) ;
#7100 = ORIENTED_EDGE ( 'NONE', *, *, #3851, .F. ) ;
#7101 = ORIENTED_EDGE ( 'NONE', *, *, #2077, .T. ) ;
#7102 = VECTOR ( 'NONE', #6691, 39.37007874015748143 ) ;
#7103 = DIRECTION ( 'NONE',  ( 0.000000000000000000, 1.000000000000000000, 0.000000000000000000 ) ) ;
#7104 = DIRECTION ( 'NONE',  ( -0.000000000000000000, -1.000000000000000000, -0.000000000000000000 ) ) ;
#7105 = CARTESIAN_POINT ( 'NONE',  ( -0.07691439880886453972, 0.04873008912945051702, -0.09842519579923576789 ) ) ;
#7106 = CARTESIAN_POINT ( 'NONE',  ( 0.1131889763779527630, 0.05905511811023622659, 0.1791338582677165503 ) ) ;
#7107 = DIRECTION ( 'NONE',  ( 0.000000000000000000, 1.000000000000000000, 0.000000000000000000 ) ) ;
#7108 = CARTESIAN_POINT ( 'NONE',  ( -0.09842519685039370636, 0.09842519685039370636, 0.000000000000000000 ) ) ;
#7109 = DIRECTION ( 'NONE',  ( -0.000000000000000000, -0.000000000000000000, -1.000000000000000000 ) ) ;
#7110 = DIRECTION ( 'NONE',  ( 1.000000000000000000, 0.000000000000000000, 0.000000000000000000 ) ) ;
#7111 = AXIS2_PLACEMENT_3D ( 'NONE', #7436, #10995, #8500 ) ;
#7112 = EDGE_LOOP ( 'NONE', ( #11040, #3451, #10903, #11365 ) ) ;
#7113 = ORIENTED_EDGE ( 'NONE', *, *, #2716, .T. ) ;
#7114 = CYLINDRICAL_SURFACE ( 'NONE', #3933, 0.02362204724409448092 ) ;
#7115 = ORIENTED_EDGE ( 'NONE', *, *, #10832, .F. ) ;
#7116 = EDGE_CURVE ( 'NONE', #5873, #2712, #8549, .T. ) ;
#7117 = ORIENTED_EDGE ( 'NONE', *, *, #3466, .F. ) ;
#7118 = PLANE ( 'NONE',  #5842 ) ;
#7119 = AXIS2_PLACEMENT_3D ( 'NONE', #7513, #10198, #8567 ) ;
#7120 = DIRECTION ( 'NONE',  ( 0.000000000000000000, 1.000000000000000000, 0.000000000000000000 ) ) ;
#7121 = CARTESIAN_POINT ( 'NONE',  ( -0.1003937007874015630, 0.08858267716535435377, 0.1102362204724409434 ) ) ;
#7122 = DIRECTION ( 'NONE',  ( 0.000000000000000000, 0.000000000000000000, -1.000000000000000000 ) ) ;
#7123 = CARTESIAN_POINT ( 'NONE',  ( 0.1259842519685039353, -0.08070866141732283006, 0.1771653543307087075 ) ) ;
#7124 = DIRECTION ( 'NONE',  ( 0.000000000000000000, 0.000000000000000000, -1.000000000000000000 ) ) ;
#7125 = CARTESIAN_POINT ( 'NONE',  ( 0.06830708661417324301, 0.09153543307086615954, 0.09842519685039370636 ) ) ;
#7126 = ORIENTED_EDGE ( 'NONE', *, *, #11464, .T. ) ;
#7127 = APPROVAL_PERSON_ORGANIZATION ( #9438, #9482, #3263 ) ;
#7128 = VECTOR ( 'NONE', #10742, 39.37007874015748143 ) ;
#7129 = EDGE_CURVE ( 'NONE', #5563, #9443, #5931, .T. ) ;
#7130 = ORIENTED_EDGE ( 'NONE', *, *, #9634, .T. ) ;
#7131 = ORIENTED_EDGE ( 'NONE', *, *, #4174, .F. ) ;
#7132 = CARTESIAN_POINT ( 'NONE',  ( -0.1370726364729134006, -0.09350393700787401619, 0.2055645360827952628 ) ) ;
#7133 = DIRECTION ( 'NONE',  ( -0.000000000000000000, -0.000000000000000000, -1.000000000000000000 ) ) ;
#7134 = EDGE_LOOP ( 'NONE', ( #7620, #5262, #5738, #5165, #9967, #6324 ) ) ;
#7135 = AXIS2_PLACEMENT_3D ( 'NONE', #7132, #6433, #2044 ) ;
#7136 = DIRECTION ( 'NONE',  ( 0.000000000000000000, 1.000000000000000000, 0.000000000000000000 ) ) ;
#7137 = CARTESIAN_POINT ( 'NONE',  ( 0.02545376088816535612, 0.09540817768216534878, 0.03903744438377165088 ) ) ;
#7138 = EDGE_CURVE ( 'NONE', #4914, #6004, #4858, .T. ) ;
#7139 = B_SPLINE_CURVE_WITH_KNOTS ( 'NONE', 3,
 ( #9860, #8987, #5316, #10680, #80, #1808, #2798, #7179, #7289, #6422 ),
 .UNSPECIFIED., .F., .F.,
 ( 4, 2, 2, 2, 4 ),
 ( 2.407412430484044549E-35, 0.0004310874558709495248, 0.0008621749117418990496, 0.001293262367612848466, 0.001724349823483798099 ),
 .UNSPECIFIED. ) ;
#7140 = ADVANCED_FACE ( 'NONE', ( #446 ), #7379, .T. ) ;
#7141 = VERTEX_POINT ( 'NONE', #9419 ) ;
#7142 = VECTOR ( 'NONE', #663, 39.37007874015748143 ) ;
#7143 = ORIENTED_EDGE ( 'NONE', *, *, #3641, .F. ) ;
#7144 = CARTESIAN_POINT ( 'NONE',  ( 0.000000000000000000, 0.03543307086614173873, 0.2256302287515748461 ) ) ;
#7145 = ORIENTED_EDGE ( 'NONE', *, *, #2732, .F. ) ;
#7146 = CARTESIAN_POINT ( 'NONE',  ( 0.09055118110236221041, 0.08858267716535435377, 0.1574803149606299191 ) ) ;
#7147 = AXIS2_PLACEMENT_3D ( 'NONE', #5198, #6679, #4919 ) ;
#7148 = CARTESIAN_POINT ( 'NONE',  ( -0.1082677165354331006, -0.03937007874015747977, 0.02952755905511877249 ) ) ;
#7149 = AXIS2_PLACEMENT_3D ( 'NONE', #10232, #7614, #3998 ) ;
#7150 = LINE ( 'NONE', #4573, #3400 ) ;
#7151 = EDGE_CURVE ( 'NONE', #8093, #10200, #646, .T. ) ;
#7152 = APPROVAL_DATE_TIME ( #8903, #9482 ) ;
#7153 = DIRECTION ( 'NONE',  ( -0.000000000000000000, -0.000000000000000000, -1.000000000000000000 ) ) ;
#7154 = ORIENTED_EDGE ( 'NONE', *, *, #6205, .T. ) ;
#7155 = CARTESIAN_POINT ( 'NONE',  ( 0.1259842519685039353, -0.08858267716535433989, 0.3571653543307087286 ) ) ;
#7156 = EDGE_LOOP ( 'NONE', ( #4077, #11456, #9515, #4525 ) ) ;
#7157 = AXIS2_PLACEMENT_3D ( 'NONE', #5955, #5185, #709 ) ;
#7158 = ORIENTED_EDGE ( 'NONE', *, *, #5424, .T. ) ;
#7159 = CARTESIAN_POINT ( 'NONE',  ( 0.02559055118110236879, 0.08173829175703077599, 0.3629862243933097421 ) ) ;
#7160 = FACE_OUTER_BOUND ( 'NONE', #9557, .T. ) ;
#7161 = CARTESIAN_POINT ( 'NONE',  ( 0.1082677165354331006, -0.01968503937007873988, 0.2125984251968503769 ) ) ;
#7162 = DIRECTION ( 'NONE',  ( -1.000000000000000000, 0.000000000000000000, 0.000000000000000000 ) ) ;
#7163 = CARTESIAN_POINT ( 'NONE',  ( -0.03288994170453533178, 0.09851267077119403581, 0.3344734795442200759 ) ) ;
#7164 = ADVANCED_FACE ( 'NONE', ( #2123 ), #7555, .F. ) ;
#7165 = CARTESIAN_POINT ( 'NONE',  ( -0.01130208868571882901, -0.09785868637796152347, 0.3539705845136676965 ) ) ;
#7166 = EDGE_CURVE ( 'NONE', #2845, #4503, #10296, .T. ) ;
#7167 = AXIS2_PLACEMENT_3D ( 'NONE', #317, #1412, #3919 ) ;
#7168 = DIRECTION ( 'NONE',  ( 0.000000000000000000, 0.000000000000000000, -1.000000000000000000 ) ) ;
#7169 = VECTOR ( 'NONE', #5717, 39.37007874015748143 ) ;
#7170 = ORIENTED_EDGE ( 'NONE', *, *, #6093, .F. ) ;
#7171 = ORIENTED_EDGE ( 'NONE', *, *, #918, .F. ) ;
#7172 = VERTEX_POINT ( 'NONE', #1246 ) ;
#7173 = ORIENTED_EDGE ( 'NONE', *, *, #5472, .F. ) ;
#7174 = CARTESIAN_POINT ( 'NONE',  ( 0.09055447425397636363, 0.0008829248196807001512, -0.09842519465124324740 ) ) ;
#7175 = AXIS2_PLACEMENT_3D ( 'NONE', #10867, #1061, #203 ) ;
#7176 = AXIS2_PLACEMENT_3D ( 'NONE', #8791, #798, #11469 ) ;
#7177 = CARTESIAN_POINT ( 'NONE',  ( 0.000000000000000000, 0.000000000000000000, 0.4556692913385826382 ) ) ;
#7178 = CARTESIAN_POINT ( 'NONE',  ( -0.1244494698206299321, -0.08858267716535435377, 0.09055118110236221041 ) ) ;
#7179 = CARTESIAN_POINT ( 'NONE',  ( 0.01130208868571893656, -0.09785868637796149572, 0.07910028162806480301 ) ) ;
#7180 = DIRECTION ( 'NONE',  ( 0.000000000000000000, 0.6814463171671870656, 0.7318681006979860237 ) ) ;
#7181 = CARTESIAN_POINT ( 'NONE',  ( -0.1417322834645669549, -0.01968503937007873988, 0.3503937007874015630 ) ) ;
#7182 = CARTESIAN_POINT ( 'NONE',  ( -0.09594951366374016022, -0.004724409448818898440, 0.05511811023622047168 ) ) ;
#7183 = ADVANCED_FACE ( 'NONE', ( #385 ), #5862, .T. ) ;
#7184 = DIRECTION ( 'NONE',  ( 0.000000000000000000, 0.000000000000000000, 1.000000000000000000 ) ) ;
#7185 = VERTEX_POINT ( 'NONE', #5803 ) ;
#7186 = VECTOR ( 'NONE', #11447, 39.37007874015748143 ) ;
#7187 = B_SPLINE_CURVE_WITH_KNOTS ( 'NONE', 3,
 ( #4232, #1708, #6793, #2420, #8835, #618 ),
 .UNSPECIFIED., .F., .F.,
 ( 4, 2, 4 ),
 ( 6.502040970179170146E-17, 0.0001557321632977074204, 0.0003114643265953497887 ),
 .UNSPECIFIED. ) ;
#7188 = ORIENTED_EDGE ( 'NONE', *, *, #7888, .F. ) ;
#7189 = DIRECTION ( 'NONE',  ( 1.000000000000000000, 0.000000000000000000, 0.000000000000000000 ) ) ;
#7190 = DIRECTION ( 'NONE',  ( 1.000000000000000000, 0.000000000000000000, 0.000000000000000000 ) ) ;
#7191 = VERTEX_POINT ( 'NONE', #9360 ) ;
#7192 = CARTESIAN_POINT ( 'NONE',  ( -0.1023622047244094613, 0.08858267716535435377, 0.2854330708661417804 ) ) ;
#7193 = EDGE_CURVE ( 'NONE', #6285, #703, #454, .T. ) ;
#7194 = DIRECTION ( 'NONE',  ( 0.000000000000000000, -3.669607353027858552E-15, 1.000000000000000000 ) ) ;
#7195 = DIRECTION ( 'NONE',  ( 1.000000000000000000, 0.000000000000000000, 0.000000000000000000 ) ) ;
#7196 = ORIENTED_EDGE ( 'NONE', *, *, #9622, .T. ) ;
#7197 = VERTEX_POINT ( 'NONE', #6911 ) ;
#7198 = LINE ( 'NONE', #1825, #7879 ) ;
#7199 = ADVANCED_FACE ( 'NONE', ( #1541 ), #6042, .F. ) ;
#7200 = ORIENTED_EDGE ( 'NONE', *, *, #2843, .T. ) ;
#7201 = CARTESIAN_POINT ( 'NONE',  ( 0.1181102362204724532, 0.0009842519685039369942, 0.3838582677165355284 ) ) ;
#7202 = EDGE_CURVE ( 'NONE', #3915, #6633, #7845, .T. ) ;
#7203 = ADVANCED_FACE ( 'NONE', ( #732 ), #10469, .F. ) ;
#7204 = DIRECTION ( 'NONE',  ( 0.004004142166925236251, 0.9999919833906204536, 0.000000000000000000 ) ) ;
#7205 = DIRECTION ( 'NONE',  ( 0.9417419115950750319, 0.000000000000000000, 0.3363363969974910717 ) ) ;
#7206 = CARTESIAN_POINT ( 'NONE',  ( -0.02559055020271550074, 0.09340860032568479299, 0.04105304352057905642 ) ) ;
#7207 = ORIENTED_EDGE ( 'NONE', *, *, #5721, .F. ) ;
#7208 = CARTESIAN_POINT ( 'NONE',  ( 0.02559055118110236879, 0.07808474771212364773, 0.3647021164824359452 ) ) ;
#7209 = CARTESIAN_POINT ( 'NONE',  ( 0.1181102362204724532, 0.01771653543307086937, 0.08858267716535435377 ) ) ;
#7210 = EDGE_LOOP ( 'NONE', ( #115, #6025, #11322, #10465 ) ) ;
#7211 = ORIENTED_EDGE ( 'NONE', *, *, #7954, .F. ) ;
#7212 = EDGE_CURVE ( 'NONE', #3076, #31, #4173, .T. ) ;
#7213 = DIRECTION ( 'NONE',  ( 0.000000000000000000, 1.000000000000000000, 0.000000000000000000 ) ) ;
#7214 = VECTOR ( 'NONE', #1685, 39.37007874015748143 ) ;
#7215 = CARTESIAN_POINT ( 'NONE',  ( -0.09055115297606301794, -2.378426066473872145E-10, -0.09842519685036860144 ) ) ;
#7216 = CARTESIAN_POINT ( 'NONE',  ( -0.1287191670455023196, -0.08858267716535435377, 0.3365310500753399547 ) ) ;
#7217 = ADVANCED_FACE ( 'NONE', ( #5093 ), #7905, .F. ) ;
#7218 = CARTESIAN_POINT ( 'NONE',  ( -0.1238066421755511931, -0.07874015748031495954, 0.3129921259842520231 ) ) ;
#7219 = DIRECTION ( 'NONE',  ( -1.000000000000000000, 0.000000000000000000, 0.000000000000000000 ) ) ;
#7220 = CARTESIAN_POINT ( 'NONE',  ( -0.005740002156133395400, -0.09842519685039369248, 0.3562992125984252856 ) ) ;
#7221 = DIRECTION ( 'NONE',  ( -0.5807246816275697388, 0.000000000000000000, -0.8141000209731956705 ) ) ;
#7222 = ORIENTED_EDGE ( 'NONE', *, *, #1081, .F. ) ;
#7223 = ORIENTED_EDGE ( 'NONE', *, *, #4065, .T. ) ;
#7224 = CARTESIAN_POINT ( 'NONE',  ( 0.03291681144659375918, 0.09850888790013892504, 0.1573132033504489047 ) ) ;
#7225 = ORIENTED_EDGE ( 'NONE', *, *, #6505, .T. ) ;
#7226 = ORIENTED_EDGE ( 'NONE', *, *, #10733, .T. ) ;
#7227 = EDGE_CURVE ( 'NONE', #3795, #10037, #8610, .T. ) ;
#7228 = DIRECTION ( 'NONE',  ( 0.000000000000000000, 0.000000000000000000, -1.000000000000000000 ) ) ;
#7229 = EDGE_CURVE ( 'NONE', #10580, #11251, #1598, .T. ) ;
#7230 = DIRECTION ( 'NONE',  ( 0.000000000000000000, 0.000000000000000000, -1.000000000000000000 ) ) ;
#7231 = DIRECTION ( 'NONE',  ( 0.000000000000000000, 1.000000000000000000, 0.000000000000000000 ) ) ;
#7232 = PLANE ( 'NONE',  #826 ) ;
#7233 = CARTESIAN_POINT ( 'NONE',  ( -0.1417322834645669549, 0.009842519685039369942, 0.1811023622047244208 ) ) ;
#7234 = LINE ( 'NONE', #2532, #5211 ) ;
#7235 = CARTESIAN_POINT ( 'NONE',  ( -0.1082677165354330728, 0.000000000000000000, 0.02952755905511810289 ) ) ;
#7236 = LINE ( 'NONE', #8059, #8777 ) ;
#7237 = ORIENTED_EDGE ( 'NONE', *, *, #6106, .F. ) ;
#7238 = ORIENTED_EDGE ( 'NONE', *, *, #9333, .F. ) ;
#7239 = ORIENTED_EDGE ( 'NONE', *, *, #3123, .F. ) ;
#7240 = EDGE_CURVE ( 'NONE', #1135, #3146, #1475, .T. ) ;
#7241 = VECTOR ( 'NONE', #9471, 39.37007874015748143 ) ;
#7242 = DIRECTION ( 'NONE',  ( 1.000000000000000000, 0.000000000000000000, 0.000000000000000000 ) ) ;
#7243 = EDGE_CURVE ( 'NONE', #2657, #11151, #8464, .T. ) ;
#7244 = CARTESIAN_POINT ( 'NONE',  ( -0.1346456692913385877, -0.09842519685039370636, 0.1967966366946456713 ) ) ;
#7245 = ORIENTED_EDGE ( 'NONE', *, *, #10856, .T. ) ;
#7246 = CARTESIAN_POINT ( 'NONE',  ( 0.1239049087021645151, -0.08858267716533906044, 0.2165430981793206588 ) ) ;
#7247 = CARTESIAN_POINT ( 'NONE',  ( -0.1406663324992913355, -0.09842519685039370636, 0.2126060625815354432 ) ) ;
#7248 = DIRECTION ( 'NONE',  ( 1.000000000000000000, 0.000000000000000000, 0.000000000000000000 ) ) ;
#7249 = VECTOR ( 'NONE', #1562, 39.37007874015748143 ) ;
#7250 = VERTEX_POINT ( 'NONE', #2541 ) ;
#7251 = ORIENTED_EDGE ( 'NONE', *, *, #10021, .F. ) ;
#7252 = CARTESIAN_POINT ( 'NONE',  ( -0.1238066421755511931, -0.09842519685039370636, 0.3562992125984252301 ) ) ;
#7253 = EDGE_CURVE ( 'NONE', #9087, #5075, #6099, .T. ) ;
#7254 = AXIS2_PLACEMENT_3D ( 'NONE', #4820, #8394, #3962 ) ;
#7255 = ORIENTED_EDGE ( 'NONE', *, *, #3231, .F. ) ;
#7256 = CARTESIAN_POINT ( 'NONE',  ( 0.04070074830007874150, 0.09350393700787401619, 0.02952755905511811330 ) ) ;
#7257 = DIRECTION ( 'NONE',  ( 1.000000000000000000, 0.000000000000000000, 0.000000000000000000 ) ) ;
#7258 = DIRECTION ( 'NONE',  ( 1.000000000000000000, 0.000000000000000000, 0.000000000000000000 ) ) ;
#7259 = CARTESIAN_POINT ( 'NONE',  ( 0.1259842519685039353, -0.08070866141732283006, 0.09055118110236221041 ) ) ;
#7260 = VECTOR ( 'NONE', #2367, 39.37007874015748143 ) ;
#7261 = VECTOR ( 'NONE', #3857, 39.37007874015748143 ) ;
#7262 = EDGE_LOOP ( 'NONE', ( #280, #6435 ) ) ;
#7263 = CARTESIAN_POINT ( 'NONE',  ( 0.1082677165354330728, 0.0009842519685039369942, 0.3523622047244094890 ) ) ;
#7264 = CARTESIAN_POINT ( 'NONE',  ( -0.1131889763779527630, 0.05905511811023622659, 0.08858267716535435377 ) ) ;
#7265 = EDGE_CURVE ( 'NONE', #6608, #5583, #3303, .T. ) ;
#7266 = EDGE_LOOP ( 'NONE', ( #6431, #8492, #6600, #6825 ) ) ;
#7267 = AXIS2_PLACEMENT_3D ( 'NONE', #7837, #9582, #1590 ) ;
#7268 = CARTESIAN_POINT ( 'NONE',  ( 0.02559055118110236879, 0.03543307086614173873, 0.2256302287515748461 ) ) ;
#7269 = AXIS2_PLACEMENT_3D ( 'NONE', #923, #2791, #8048 ) ;
#7270 = CARTESIAN_POINT ( 'NONE',  ( 0.09046377502303840079, 0.004672506630195913564, -0.09842519153016156264 ) ) ;
#7271 = FACE_OUTER_BOUND ( 'NONE', #2822, .T. ) ;
#7272 = PLANE ( 'NONE',  #1321 ) ;
#7273 = CARTESIAN_POINT ( 'NONE',  ( 0.09586614173228347191, 0.01968503937007873988, 0.3838582677165355284 ) ) ;
#7274 = CARTESIAN_POINT ( 'NONE',  ( 0.1406663324992913355, -0.08858267716535435377, 0.1809872108077953123 ) ) ;
#7275 = DIRECTION ( 'NONE',  ( 1.000000000000000000, 0.000000000000000000, 0.000000000000000000 ) ) ;
#7276 = EDGE_CURVE ( 'NONE', #4819, #2653, #1652, .T. ) ;
#7277 = EDGE_LOOP ( 'NONE', ( #6219, #8491, #4354, #10229 ) ) ;
#7278 = DIRECTION ( 'NONE',  ( -1.000000000000000000, 0.000000000000000000, 0.000000000000000000 ) ) ;
#7279 = ORIENTED_EDGE ( 'NONE', *, *, #8201, .T. ) ;
#7280 = AXIS2_PLACEMENT_3D ( 'NONE', #2441, #5941, #9551 ) ;
#7281 = EDGE_LOOP ( 'NONE', ( #5547, #1068, #11210, #10474 ) ) ;
#7282 = VECTOR ( 'NONE', #8040, 39.37007874015748143 ) ;
#7283 = EDGE_LOOP ( 'NONE', ( #7638, #4764, #2072, #7714 ) ) ;
#7284 = FACE_OUTER_BOUND ( 'NONE', #4705, .T. ) ;
#7285 = CARTESIAN_POINT ( 'NONE',  ( 0.000000000000000000, -0.09521821916964566535, 0.3346456692913385988 ) ) ;
#7286 = LINE ( 'NONE', #2796, #3068 ) ;
#7287 = MANIFOLD_SOLID_BREP ( 'Combine2', #5372 ) ;
#7288 = CARTESIAN_POINT ( 'NONE',  ( -0.03211356450729004747, 0.08887361543886163062, 0.02952777446723666918 ) ) ;
#7289 = CARTESIAN_POINT ( 'NONE',  ( 0.005740174135612177535, -0.09842519685039395616, 0.07677165354330593716 ) ) ;
#7290 = CIRCLE ( 'NONE', #9145, 0.005905511811023620231 ) ;
#7291 = LINE ( 'NONE', #9094, #3566 ) ;
#7292 = CARTESIAN_POINT ( 'NONE',  ( 0.1082677165354330728, -0.05905511811023622659, 0.04330708661417323468 ) ) ;
#7293 = CARTESIAN_POINT ( 'NONE',  ( 0.000000000000000000, 0.08464566929133858497, 0.1555118110236220763 ) ) ;
#7294 = LINE ( 'NONE', #5823, #6161 ) ;
#7295 = EDGE_CURVE ( 'NONE', #9995, #8299, #8778, .T. ) ;
#7296 = ORIENTED_EDGE ( 'NONE', *, *, #9083, .T. ) ;
#7297 = ORIENTED_EDGE ( 'NONE', *, *, #8908, .T. ) ;
#7298 = ORIENTED_EDGE ( 'NONE', *, *, #9622, .F. ) ;
#7299 = VECTOR ( 'NONE', #7618, 39.37007874015748143 ) ;
#7300 = CARTESIAN_POINT ( 'NONE',  ( 0.06338582677165355284, 0.09842519685039370636, 0.08464566929133858497 ) ) ;
#7301 = DIRECTION ( 'NONE',  ( 0.000000000000000000, 1.000000000000000000, 0.000000000000000000 ) ) ;
#7302 = ORIENTED_EDGE ( 'NONE', *, *, #3805, .T. ) ;
#7303 = CARTESIAN_POINT ( 'NONE',  ( 0.000000000000000000, -0.09521821916964566535, 0.3129921259842520231 ) ) ;
#7304 = DIRECTION ( 'NONE',  ( -1.000000000000000000, 0.000000000000000000, 0.000000000000000000 ) ) ;
#7305 = AXIS2_PLACEMENT_3D ( 'NONE', #3205, #6868, #7804 ) ;
#7306 = DIRECTION ( 'NONE',  ( -0.000000000000000000, -0.000000000000000000, -1.000000000000000000 ) ) ;
#7307 = CARTESIAN_POINT ( 'NONE',  ( 0.02627421392964567406, 0.1142799175320078769, 0.03013758237631496140 ) ) ;
#7308 = VECTOR ( 'NONE', #3392, 39.37007874015748143 ) ;
#7309 = EDGE_CURVE ( 'NONE', #1423, #4378, #3472, .T. ) ;
#7310 = EDGE_CURVE ( 'NONE', #267, #3964, #7187, .T. ) ;
#7311 = VERTEX_POINT ( 'NONE', #10357 ) ;
#7312 = VERTEX_POINT ( 'NONE', #5034 ) ;
#7313 = CARTESIAN_POINT ( 'NONE',  ( -0.1436235256777519675, -0.09842519685039370636, 0.3547499651346213145 ) ) ;
#7314 = AXIS2_PLACEMENT_3D ( 'NONE', #4915, #3061, #7554 ) ;
#7315 = CARTESIAN_POINT ( 'NONE',  ( 0.1082677165354330728, 0.09842519685039370636, 0.2470472440944881942 ) ) ;
#7316 = VERTEX_POINT ( 'NONE', #5982 ) ;
#7317 = FACE_OUTER_BOUND ( 'NONE', #11407, .T. ) ;
#7318 = CARTESIAN_POINT ( 'NONE',  ( 0.1259842519684645779, -0.09842519685039369248, 0.05039370078740158104 ) ) ;
#7319 = CARTESIAN_POINT ( 'NONE',  ( -0.02741762753132990019, 0.1066632692043486402, 0.02813989212415050900 ) ) ;
#7320 = EDGE_CURVE ( 'NONE', #1813, #10470, #10338, .T. ) ;
#7321 = CARTESIAN_POINT ( 'NONE',  ( 0.1238066421755118218, -0.09842519685039370636, 0.3129921259842520231 ) ) ;
#7322 = AXIS2_PLACEMENT_3D ( 'NONE', #491, #4043, #7600 ) ;
#7323 = ORIENTED_EDGE ( 'NONE', *, *, #1792, .F. ) ;
#7324 = CARTESIAN_POINT ( 'NONE',  ( 0.1352403336800393763, -0.09842519685039370636, 0.3346456692913385988 ) ) ;
#7325 = VERTEX_POINT ( 'NONE', #6210 ) ;
#7326 = EDGE_LOOP ( 'NONE', ( #7856, #6456, #1968, #8417, #1008, #4706, #2488, #2951 ) ) ;
#7327 = VECTOR ( 'NONE', #8035, 39.37007874015748143 ) ;
#7328 = DIRECTION ( 'NONE',  ( 1.000000000000000000, 0.000000000000000000, 0.000000000000000000 ) ) ;
#7329 = CARTESIAN_POINT ( 'NONE',  ( 0.1275776803774409385, -0.09165330369192915827, 0.2165054257889370004 ) ) ;
#7330 = CARTESIAN_POINT ( 'NONE',  ( -0.02559055118110630314, 0.06156455950039370351, 0.1870824264912204771 ) ) ;
#7331 = LINE ( 'NONE', #287, #4827 ) ;
#7332 = DIRECTION ( 'NONE',  ( 0.000000000000000000, 1.000000000000000000, 0.000000000000000000 ) ) ;
#7333 = DIRECTION ( 'NONE',  ( 0.000000000000000000, -1.000000000000000000, 0.000000000000000000 ) ) ;
#7334 = EDGE_CURVE ( 'NONE', #10763, #4854, #3013, .T. ) ;
#7335 = CARTESIAN_POINT ( 'NONE',  ( -0.05682104683266919753, 0.09887183605291338662, 0.1676771468440176605 ) ) ;
#7336 = ORIENTED_EDGE ( 'NONE', *, *, #6693, .T. ) ;
#7337 = DIRECTION ( 'NONE',  ( 1.000000000000000000, 0.000000000000000000, 0.000000000000000000 ) ) ;
#7338 = ORIENTED_EDGE ( 'NONE', *, *, #2521, .F. ) ;
#7339 = VECTOR ( 'NONE', #2703, 39.37007874015748854 ) ;
#7340 = ORIENTED_EDGE ( 'NONE', *, *, #7455, .T. ) ;
#7341 = ORIENTED_EDGE ( 'NONE', *, *, #3945, .F. ) ;
#7342 = DIRECTION ( 'NONE',  ( -1.000000000000000000, 0.000000000000000000, 0.000000000000000000 ) ) ;
#7343 = EDGE_CURVE ( 'NONE', #2829, #4646, #2870, .T. ) ;
#7344 = FACE_OUTER_BOUND ( 'NONE', #8032, .T. ) ;
#7345 = B_SPLINE_CURVE_WITH_KNOTS ( 'NONE', 3,
 ( #10895, #2904, #7163, #6293, #6462, #5574 ),
 .UNSPECIFIED., .F., .F.,
 ( 4, 2, 4 ),
 ( 0.000000000000000000, 0.5000000000000000000, 1.000000000000000000 ),
 .UNSPECIFIED. ) ;
#7346 = DIRECTION ( 'NONE',  ( 0.000000000000000000, 0.000000000000000000, 1.000000000000000000 ) ) ;
#7347 = EDGE_CURVE ( 'NONE', #7311, #4026, #1987, .T. ) ;
#7348 = VECTOR ( 'NONE', #2622, 39.37007874015748143 ) ;
#7349 = DIRECTION ( 'NONE',  ( 1.000000000000000000, 0.000000000000000000, 0.000000000000000000 ) ) ;
#7350 = CARTESIAN_POINT ( 'NONE',  ( 0.000000000000000000, 0.000000000000000000, 0.2952755905576263662 ) ) ;
#7351 = AXIS2_PLACEMENT_3D ( 'NONE', #11314, #5064, #1626 ) ;
#7352 = FACE_OUTER_BOUND ( 'NONE', #1133, .T. ) ;
#7353 = CARTESIAN_POINT ( 'NONE',  ( 0.000000000000000000, 0.000000000000000000, 0.000000000000000000 ) ) ;
#7354 = DIRECTION ( 'NONE',  ( 0.000000000000000000, 1.000000000000000000, 0.000000000000000000 ) ) ;
#7355 = B_SPLINE_CURVE_WITH_KNOTS ( 'NONE', 3,
 ( #9884, #5441, #210, #7313, #9008, #5502 ),
 .UNSPECIFIED., .F., .F.,
 ( 4, 2, 4 ),
 ( 0.000000000000000000, 0.5000000000000000000, 1.000000000000000000 ),
 .UNSPECIFIED. ) ;
#7356 = EDGE_CURVE ( 'NONE', #5736, #9383, #6316, .T. ) ;
#7357 = B_SPLINE_CURVE_WITH_KNOTS ( 'NONE', 3,
 ( #858, #7977, #11523, #1619, #9667, #5117 ),
 .UNSPECIFIED., .F., .F.,
 ( 4, 2, 4 ),
 ( 0.000000000000000000, 0.5000000000000000000, 1.000000000000000000 ),
 .UNSPECIFIED. ) ;
#7358 = LINE ( 'NONE', #7631, #2988 ) ;
#7359 = VERTEX_POINT ( 'NONE', #38 ) ;
#7360 = DIRECTION ( 'NONE',  ( 0.000000000000000000, 0.000000000000000000, -1.000000000000000000 ) ) ;
#7361 = VECTOR ( 'NONE', #11276, 39.37007874015748143 ) ;
#7362 = AXIS2_PLACEMENT_3D ( 'NONE', #1722, #4514, #8849 ) ;
#7363 = ORIENTED_EDGE ( 'NONE', *, *, #5503, .T. ) ;
#7364 = CARTESIAN_POINT ( 'NONE',  ( -0.03149606299212598381, 0.09842519685039370636, 0.3799212598425197318 ) ) ;
#7365 = DIRECTION ( 'NONE',  ( 0.000000000000000000, 0.000000000000000000, 1.000000000000000000 ) ) ;
#7366 = EDGE_CURVE ( 'NONE', #6675, #6129, #8308, .T. ) ;
#7367 = VERTEX_POINT ( 'NONE', #9052 ) ;
#7368 = CARTESIAN_POINT ( 'NONE',  ( -0.09074803149606300301, 0.09153543307086615954, 0.1122047244094488277 ) ) ;
#7369 = LINE ( 'NONE', #3806, #5687 ) ;
#7370 = VECTOR ( 'NONE', #4242, 39.37007874015748854 ) ;
#7371 = EDGE_CURVE ( 'NONE', #11422, #6159, #7960, .T. ) ;
#7372 = CARTESIAN_POINT ( 'NONE',  ( 0.1181102362204724532, -0.05905511811023622659, 0.2244094488188976555 ) ) ;
#7373 = DIRECTION ( 'NONE',  ( 0.000000000000000000, -1.084202172485506406E-15, 1.000000000000000000 ) ) ;
#7374 = FACE_OUTER_BOUND ( 'NONE', #9516, .T. ) ;
#7375 = ORIENTED_EDGE ( 'NONE', *, *, #5681, .F. ) ;
#7376 = ORIENTED_EDGE ( 'NONE', *, *, #249, .T. ) ;
#7377 = CARTESIAN_POINT ( 'NONE',  ( -0.1131889763779527630, 0.05905511811023622659, 0.1791338582677165503 ) ) ;
#7378 = CIRCLE ( 'NONE', #7944, 0.007874015748031534118 ) ;
#7379 = CYLINDRICAL_SURFACE ( 'NONE', #10691, 0.04578276980082677389 ) ;
#7380 = EDGE_CURVE ( 'NONE', #6908, #3795, #999, .T. ) ;
#7381 = EDGE_CURVE ( 'NONE', #9295, #5583, #93, .T. ) ;
#7382 = ORIENTED_EDGE ( 'NONE', *, *, #6509, .T. ) ;
#7383 = LINE ( 'NONE', #9944, #11098 ) ;
#7384 = DIRECTION ( 'NONE',  ( 0.000000000000000000, 1.000000000000000000, 0.000000000000000000 ) ) ;
#7385 = CARTESIAN_POINT ( 'NONE',  ( -0.03339729461020200102, 0.09980524266208032347, 0.02870716561662091035 ) ) ;
#7386 = CARTESIAN_POINT ( 'NONE',  ( 0.09084645669291338543, 0.09153543307086615954, 0.3858267716535433989 ) ) ;
#7387 = ORIENTED_EDGE ( 'NONE', *, *, #11353, .T. ) ;
#7388 = EDGE_LOOP ( 'NONE', ( #2348, #2833, #10727, #9785 ) ) ;
#7389 = ORIENTED_EDGE ( 'NONE', *, *, #3286, .T. ) ;
#7390 = EDGE_CURVE ( 'NONE', #2285, #6189, #9761, .T. ) ;
#7391 = CYLINDRICAL_SURFACE ( 'NONE', #4554, 0.02362204724409448092 ) ;
#7392 = LINE ( 'NONE', #10133, #3289 ) ;
#7393 = DIRECTION ( 'NONE',  ( 1.000000000000000000, 0.000000000000000000, 0.000000000000000000 ) ) ;
#7394 = LINE ( 'NONE', #2957, #8410 ) ;
#7395 = DIRECTION ( 'NONE',  ( 1.000000000000000000, 0.000000000000000000, 0.000000000000000000 ) ) ;
#7396 = CARTESIAN_POINT ( 'NONE',  ( 0.1346456692913385877, -0.08813603796283467351, 0.1967966366946456713 ) ) ;
#7397 = FACE_OUTER_BOUND ( 'NONE', #7400, .T. ) ;
#7398 = ORIENTED_EDGE ( 'NONE', *, *, #7310, .T. ) ;
#7399 = CARTESIAN_POINT ( 'NONE',  ( -0.1181102362204724532, -0.07781718282311023138, 0.2165354330708661457 ) ) ;
#7400 = EDGE_LOOP ( 'NONE', ( #2711, #9296, #2271, #3842 ) ) ;
#7401 = ORIENTED_EDGE ( 'NONE', *, *, #6353, .T. ) ;
#7402 = VERTEX_POINT ( 'NONE', #3686 ) ;
#7403 = VECTOR ( 'NONE', #7594, 39.37007874015748143 ) ;
#7404 = CARTESIAN_POINT ( 'NONE',  ( -0.1417322834645669549, -0.004724409448818892368, 0.3181081888743702013 ) ) ;
#7405 = EDGE_CURVE ( 'NONE', #3899, #2170, #9871, .T. ) ;
#7406 = PLANE ( 'NONE',  #9587 ) ;
#7407 = CARTESIAN_POINT ( 'NONE',  ( 0.02559055118110236879, 0.04739817159794650070, 0.3687595894480726888 ) ) ;
#7408 = DIRECTION ( 'NONE',  ( 0.000000000000000000, 1.000000000000000000, 0.000000000000000000 ) ) ;
#7409 = CARTESIAN_POINT ( 'NONE',  ( -0.1185651836366535539, -0.06692913385826770867, 0.05118110236220473758 ) ) ;
#7410 = CYLINDRICAL_SURFACE ( 'NONE', #2381, 0.01771653543307086243 ) ;
#7411 = ORIENTED_EDGE ( 'NONE', *, *, #1064, .F. ) ;
#7412 = PRODUCT_RELATED_PRODUCT_CATEGORY ( 'detail', '', ( #3376 ) ) ;
#7413 = CLOSED_SHELL ( 'NONE', ( #7217, #4865, #11420, #5205, #125, #11172 ) ) ;
#7414 = EDGE_CURVE ( 'NONE', #9724, #1128, #5545, .T. ) ;
#7415 = DIRECTION ( 'NONE',  ( 1.000000000000000000, 0.000000000000000000, 0.000000000000000000 ) ) ;
#7416 = ORIENTED_EDGE ( 'NONE', *, *, #9850, .F. ) ;
#7417 = DIRECTION ( 'NONE',  ( -1.000000000000000000, 0.000000000000000000, 0.000000000000000000 ) ) ;
#7418 = ADVANCED_FACE ( 'NONE', ( #6376 ), #9987, .F. ) ;
#7419 = DIRECTION ( 'NONE',  ( 1.000000000000000000, 0.000000000000000000, 0.000000000000000000 ) ) ;
#7420 = ORIENTED_EDGE ( 'NONE', *, *, #8022, .T. ) ;
#7421 = FACE_BOUND ( 'NONE', #2644, .T. ) ;
#7422 = DIRECTION ( 'NONE',  ( -1.000000000000000000, 0.000000000000000000, 0.000000000000000000 ) ) ;
#7423 = DIRECTION ( 'NONE',  ( 1.000000000000000000, 0.000000000000000000, 0.000000000000000000 ) ) ;
#7424 = CARTESIAN_POINT ( 'NONE',  ( -0.1415288464494760534, -0.09842519685039369248, 0.3129921259842520787 ) ) ;
#7425 = CARTESIAN_POINT ( 'NONE',  ( 0.03676822709560630120, 0.1094174114593307046, 0.02992292925150394009 ) ) ;
#7426 = DIRECTION ( 'NONE',  ( 0.000000000000000000, 0.000000000000000000, -1.000000000000000000 ) ) ;
#7427 = EDGE_CURVE ( 'NONE', #2653, #3180, #10743, .T. ) ;
#7428 = VECTOR ( 'NONE', #1997, 39.37007874015748143 ) ;
#7429 = ORIENTED_EDGE ( 'NONE', *, *, #8137, .T. ) ;
#7430 = ORIENTED_EDGE ( 'NONE', *, *, #170, .F. ) ;
#7431 = LINE ( 'NONE', #1125, #2296 ) ;
#7432 = CARTESIAN_POINT ( 'NONE',  ( 0.1082677165354330728, 0.09842519685039370636, 0.2263779527559055260 ) ) ;
#7433 = ORIENTED_EDGE ( 'NONE', *, *, #2582, .T. ) ;
#7434 = DIRECTION ( 'NONE',  ( 0.9395973154359220647, 0.000000000000000000, -0.3422818791955081208 ) ) ;
#7435 = LINE ( 'NONE', #10994, #10800 ) ;
#7436 = CARTESIAN_POINT ( 'NONE',  ( 0.000000000000000000, 0.000000000000000000, 0.3070866141722329301 ) ) ;
#7437 = CARTESIAN_POINT ( 'NONE',  ( 0.000000000000000000, 0.000000000000000000, 0.4556692913385826382 ) ) ;
#7438 = ADVANCED_FACE ( 'NONE', ( #4398 ), #888, .F. ) ;
#7439 = ORIENTED_EDGE ( 'NONE', *, *, #9637, .F. ) ;
#7440 = DIRECTION ( 'NONE',  ( 0.000000000000000000, 0.000000000000000000, -1.000000000000000000 ) ) ;
#7441 = ORIENTED_EDGE ( 'NONE', *, *, #5484, .T. ) ;
#7442 = VECTOR ( 'NONE', #4946, 39.37007874015748143 ) ;
#7443 = ORIENTED_EDGE ( 'NONE', *, *, #8822, .F. ) ;
#7444 = VERTEX_POINT ( 'NONE', #8890 ) ;
#7445 = DIRECTION ( 'NONE',  ( 0.000000000000000000, 0.000000000000000000, -1.000000000000000000 ) ) ;
#7446 = DIRECTION ( 'NONE',  ( 0.000000000000000000, 0.000000000000000000, -1.000000000000000000 ) ) ;
#7447 = DIRECTION ( 'NONE',  ( 0.000000000000000000, 1.000000000000000000, 0.000000000000000000 ) ) ;
#7448 = DIRECTION ( 'NONE',  ( -0.000000000000000000, -1.000000000000000000, -0.000000000000000000 ) ) ;
#7449 = CARTESIAN_POINT ( 'NONE',  ( 0.1003937007874015630, 0.08070866141732283006, 0.2362204724409449064 ) ) ;
#7450 = VECTOR ( 'NONE', #11170, 39.37007874015748143 ) ;
#7451 = AXIS2_PLACEMENT_3D ( 'NONE', #2349, #3225, #6777 ) ;
#7452 = CARTESIAN_POINT ( 'NONE',  ( 0.1078210773329134065, -0.05118110236220473758, 0.1653543307086614567 ) ) ;
#7453 = DIRECTION ( 'NONE',  ( 0.000000000000000000, 1.000000000000000000, 0.000000000000000000 ) ) ;
#7454 = ORIENTED_EDGE ( 'NONE', *, *, #330, .T. ) ;
#7455 = EDGE_CURVE ( 'NONE', #6767, #10065, #5432, .T. ) ;
#7456 = EDGE_LOOP ( 'NONE', ( #7611, #5407, #7825, #7912 ) ) ;
#7457 = EDGE_CURVE ( 'NONE', #3238, #2285, #1377, .T. ) ;
#7458 = ORIENTED_EDGE ( 'NONE', *, *, #3501, .F. ) ;
#7459 = VERTEX_POINT ( 'NONE', #10692 ) ;
#7460 = EDGE_LOOP ( 'NONE', ( #6717, #991, #11055, #3028 ) ) ;
#7461 = VECTOR ( 'NONE', #261, 39.37007874015748143 ) ;
#7462 = CARTESIAN_POINT ( 'NONE',  ( 0.03042417662057353075, 0.08822112553164768167, 0.3370275363032801952 ) ) ;
#7463 = VECTOR ( 'NONE', #6132, 39.37007874015748143 ) ;
#7464 = PLANE ( 'NONE',  #8828 ) ;
#7465 = CARTESIAN_POINT ( 'NONE',  ( 0.07086614172568425629, 8.678599363228191851E-18, 0.2952755905576263662 ) ) ;
#7466 = LINE ( 'NONE', #2280, #664 ) ;
#7467 = CARTESIAN_POINT ( 'NONE',  ( 0.1181102362204724532, 0.000000000000000000, 0.07086614173228347746 ) ) ;
#7468 = CARTESIAN_POINT ( 'NONE',  ( 0.1183020989298229630, -0.09667790474248924570, 0.3562992125984252301 ) ) ;
#7469 = PLANE ( 'NONE',  #5137 ) ;
#7470 = VECTOR ( 'NONE', #5339, 39.37007874015748143 ) ;
#7471 = ORIENTED_EDGE ( 'NONE', *, *, #6311, .F. ) ;
#7472 = CIRCLE ( 'NONE', #7852, 0.06102362204724411099 ) ;
#7473 = EDGE_CURVE ( 'NONE', #8476, #4229, #3573, .T. ) ;
#7474 = CARTESIAN_POINT ( 'NONE',  ( 0.1186420687365354332, -0.08204778234318897689, 0.2165357707308661617 ) ) ;
#7475 = VERTEX_POINT ( 'NONE', #3046 ) ;
#7476 = PLANE ( 'NONE',  #9179 ) ;
#7477 = VECTOR ( 'NONE', #5658, 39.37007874015748143 ) ;
#7478 = LINE ( 'NONE', #11102, #3439 ) ;
#7479 = ORIENTED_EDGE ( 'NONE', *, *, #2728, .T. ) ;
#7480 = CARTESIAN_POINT ( 'NONE',  ( -0.1181102362204724532, -0.08070866141732283006, 0.3129921259842520231 ) ) ;
#7481 = CARTESIAN_POINT ( 'NONE',  ( 0.1131889763779527630, -0.05905511811023622659, 0.1673228346456692994 ) ) ;
#7482 = DIRECTION ( 'NONE',  ( 0.9737778058631813005, 0.000000000000000000, 0.2275011753997955855 ) ) ;
#7483 = CARTESIAN_POINT ( 'NONE',  ( -0.1082677165354330728, 0.05905511811023622659, 0.3169291338582677642 ) ) ;
#7484 = CARTESIAN_POINT ( 'NONE',  ( 0.03326159353151575404, 0.1009002147883070882, 0.02844651030944094286 ) ) ;
#7485 = ORIENTED_EDGE ( 'NONE', *, *, #1932, .T. ) ;
#7486 = ADVANCED_FACE ( 'NONE', ( #4780 ), #8482, .T. ) ;
#7487 = DIRECTION ( 'NONE',  ( 1.000000000000000000, 0.000000000000000000, 0.000000000000000000 ) ) ;
#7488 = AXIS2_PLACEMENT_3D ( 'NONE', #10748, #97, #948 ) ;
#7489 = ORIENTED_EDGE ( 'NONE', *, *, #6284, .F. ) ;
#7490 = ORIENTED_EDGE ( 'NONE', *, *, #7874, .T. ) ;
#7491 = CARTESIAN_POINT ( 'NONE',  ( -0.07677165354330708902, 0.08858267716535435377, 0.3838582677165355284 ) ) ;
#7492 = DIRECTION ( 'NONE',  ( 0.000000000000000000, 0.000000000000000000, 1.000000000000000000 ) ) ;
#7493 = ORIENTED_EDGE ( 'NONE', *, *, #10269, .F. ) ;
#7494 = AXIS2_PLACEMENT_3D ( 'NONE', #467, #9440, #7578 ) ;
#7495 = DIRECTION ( 'NONE',  ( 1.000000000000000000, 0.000000000000000000, 0.000000000000000000 ) ) ;
#7496 = ADVANCED_FACE ( 'NONE', ( #5669 ), #6607, .F. ) ;
#7497 = LINE ( 'NONE', #2127, #8388 ) ;
#7498 = CARTESIAN_POINT ( 'NONE',  ( -0.02989919906422773554, 0.1054721241639375723, 0.02820464075956660710 ) ) ;
#7499 = EDGE_CURVE ( 'NONE', #3284, #3725, #1234, .T. ) ;
#7500 = CARTESIAN_POINT ( 'NONE',  ( 0.1078210773329134065, -0.05118110236220473758, 0.2283464566929133688 ) ) ;
#7501 = EDGE_LOOP ( 'NONE', ( #1692, #5232, #3927, #7824 ) ) ;
#7502 = CARTESIAN_POINT ( 'NONE',  ( -0.1406663324992913355, -0.09842519685039370636, 0.1809872108077953123 ) ) ;
#7503 = AXIS2_PLACEMENT_3D ( 'NONE', #1110, #6485, #7417 ) ;
#7504 = EDGE_LOOP ( 'NONE', ( #8141, #2374, #3181, #9430 ) ) ;
#7505 = ORIENTED_EDGE ( 'NONE', *, *, #2432, .F. ) ;
#7506 = CARTESIAN_POINT ( 'NONE',  ( 0.1449020737449459584, -0.08858267716535435377, 0.3187165545473594763 ) ) ;
#7507 = ADVANCED_FACE ( 'NONE', ( #2227 ), #4724, .F. ) ;
#7508 = LINE ( 'NONE', #4016, #7932 ) ;
#7509 = LINE ( 'NONE', #9257, #1763 ) ;
#7510 = CARTESIAN_POINT ( 'NONE',  ( -0.1417322834645669549, -0.004724409448818895838, 0.3503937007874015630 ) ) ;
#7511 = VECTOR ( 'NONE', #9520, 39.37007874015748854 ) ;
#7512 = CARTESIAN_POINT ( 'NONE',  ( 0.03149606299212598381, 0.09842519685039370636, 0.3799212598425197318 ) ) ;
#7513 = CARTESIAN_POINT ( 'NONE',  ( 0.1027559055118110187, 0.02362204724409448786, 0.03149606299212598381 ) ) ;
#7514 = ORIENTED_EDGE ( 'NONE', *, *, #3370, .F. ) ;
#7515 = ORIENTED_EDGE ( 'NONE', *, *, #4956, .F. ) ;
#7516 = DIRECTION ( 'NONE',  ( 0.000000000000000000, -1.000000000000000000, 0.000000000000000000 ) ) ;
#7517 = ORIENTED_EDGE ( 'NONE', *, *, #315, .T. ) ;
#7518 = ORIENTED_EDGE ( 'NONE', *, *, #1842, .F. ) ;
#7519 = ORIENTED_EDGE ( 'NONE', *, *, #8935, .T. ) ;
#7520 = VERTEX_POINT ( 'NONE', #5787 ) ;
#7521 = AXIS2_PLACEMENT_3D ( 'NONE', #1791, #2672, #4 ) ;
#7522 = CARTESIAN_POINT ( 'NONE',  ( 0.1115572917976830336, 0.09554789691878844138, 0.3838582677165355284 ) ) ;
#7523 = CARTESIAN_POINT ( 'NONE',  ( 0.1367820307991732265, -0.09350393700787401619, 0.3260741689685827671 ) ) ;
#7524 = B_SPLINE_CURVE_WITH_KNOTS ( 'NONE', 3,
 ( #5821, #4070, #7629, #8268 ),
 .UNSPECIFIED., .F., .F.,
 ( 4, 4 ),
 ( 0.000000000000000000, 1.000000000000000000 ),
 .UNSPECIFIED. ) ;
#7525 = DIRECTION ( 'NONE',  ( 0.5599433005135097119, 0.000000000000000000, 0.8285309289399144239 ) ) ;
#7526 = ADVANCED_FACE ( 'NONE', ( #3115 ), #3983, .F. ) ;
#7527 = EDGE_CURVE ( 'NONE', #1078, #3027, #998, .T. ) ;
#7528 = CARTESIAN_POINT ( 'NONE',  ( 0.02559055118110237573, 0.04218323769922788929, 0.3746895931161434157 ) ) ;
#7529 = LINE ( 'NONE', #11092, #9204 ) ;
#7530 = DIRECTION ( 'NONE',  ( 0.000000000000000000, -1.000000000000000000, 0.000000000000000000 ) ) ;
#7531 = B_SPLINE_CURVE_WITH_KNOTS ( 'NONE', 3,
 ( #8100, #10771, #126, #173, #9029, #2624, #6350, #7165, #7220, #4531 ),
 .UNSPECIFIED., .F., .F.,
 ( 4, 2, 2, 2, 4 ),
 ( 0.001724349823483797232, 0.002155430821471129247, 0.002586511819458461262, 0.003017592817445793277, 0.003448673815433125293 ),
 .UNSPECIFIED. ) ;
#7532 = DIRECTION ( 'NONE',  ( 0.000000000000000000, 0.000000000000000000, -1.000000000000000000 ) ) ;
#7533 = AXIS2_PLACEMENT_3D ( 'NONE', #7256, #5446, #5507 ) ;
#7534 = VECTOR ( 'NONE', #11384, 39.37007874015748143 ) ;
#7535 = ORIENTED_EDGE ( 'NONE', *, *, #9571, .F. ) ;
#7536 = FACE_OUTER_BOUND ( 'NONE', #846, .T. ) ;
#7537 = ORIENTED_EDGE ( 'NONE', *, *, #8781, .F. ) ;
#7538 = CARTESIAN_POINT ( 'NONE',  ( 0.1181102362204724254, 0.08070866141732283006, 0.1118110236220472564 ) ) ;
#7539 = CIRCLE ( 'NONE', #10526, 0.007874015748031499423 ) ;
#7540 = AXIS2_PLACEMENT_3D ( 'NONE', #1836, #11427, #7046 ) ;
#7541 = CARTESIAN_POINT ( 'NONE',  ( -0.1131889763779527630, -0.05905511811023622659, 0.1003937007874015630 ) ) ;
#7542 = EDGE_CURVE ( 'NONE', #7475, #505, #11068, .T. ) ;
#7543 = CARTESIAN_POINT ( 'NONE',  ( -0.1297463131434462846, -0.09842519685039369248, 0.3308290946183472525 ) ) ;
#7544 = FACE_OUTER_BOUND ( 'NONE', #2539, .T. ) ;
#7545 = CARTESIAN_POINT ( 'NONE',  ( -0.03265685216991093959, 0.08841195723814537777, 0.3352314046352312116 ) ) ;
#7546 = DIRECTION ( 'NONE',  ( 0.000000000000000000, -0.8354329035167082917, 0.5495924523878056300 ) ) ;
#7547 = LINE ( 'NONE', #11266, #9725 ) ;
#7548 = ORIENTED_EDGE ( 'NONE', *, *, #8807, .T. ) ;
#7549 = CYLINDRICAL_SURFACE ( 'NONE', #11344, 0.005905511811023620231 ) ;
#7550 = VECTOR ( 'NONE', #11026, 39.37007874015748854 ) ;
#7551 = VECTOR ( 'NONE', #3139, 39.37007874015748143 ) ;
#7552 = ORIENTED_EDGE ( 'NONE', *, *, #24, .F. ) ;
#7553 = ORIENTED_EDGE ( 'NONE', *, *, #4538, .F. ) ;
#7554 = DIRECTION ( 'NONE',  ( -1.000000000000000000, 0.000000000000000000, 0.000000000000000000 ) ) ;
#7555 = CYLINDRICAL_SURFACE ( 'NONE', #7149, 0.005905511811023654925 ) ;
#7556 = EDGE_CURVE ( 'NONE', #2758, #9229, #10975, .T. ) ;
#7557 = EDGE_LOOP ( 'NONE', ( #2740, #8837, #9756, #6175, #7251, #8068, #768, #5279 ) ) ;
#7558 = VECTOR ( 'NONE', #3950, 39.37007874015748143 ) ;
#7559 = CARTESIAN_POINT ( 'NONE',  ( 0.1189588432786628514, -0.08481879258868725568, 0.3129921259842520231 ) ) ;
#7560 = DIRECTION ( 'NONE',  ( 0.000000000000000000, 1.000000000000000000, 0.000000000000000000 ) ) ;
#7561 = CARTESIAN_POINT ( 'NONE',  ( -0.02776780846520453261, 0.09792816731808660913, 0.03179177880876852408 ) ) ;
#7562 = B_SPLINE_CURVE_WITH_KNOTS ( 'NONE', 3,
 ( #3771, #4634, #5702, #6460, #1263, #4755 ),
 .UNSPECIFIED., .F., .F.,
 ( 4, 2, 4 ),
 ( 1.172011234988252423E-14, 0.0001548817815973750883, 0.0003097635631830300594 ),
 .UNSPECIFIED. ) ;
#7563 = CYLINDRICAL_SURFACE ( 'NONE', #6540, 0.003821856477086623891 ) ;
#7564 = ORIENTED_EDGE ( 'NONE', *, *, #2148, .F. ) ;
#7565 = CARTESIAN_POINT ( 'NONE',  ( -0.06102362204724411099, 0.000000000000000000, 0.4527559055118110520 ) ) ;
#7566 = VECTOR ( 'NONE', #7423, 39.37007874015748143 ) ;
#7567 = EDGE_LOOP ( 'NONE', ( #4918, #4125, #3803, #3558, #6573, #8157, #8559, #9799 ) ) ;
#7568 = ADVANCED_FACE ( 'NONE', ( #6486 ), #2985, .T. ) ;
#7569 = ORIENTED_EDGE ( 'NONE', *, *, #2347, .T. ) ;
#7570 = VERTEX_POINT ( 'NONE', #431 ) ;
#7571 = EDGE_CURVE ( 'NONE', #10884, #6051, #7478, .T. ) ;
#7572 = DIRECTION ( 'NONE',  ( 1.000000000000000000, 0.000000000000000000, 0.000000000000000000 ) ) ;
#7573 = DIRECTION ( 'NONE',  ( 1.000000000000000000, 0.000000000000000000, 0.000000000000000000 ) ) ;
#7574 = CARTESIAN_POINT ( 'NONE',  ( -0.1417322834645669549, -0.01968503937007873988, 0.1968503937007874127 ) ) ;
#7575 = CARTESIAN_POINT ( 'NONE',  ( 0.1185568754229921334, -0.06692913385826770867, 0.1771653543307086798 ) ) ;
#7576 = DIRECTION ( 'NONE',  ( 0.000000000000000000, 1.000000000000000000, 0.000000000000000000 ) ) ;
#7577 = CARTESIAN_POINT ( 'NONE',  ( 0.000000000000000000, 0.05216292877701429742, 0.3660023665961553707 ) ) ;
#7578 = DIRECTION ( 'NONE',  ( 0.000000000000000000, 0.000000000000000000, 1.000000000000000000 ) ) ;
#7579 = ORIENTED_EDGE ( 'NONE', *, *, #3218, .F. ) ;
#7580 = ORIENTED_EDGE ( 'NONE', *, *, #8380, .F. ) ;
#7581 = PLANE ( 'NONE',  #7254 ) ;
#7582 = EDGE_LOOP ( 'NONE', ( #9357, #8215, #9503, #9855 ) ) ;
#7583 = EDGE_CURVE ( 'NONE', #1582, #10672, #2291, .T. ) ;
#7584 = ORIENTED_EDGE ( 'NONE', *, *, #2005, .T. ) ;
#7585 = ORIENTED_EDGE ( 'NONE', *, *, #8887, .T. ) ;
#7586 = VERTEX_POINT ( 'NONE', #1111 ) ;
#7587 = CARTESIAN_POINT ( 'NONE',  ( -0.04133841784512517353, 0.08887361640600413559, 0.02952769488984264765 ) ) ;
#7588 = CARTESIAN_POINT ( 'NONE',  ( 0.1082677165354330728, -0.05905511811023622659, 0.07086614173228347746 ) ) ;
#7589 = EDGE_CURVE ( 'NONE', #10596, #2777, #9766, .T. ) ;
#7590 = DIRECTION ( 'NONE',  ( 0.000000000000000000, 0.000000000000000000, -1.000000000000000000 ) ) ;
#7591 = FACE_BOUND ( 'NONE', #11434, .T. ) ;
#7592 = FACE_BOUND ( 'NONE', #11135, .T. ) ;
#7593 = DIRECTION ( 'NONE',  ( 0.000000000000000000, -0.9051451319796838257, 0.4251026817763923771 ) ) ;
#7594 = DIRECTION ( 'NONE',  ( 0.000000000000000000, -1.000000000000000000, 0.000000000000000000 ) ) ;
#7595 = VERTEX_POINT ( 'NONE', #2929 ) ;
#7596 = EDGE_CURVE ( 'NONE', #3027, #7625, #10040, .T. ) ;
#7597 = VECTOR ( 'NONE', #7821, 39.37007874015748143 ) ;
#7598 = CARTESIAN_POINT ( 'NONE',  ( -0.1082677165354330728, 0.08267716535433072833, 0.2854330708661417804 ) ) ;
#7599 = ORIENTED_EDGE ( 'NONE', *, *, #4565, .F. ) ;
#7600 = DIRECTION ( 'NONE',  ( 1.000000000000000000, 0.000000000000000000, 0.000000000000000000 ) ) ;
#7601 = DIRECTION ( 'NONE',  ( 0.000000000000000000, -1.000000000000000000, 0.000000000000000000 ) ) ;
#7602 = CARTESIAN_POINT ( 'NONE',  ( -0.1259842519685039353, -0.08070866141732283006, 0.2164279190586220203 ) ) ;
#7603 = DIRECTION ( 'NONE',  ( 5.782411586589358822E-15, 0.000000000000000000, -1.000000000000000000 ) ) ;
#7604 = AXIS2_PLACEMENT_3D ( 'NONE', #11075, #7333, #1209 ) ;
#7605 = CARTESIAN_POINT ( 'NONE',  ( -0.02982702288585923484, 0.08809158870385207230, 0.3376612828611094130 ) ) ;
#7606 = CARTESIAN_POINT ( 'NONE',  ( 0.000000000000000000, 0.08464566929133858497, 0.02952755905511811330 ) ) ;
#7607 = ORIENTED_EDGE ( 'NONE', *, *, #9942, .F. ) ;
#7608 = DIRECTION ( 'NONE',  ( 0.000000000000000000, 0.000000000000000000, 1.000000000000000000 ) ) ;
#7609 = ADVANCED_FACE ( 'NONE', ( #9166 ), #8711, .T. ) ;
#7610 = EDGE_CURVE ( 'NONE', #4663, #1419, #5141, .T. ) ;
#7611 = ORIENTED_EDGE ( 'NONE', *, *, #7794, .F. ) ;
#7612 = VERTEX_POINT ( 'NONE', #6781 ) ;
#7613 = CARTESIAN_POINT ( 'NONE',  ( -0.1082677165354330728, 0.000000000000000000, 0.1771653543307087075 ) ) ;
#7614 = DIRECTION ( 'NONE',  ( 0.000000000000000000, -1.000000000000000000, 0.000000000000000000 ) ) ;
#7615 = ORIENTED_EDGE ( 'NONE', *, *, #11399, .F. ) ;
#7616 = LINE ( 'NONE', #5864, #3437 ) ;
#7617 = CARTESIAN_POINT ( 'NONE',  ( 0.02732120827694901888, 0.08346205885368462862, 0.03686583356309627163 ) ) ;
#7618 = DIRECTION ( 'NONE',  ( 0.000000000000000000, 1.000000000000000000, 0.000000000000000000 ) ) ;
#7619 = CARTESIAN_POINT ( 'NONE',  ( 0.07086614173228347746, 8.678599364036364441E-18, 0.3029921271622834644 ) ) ;
#7620 = ORIENTED_EDGE ( 'NONE', *, *, #8137, .F. ) ;
#7621 = EDGE_CURVE ( 'NONE', #8633, #6790, #4160, .T. ) ;
#7622 = ORIENTED_EDGE ( 'NONE', *, *, #2164, .T. ) ;
#7623 = CARTESIAN_POINT ( 'NONE',  ( 0.02593862507167766368, 0.09643248962442593775, 0.1673914049916412627 ) ) ;
#7624 = ORIENTED_EDGE ( 'NONE', *, *, #11399, .T. ) ;
#7625 = VERTEX_POINT ( 'NONE', #721 ) ;
#7626 = FACE_OUTER_BOUND ( 'NONE', #2482, .T. ) ;
#7627 = CARTESIAN_POINT ( 'NONE',  ( -0.02559045713040210626, 0.09409504043799107875, 0.04041389609016911300 ) ) ;
#7628 = CARTESIAN_POINT ( 'NONE',  ( -0.02559055118110236879, 0.05905511811023622659, 0.2170084889991732435 ) ) ;
#7629 = CARTESIAN_POINT ( 'NONE',  ( 0.04133188408795349100, 0.09181868067532812649, 0.02952755905511811330 ) ) ;
#7630 = APPLICATION_PROTOCOL_DEFINITION ( 'international standard', 'config_control_design', 1994, #5778 ) ;
#7631 = CARTESIAN_POINT ( 'NONE',  ( 0.1181102362204724532, 0.0009842519685039369942, 0.3129921259842520231 ) ) ;
#7632 = CARTESIAN_POINT ( 'NONE',  ( 0.1406663324992913355, -0.09842519685039370636, 0.2126060625815354432 ) ) ;
#7633 = ORIENTED_EDGE ( 'NONE', *, *, #7193, .F. ) ;
#7634 = VECTOR ( 'NONE', #3539, 39.37007874015748143 ) ;
#7635 = ORIENTED_EDGE ( 'NONE', *, *, #4248, .F. ) ;
#7636 = CYLINDRICAL_SURFACE ( 'NONE', #4829, 0.005142621160748004315 ) ;
#7637 = EDGE_CURVE ( 'NONE', #1331, #7711, #1529, .T. ) ;
#7638 = ORIENTED_EDGE ( 'NONE', *, *, #5499, .F. ) ;
#7639 = EDGE_LOOP ( 'NONE', ( #8832, #8895, #718, #3541 ) ) ;
#7640 = ORIENTED_EDGE ( 'NONE', *, *, #10309, .T. ) ;
#7641 = ORIENTED_EDGE ( 'NONE', *, *, #5773, .F. ) ;
#7642 = CARTESIAN_POINT ( 'NONE',  ( -0.08174471612098425932, 0.09842519685039370636, 0.1407480314960629919 ) ) ;
#7643 = CARTESIAN_POINT ( 'NONE',  ( -0.1181102362204730222, -0.09657924753602104007, 0.2165354330708661457 ) ) ;
#7644 = VECTOR ( 'NONE', #41, 39.37007874015748143 ) ;
#7645 = DIRECTION ( 'NONE',  ( 0.000000000000000000, 1.000000000000000000, 0.000000000000000000 ) ) ;
#7646 = CIRCLE ( 'NONE', #3537, 0.003821856477086623891 ) ;
#7647 = DIRECTION ( 'NONE',  ( -1.000000000000000000, 0.000000000000000000, 0.000000000000000000 ) ) ;
#7648 = FACE_OUTER_BOUND ( 'NONE', #5767, .T. ) ;
#7649 = LINE ( 'NONE', #8406, #7678 ) ;
#7650 = EDGE_CURVE ( 'NONE', #10671, #10311, #11213, .T. ) ;
#7651 = CARTESIAN_POINT ( 'NONE',  ( -0.1352392391548425388, -0.09842519685039370636, 0.1967966366946456713 ) ) ;
#7652 = ORIENTED_EDGE ( 'NONE', *, *, #4073, .F. ) ;
#7653 = VECTOR ( 'NONE', #1051, 39.37007874015748143 ) ;
#7654 = AXIS2_PLACEMENT_3D ( 'NONE', #5076, #7655, #5193 ) ;
#7655 = DIRECTION ( 'NONE',  ( 0.000000000000000000, -1.000000000000000000, 0.000000000000000000 ) ) ;
#7656 = ORIENTED_EDGE ( 'NONE', *, *, #9382, .F. ) ;
#7657 = CARTESIAN_POINT ( 'NONE',  ( -0.1346456692913385877, -0.08812772974917322533, 0.07086614173228347746 ) ) ;
#7658 = CARTESIAN_POINT ( 'NONE',  ( 0.1131889763779527630, -0.02362204724409448786, 0.1791338582677165503 ) ) ;
#7659 = LINE ( 'NONE', #9168, #1770 ) ;
#7660 = AXIS2_PLACEMENT_3D ( 'NONE', #3793, #10915, #1385 ) ;
#7661 = EDGE_CURVE ( 'NONE', #11377, #6700, #4269, .T. ) ;
#7662 = VECTOR ( 'NONE', #4124, 39.37007874015748143 ) ;
#7663 = CARTESIAN_POINT ( 'NONE',  ( -0.1082677165354331006, 0.09842519685039370636, 0.02952755905511810289 ) ) ;
#7664 = DIRECTION ( 'NONE',  ( 0.000000000000000000, 1.000000000000000000, 0.000000000000000000 ) ) ;
#7665 = ORIENTED_EDGE ( 'NONE', *, *, #7015, .F. ) ;
#7666 = DIRECTION ( 'NONE',  ( 0.000000000000000000, 0.000000000000000000, 1.000000000000000000 ) ) ;
#7667 = ORIENTED_EDGE ( 'NONE', *, *, #11112, .F. ) ;
#7668 = ORIENTED_EDGE ( 'NONE', *, *, #7943, .T. ) ;
#7669 = AXIS2_PLACEMENT_3D ( 'NONE', #9960, #4478, #7219 ) ;
#7670 = CARTESIAN_POINT ( 'NONE',  ( 0.09020818297157325028, -0.03937007874015747977, 0.02952755905512402870 ) ) ;
#7671 = DIRECTION ( 'NONE',  ( -1.000000000000000000, 0.000000000000000000, 0.000000000000000000 ) ) ;
#7672 = VERTEX_POINT ( 'NONE', #6957 ) ;
#7673 = CARTESIAN_POINT ( 'NONE',  ( -0.02559055118110236879, 0.06665475372472316751, 0.3591962606674514724 ) ) ;
#7674 = EDGE_CURVE ( 'NONE', #9724, #5725, #10515, .T. ) ;
#7675 = ADVANCED_FACE ( 'NONE', ( #6028 ), #10345, .F. ) ;
#7676 = CARTESIAN_POINT ( 'NONE',  ( 0.000000000000000000, 0.09842519685039370636, 0.3543307086614174151 ) ) ;
#7677 = CARTESIAN_POINT ( 'NONE',  ( -0.04133774990574352881, 0.08858267716535433989, 0.1555118110346314919 ) ) ;
#7678 = VECTOR ( 'NONE', #6657, 39.37007874015748143 ) ;
#7679 = CARTESIAN_POINT ( 'NONE',  ( 0.06482784625098425568, 0.09842519685039370636, 0.07596455767401574799 ) ) ;
#7680 = DIRECTION ( 'NONE',  ( 0.000000000000000000, 0.000000000000000000, -1.000000000000000000 ) ) ;
#7681 = ORIENTED_EDGE ( 'NONE', *, *, #5843, .F. ) ;
#7682 = ORIENTED_EDGE ( 'NONE', *, *, #3286, .F. ) ;
#7683 = ORIENTED_EDGE ( 'NONE', *, *, #7920, .F. ) ;
#7684 = ORIENTED_EDGE ( 'NONE', *, *, #6454, .T. ) ;
#7685 = DIRECTION ( 'NONE',  ( 0.000000000000000000, 0.000000000000000000, 1.000000000000000000 ) ) ;
#7686 = ADVANCED_FACE ( 'NONE', ( #6087 ), #10401, .T. ) ;
#7687 = DIRECTION ( 'NONE',  ( 0.000000000000000000, 0.000000000000000000, 1.000000000000000000 ) ) ;
#7688 = DIRECTION ( 'NONE',  ( 0.000000000000000000, 1.000000000000000000, 0.000000000000000000 ) ) ;
#7689 = DIRECTION ( 'NONE',  ( 0.000000000000000000, -1.000000000000000000, 0.000000000000000000 ) ) ;
#7690 = APPROVAL_STATUS ( 'not_yet_approved' ) ;
#7691 = PLANE ( 'NONE',  #5235 ) ;
#7692 = DIRECTION ( 'NONE',  ( 0.000000000000000000, -1.000000000000000000, 0.000000000000000000 ) ) ;
#7693 = AXIS2_PLACEMENT_3D ( 'NONE', #407, #580, #4995 ) ;
#7694 = ORIENTED_EDGE ( 'NONE', *, *, #8442, .T. ) ;
#7695 = ORIENTED_EDGE ( 'NONE', *, *, #480, .F. ) ;
#7696 = DIRECTION ( 'NONE',  ( 0.000000000000000000, 0.000000000000000000, -1.000000000000000000 ) ) ;
#7697 = ORIENTED_EDGE ( 'NONE', *, *, #7390, .T. ) ;
#7698 = ORIENTED_EDGE ( 'NONE', *, *, #10059, .T. ) ;
#7699 = VERTEX_POINT ( 'NONE', #8596 ) ;
#7700 = EDGE_LOOP ( 'NONE', ( #11000, #821, #2332, #5044 ) ) ;
#7701 = CARTESIAN_POINT ( 'NONE',  ( 0.1003937007874015630, 0.08070866141732283006, 0.1574803149606299191 ) ) ;
#7702 = VECTOR ( 'NONE', #9226, 39.37007874015748143 ) ;
#7703 = CARTESIAN_POINT ( 'NONE',  ( -0.003149606299212598815, 0.09842519685039370636, 0.3838582677165355284 ) ) ;
#7704 = ADVANCED_FACE ( 'NONE', ( #11275 ), #773, .F. ) ;
#7705 = CARTESIAN_POINT ( 'NONE',  ( 0.03602308533793307371, 0.09667812425295273238, 0.02726173037722048539 ) ) ;
#7706 = DIRECTION ( 'NONE',  ( 0.000000000000000000, 0.000000000000000000, -1.000000000000000000 ) ) ;
#7707 = CARTESIAN_POINT ( 'NONE',  ( -0.05413385826771653642, -0.06889763779527559306, 0.02952755905511811330 ) ) ;
#7708 = CARTESIAN_POINT ( 'NONE',  ( -0.1101770824163615797, -0.08995645655289277731, 0.3129921259842520231 ) ) ;
#7709 = ORIENTED_EDGE ( 'NONE', *, *, #935, .T. ) ;
#7710 = B_SPLINE_CURVE_WITH_KNOTS ( 'NONE', 3,
 ( #4907, #7424, #9291, #10980, #8360, #9110 ),
 .UNSPECIFIED., .F., .F.,
 ( 4, 2, 4 ),
 ( 0.000000000000000000, 0.5000000000000000000, 1.000000000000000000 ),
 .UNSPECIFIED. ) ;
#7711 = VERTEX_POINT ( 'NONE', #4331 ) ;
#7712 = VECTOR ( 'NONE', #9805, 39.37007874015748143 ) ;
#7713 = CARTESIAN_POINT ( 'NONE',  ( 0.09923794975350394565, -0.03937007874015747977, 0.4133858267716535861 ) ) ;
#7714 = ORIENTED_EDGE ( 'NONE', *, *, #11409, .T. ) ;
#7715 = EDGE_CURVE ( 'NONE', #3555, #5234, #4220, .T. ) ;
#7716 = LINE ( 'NONE', #5966, #811 ) ;
#7717 = CARTESIAN_POINT ( 'NONE',  ( -0.09020818297157480459, -0.03937007874015747977, 0.2214566929133858220 ) ) ;
#7718 = EDGE_CURVE ( 'NONE', #3555, #7311, #3460, .T. ) ;
#7719 = VECTOR ( 'NONE', #1307, 39.37007874015748143 ) ;
#7720 = LINE ( 'NONE', #9578, #1210 ) ;
#7721 = VECTOR ( 'NONE', #3543, 39.37007874015748143 ) ;
#7722 = DIRECTION ( 'NONE',  ( -1.000000000000000000, 0.000000000000000000, 0.000000000000000000 ) ) ;
#7723 = LINE ( 'NONE', #779, #497 ) ;
#7724 = CARTESIAN_POINT ( 'NONE',  ( 0.000000000000000000, 0.1031496062992126317, 0.000000000000000000 ) ) ;
#7725 = ORIENTED_EDGE ( 'NONE', *, *, #4797, .T. ) ;
#7726 = FACE_OUTER_BOUND ( 'NONE', #9429, .T. ) ;
#7727 = ADVANCED_FACE ( 'NONE', ( #7777 ), #10570, .F. ) ;
#7728 = VECTOR ( 'NONE', #1572, 39.37007874015748143 ) ;
#7729 = ORIENTED_EDGE ( 'NONE', *, *, #1608, .T. ) ;
#7730 = AXIS2_PLACEMENT_3D ( 'NONE', #7541, #11153, #6724 ) ;
#7731 = ORIENTED_EDGE ( 'NONE', *, *, #9191, .T. ) ;
#7732 = ADVANCED_FACE ( 'NONE', ( #1464 ), #544, .F. ) ;
#7733 = LINE ( 'NONE', #9474, #6955 ) ;
#7734 = CARTESIAN_POINT ( 'NONE',  ( 0.1244494698206299321, -0.08858267716535435377, 0.05118110236220473758 ) ) ;
#7735 = VERTEX_POINT ( 'NONE', #11327 ) ;
#7736 = EDGE_CURVE ( 'NONE', #5045, #3540, #606, .T. ) ;
#7737 = VECTOR ( 'NONE', #9917, 39.37007874015748143 ) ;
#7738 = LINE ( 'NONE', #4287, #925 ) ;
#7739 = VECTOR ( 'NONE', #11260, 39.37007874015748143 ) ;
#7740 = FACE_OUTER_BOUND ( 'NONE', #1506, .T. ) ;
#7741 = ORIENTED_EDGE ( 'NONE', *, *, #110, .F. ) ;
#7742 = EDGE_CURVE ( 'NONE', #7570, #8171, #10457, .T. ) ;
#7743 = EDGE_CURVE ( 'NONE', #10111, #5248, #184, .T. ) ;
#7744 = ORIENTED_EDGE ( 'NONE', *, *, #6575, .T. ) ;
#7745 = VECTOR ( 'NONE', #6782, 39.37007874015748143 ) ;
#7746 = ORIENTED_EDGE ( 'NONE', *, *, #8536, .F. ) ;
#7747 = CIRCLE ( 'NONE', #11462, 0.01574803149606299191 ) ;
#7748 = CARTESIAN_POINT ( 'NONE',  ( 0.000000000000000000, -0.1220472440944882220, 0.09842519685039370636 ) ) ;
#7749 = CARTESIAN_POINT ( 'NONE',  ( -0.003149606299212598815, 0.09842519685039370636, 0.3346456692913385988 ) ) ;
#7750 = CARTESIAN_POINT ( 'NONE',  ( -0.09054131577893961835, -0.001451793472731650100, -0.09842519685038113308 ) ) ;
#7751 = DIRECTION ( 'NONE',  ( 1.000000000000000000, 0.000000000000000000, 0.000000000000000000 ) ) ;
#7752 =( LENGTH_UNIT ( ) NAMED_UNIT ( * ) SI_UNIT ( $, .METRE. ) );
#7753 = CARTESIAN_POINT ( 'NONE',  ( 0.1352392668859842551, -0.08858267716535435377, 0.07086614173228347746 ) ) ;
#7754 = AXIS2_PLACEMENT_3D ( 'NONE', #5900, #9454, #1453 ) ;
#7755 = EDGE_LOOP ( 'NONE', ( #6245, #2107, #10863, #1065 ) ) ;
#7756 = VERTEX_POINT ( 'NONE', #10732 ) ;
#7757 = DIRECTION ( 'NONE',  ( -1.000000000000000000, 0.000000000000000000, 0.000000000000000000 ) ) ;
#7758 = ORIENTED_EDGE ( 'NONE', *, *, #1463, .T. ) ;
#7759 = EDGE_CURVE ( 'NONE', #1430, #1137, #23, .T. ) ;
#7760 = EDGE_CURVE ( 'NONE', #5266, #4854, #3563, .T. ) ;
#7761 = ORIENTED_EDGE ( 'NONE', *, *, #9787, .F. ) ;
#7762 = PLANE ( 'NONE',  #6729 ) ;
#7763 = DIRECTION ( 'NONE',  ( 0.000000000000000000, -1.000000000000000000, 0.000000000000000000 ) ) ;
#7764 = VECTOR ( 'NONE', #9410, 39.37007874015748143 ) ;
#7765 = DIRECTION ( 'NONE',  ( 1.000000000000000000, 0.000000000000000000, 0.000000000000000000 ) ) ;
#7766 = CARTESIAN_POINT ( 'NONE',  ( 0.02550907079431495930, 0.09178743570889763559, 0.04307109986779528860 ) ) ;
#7767 = CYLINDRICAL_SURFACE ( 'NONE', #7157, 0.01771653543307086243 ) ;
#7768 = CARTESIAN_POINT ( 'NONE',  ( 0.1417322834645669549, -0.004724409448818898440, 0.3181081888743702013 ) ) ;
#7769 = DIRECTION ( 'NONE',  ( 0.000000000000000000, 1.000000000000000000, 0.000000000000000000 ) ) ;
#7770 = DIRECTION ( 'NONE',  ( 0.000000000000000000, 0.000000000000000000, 1.000000000000000000 ) ) ;
#7771 = ORIENTED_EDGE ( 'NONE', *, *, #8872, .T. ) ;
#7772 = VERTEX_POINT ( 'NONE', #2578 ) ;
#7773 = EDGE_CURVE ( 'NONE', #6954, #6559, #5314, .T. ) ;
#7774 = LINE ( 'NONE', #2405, #2620 ) ;
#7775 = ORIENTED_EDGE ( 'NONE', *, *, #4184, .T. ) ;
#7776 = DIRECTION ( 'NONE',  ( -1.000000000000000000, 0.000000000000000000, 0.000000000000000000 ) ) ;
#7777 = FACE_OUTER_BOUND ( 'NONE', #6776, .T. ) ;
#7778 = CARTESIAN_POINT ( 'NONE',  ( -0.03149606299212598381, 0.09842519685039370636, 0.2362204724409449341 ) ) ;
#7779 = LINE ( 'NONE', #6728, #202 ) ;
#7780 = DIRECTION ( 'NONE',  ( 0.000000000000000000, 0.000000000000000000, -1.000000000000000000 ) ) ;
#7781 = DIRECTION ( 'NONE',  ( 0.000000000000000000, 0.000000000000000000, 1.000000000000000000 ) ) ;
#7782 = ADVANCED_FACE ( 'NONE', ( #8820 ), #9915, .T. ) ;
#7783 = ORIENTED_EDGE ( 'NONE', *, *, #2064, .T. ) ;
#7784 = LINE ( 'NONE', #6906, #10598 ) ;
#7785 = EDGE_CURVE ( 'NONE', #4081, #6004, #8841, .T. ) ;
#7786 = ORIENTED_EDGE ( 'NONE', *, *, #8857, .T. ) ;
#7787 = ORIENTED_EDGE ( 'NONE', *, *, #5161, .F. ) ;
#7788 = CARTESIAN_POINT ( 'NONE',  ( -0.09594951366374016022, -0.004724409448818898440, 0.1811023622047244208 ) ) ;
#7789 = DIRECTION ( 'NONE',  ( -1.000000000000000000, 0.000000000000000000, 0.000000000000000000 ) ) ;
#7790 = VECTOR ( 'NONE', #9157, 39.37007874015748143 ) ;
#7791 = EDGE_LOOP ( 'NONE', ( #9473, #4765, #8123, #9714, #3965, #7537, #11123, #8087, #6876, #3778, #5742, #4196 ) ) ;
#7792 = CARTESIAN_POINT ( 'NONE',  ( 0.000000000000000000, 0.09842519685039370636, 0.1555118110236220763 ) ) ;
#7793 = LINE ( 'NONE', #9597, #10291 ) ;
#7794 = EDGE_CURVE ( 'NONE', #3271, #4028, #1916, .T. ) ;
#7795 = EDGE_CURVE ( 'NONE', #1078, #5543, #1751, .T. ) ;
#7796 = ORIENTED_EDGE ( 'NONE', *, *, #9412, .F. ) ;
#7797 = EDGE_LOOP ( 'NONE', ( #6584, #7761, #2560, #2939 ) ) ;
#7798 = EDGE_LOOP ( 'NONE', ( #8817, #3434, #2460, #9253 ) ) ;
#7799 = CARTESIAN_POINT ( 'NONE',  ( 0.1082677165354330728, -0.08070866141732283006, 0.07086614173228347746 ) ) ;
#7800 = CARTESIAN_POINT ( 'NONE',  ( 0.09055118110236221041, 0.08858267716535435377, 0.03149606299212598381 ) ) ;
#7801 = DIRECTION ( 'NONE',  ( 0.8285309289389501952, 0.000000000000000000, 0.5599433005149362375 ) ) ;
#7802 = PLANE ( 'NONE',  #8801 ) ;
#7803 = ADVANCED_FACE ( 'NONE', ( #5473, #10678 ), #2744, .F. ) ;
#7804 = DIRECTION ( 'NONE',  ( 1.000000000000000000, 0.000000000000000000, 0.000000000000000000 ) ) ;
#7805 = PLANE ( 'NONE',  #8408 ) ;
#7806 = VERTEX_POINT ( 'NONE', #2689 ) ;
#7807 = VERTEX_POINT ( 'NONE', #7062 ) ;
#7808 = CARTESIAN_POINT ( 'NONE',  ( 0.1082677165354331006, -0.03937007874015747977, 0.4133858267716535861 ) ) ;
#7809 = EDGE_LOOP ( 'NONE', ( #807, #9939, #8745, #3584 ) ) ;
#7810 = VECTOR ( 'NONE', #4674, 39.37007874015748143 ) ;
#7811 = ORIENTED_EDGE ( 'NONE', *, *, #516, .F. ) ;
#7812 = VERTEX_POINT ( 'NONE', #3620 ) ;
#7813 = FACE_OUTER_BOUND ( 'NONE', #6971, .T. ) ;
#7814 = CYLINDRICAL_SURFACE ( 'NONE', #3050, 0.01574803149606299885 ) ;
#7815 = PLANE ( 'NONE',  #1202 ) ;
#7816 = CARTESIAN_POINT ( 'NONE',  ( 0.03473796269301182571, 0.09325847687385833973, 0.02783780889015747759 ) ) ;
#7817 = DIRECTION ( 'NONE',  ( 0.000000000000000000, 0.000000000000000000, 1.000000000000000000 ) ) ;
#7818 = CARTESIAN_POINT ( 'NONE',  ( 0.1082677165354331006, 0.08464566929133858497, 0.2381889763779527491 ) ) ;
#7819 = ADVANCED_FACE ( 'NONE', ( #983 ), #8053, .F. ) ;
#7820 = AXIS2_PLACEMENT_3D ( 'NONE', #9252, #2132, #10186 ) ;
#7821 = DIRECTION ( 'NONE',  ( -1.000000000000000000, 0.000000000000000000, 0.000000000000000000 ) ) ;
#7822 = EDGE_CURVE ( 'NONE', #11151, #10870, #6254, .T. ) ;
#7823 = DIRECTION ( 'NONE',  ( -1.000000000000000000, 0.000000000000000000, 0.000000000000000000 ) ) ;
#7824 = ORIENTED_EDGE ( 'NONE', *, *, #981, .T. ) ;
#7825 = ORIENTED_EDGE ( 'NONE', *, *, #10694, .F. ) ;
#7826 = CARTESIAN_POINT ( 'NONE',  ( -0.1003937007874015630, 0.09842519685039370636, 0.03149606299212795446 ) ) ;
#7827 = EDGE_LOOP ( 'NONE', ( #8079, #9050, #4379, #2134, #1198, #1819, #212, #7989 ) ) ;
#7828 = VECTOR ( 'NONE', #2151, 39.37007874015748143 ) ;
#7829 = VECTOR ( 'NONE', #8117, 39.37007874015748854 ) ;
#7830 = LINE ( 'NONE', #10343, #9562 ) ;
#7831 = DIRECTION ( 'NONE',  ( 0.000000000000000000, 0.000000000000000000, 1.000000000000000000 ) ) ;
#7832 = B_SPLINE_CURVE_WITH_KNOTS ( 'NONE', 3,
 ( #65, #7934, #7049, #7216, #6346, #3605 ),
 .UNSPECIFIED., .F., .F.,
 ( 4, 2, 4 ),
 ( 0.000000000000000000, 0.5000000000000000000, 1.000000000000000000 ),
 .UNSPECIFIED. ) ;
#7833 = CARTESIAN_POINT ( 'NONE',  ( -0.06338582677165355284, 0.09842519685039370636, 0.08464566929133858497 ) ) ;
#7834 = CARTESIAN_POINT ( 'NONE',  ( 3.547529407936716345E-16, -0.1220472440944882220, 0.3346456692913385988 ) ) ;
#7835 = DIRECTION ( 'NONE',  ( 1.000000000000000000, 0.000000000000000000, 0.000000000000000000 ) ) ;
#7836 = EDGE_CURVE ( 'NONE', #10065, #889, #5255, .T. ) ;
#7837 = CARTESIAN_POINT ( 'NONE',  ( 0.1181102362204724532, 0.0009842519685039369942, 0.3346456692913385988 ) ) ;
#7838 = AXIS2_PLACEMENT_3D ( 'NONE', #5746, #6567, #10119 ) ;
#7839 = EDGE_LOOP ( 'NONE', ( #1566, #6208, #4454, #2632, #10379, #9074, #8800, #11078, #2507, #5269, #6819, #2910 ) ) ;
#7840 = AXIS2_PLACEMENT_3D ( 'NONE', #1351, #4905, #7603 ) ;
#7841 = CARTESIAN_POINT ( 'NONE',  ( 0.02860604216452631784, 0.09785040674992369347, 0.3390870090751764709 ) ) ;
#7842 = ORIENTED_EDGE ( 'NONE', *, *, #918, .T. ) ;
#7843 = LINE ( 'NONE', #11397, #8818 ) ;
#7844 = VECTOR ( 'NONE', #6961, 39.37007874015748143 ) ;
#7845 = LINE ( 'NONE', #2364, #3615 ) ;
#7846 = VECTOR ( 'NONE', #6705, 39.37007874015748143 ) ;
#7847 = ORIENTED_EDGE ( 'NONE', *, *, #7913, .F. ) ;
#7848 = EDGE_CURVE ( 'NONE', #1128, #677, #876, .T. ) ;
#7849 = DIRECTION ( 'NONE',  ( 1.000000000000000000, 0.000000000000000000, 0.000000000000000000 ) ) ;
#7850 = LINE ( 'NONE', #5098, #11403 ) ;
#7851 = VECTOR ( 'NONE', #6986, 39.37007874015748143 ) ;
#7852 = AXIS2_PLACEMENT_3D ( 'NONE', #9138, #10830, #6404 ) ;
#7853 = ORIENTED_EDGE ( 'NONE', *, *, #736, .F. ) ;
#7854 = LINE ( 'NONE', #1549, #2990 ) ;
#7855 = ORIENTED_EDGE ( 'NONE', *, *, #5589, .F. ) ;
#7856 = ORIENTED_EDGE ( 'NONE', *, *, #6693, .F. ) ;
#7857 = EDGE_CURVE ( 'NONE', #2653, #3915, #5120, .T. ) ;
#7858 = AXIS2_PLACEMENT_3D ( 'NONE', #7707, #3281, #10390 ) ;
#7859 = LINE ( 'NONE', #107, #2528 ) ;
#7860 = EDGE_CURVE ( 'NONE', #1000, #5766, #7286, .T. ) ;
#7861 = FACE_OUTER_BOUND ( 'NONE', #9352, .T. ) ;
#7862 = LINE ( 'NONE', #745, #5801 ) ;
#7863 = CARTESIAN_POINT ( 'NONE',  ( -1.325897125061110399E-18, -0.1141732283464566844, 0.3346456692913385988 ) ) ;
#7864 = MECHANICAL_CONTEXT ( 'NONE', #5108, 'mechanical' ) ;
#7865 = DIRECTION ( 'NONE',  ( 0.000000000000000000, 0.000000000000000000, -1.000000000000000000 ) ) ;
#7866 = ORIENTED_EDGE ( 'NONE', *, *, #1433, .T. ) ;
#7867 = ORIENTED_EDGE ( 'NONE', *, *, #7637, .T. ) ;
#7868 = DIRECTION ( 'NONE',  ( 0.000000000000000000, 1.000000000000000000, 0.000000000000000000 ) ) ;
#7869 = EDGE_LOOP ( 'NONE', ( #6862, #472, #11286, #9672 ) ) ;
#7870 = VECTOR ( 'NONE', #4924, 39.37007874015748143 ) ;
#7871 = ORIENTED_EDGE ( 'NONE', *, *, #667, .T. ) ;
#7872 = VERTEX_POINT ( 'NONE', #6136 ) ;
#7873 = CARTESIAN_POINT ( 'NONE',  ( 0.07873982347637066559, 9.642847278576495223E-18, -0.09842519685030418075 ) ) ;
#7874 = EDGE_CURVE ( 'NONE', #615, #10190, #9692, .T. ) ;
#7875 = DIRECTION ( 'NONE',  ( 0.8285309289394326981, 0.000000000000000000, 0.5599433005142222530 ) ) ;
#7876 = CARTESIAN_POINT ( 'NONE',  ( 0.07283464566929134798, 0.09842519685039370636, 0.000000000000000000 ) ) ;
#7877 = CARTESIAN_POINT ( 'NONE',  ( 0.04158161218885826627, 0.08831279699862201737, 0.02952969490480315470 ) ) ;
#7878 = CARTESIAN_POINT ( 'NONE',  ( 0.1082677165354330728, 0.08267716535433072833, 0.3858267716535432879 ) ) ;
#7879 = VECTOR ( 'NONE', #1883, 39.37007874015748143 ) ;
#7880 = CARTESIAN_POINT ( 'NONE',  ( -0.1427909053053474930, -0.08812772974917322533, 0.05823368374837570305 ) ) ;
#7881 = FACE_OUTER_BOUND ( 'NONE', #351, .T. ) ;
#7882 = ORIENTED_EDGE ( 'NONE', *, *, #11386, .T. ) ;
#7883 = VERTEX_POINT ( 'NONE', #2634 ) ;
#7884 = CARTESIAN_POINT ( 'NONE',  ( 0.02661417322834646118, 0.06496062992125983815, 0.08636898558988190255 ) ) ;
#7885 = CARTESIAN_POINT ( 'NONE',  ( 0.02559055118110236879, 0.04607261923493910505, 0.1972738534830187629 ) ) ;
#7886 = VERTEX_POINT ( 'NONE', #9748 ) ;
#7887 = VECTOR ( 'NONE', #8479, 39.37007874015748143 ) ;
#7888 = EDGE_CURVE ( 'NONE', #3238, #9954, #3786, .T. ) ;
#7889 = CARTESIAN_POINT ( 'NONE',  ( 0.1259842519685039353, -0.08070866141732283006, 0.1771653543307087075 ) ) ;
#7890 = ADVANCED_FACE ( 'NONE', ( #11089 ), #1276, .F. ) ;
#7891 = DIRECTION ( 'NONE',  ( 0.000000000000000000, 0.000000000000000000, -1.000000000000000000 ) ) ;
#7892 = CARTESIAN_POINT ( 'NONE',  ( -0.1406312231058267637, -0.08858267716535435377, 0.09055118110236221041 ) ) ;
#7893 = CARTESIAN_POINT ( 'NONE',  ( -0.03149606299212598381, 0.08095377066255905751, 0.1968503937007874127 ) ) ;
#7894 = CARTESIAN_POINT ( 'NONE',  ( -0.1082677165354330728, 0.000000000000000000, 0.1555118110236220763 ) ) ;
#7895 = LINE ( 'NONE', #4389, #7186 ) ;
#7896 = CARTESIAN_POINT ( 'NONE',  ( -0.1370649114109842581, -0.09350393700787401619, 0.06210346314700787573 ) ) ;
#7897 = AXIS2_PLACEMENT_3D ( 'NONE', #9691, #21, #8050 ) ;
#7898 = VERTEX_POINT ( 'NONE', #8283 ) ;
#7899 = CARTESIAN_POINT ( 'NONE',  ( 0.07283464566929115369, 0.08464566929133858497, 1.351695621865130269E-16 ) ) ;
#7900 = B_SPLINE_CURVE_WITH_KNOTS ( 'NONE', 3,
 ( #3986, #4669, #1115, #3117, #6666, #3051 ),
 .UNSPECIFIED., .F., .F.,
 ( 4, 2, 4 ),
 ( 0.000000000000000000, 0.5000000000000000000, 1.000000000000000000 ),
 .UNSPECIFIED. ) ;
#7901 = VERTEX_POINT ( 'NONE', #10209 ) ;
#7902 = DIRECTION ( 'NONE',  ( 0.000000000000000000, -1.000000000000000000, 0.000000000000000000 ) ) ;
#7903 = ADVANCED_FACE ( 'NONE', ( #4828 ), #7406, .F. ) ;
#7904 = AXIS2_PLACEMENT_3D ( 'NONE', #9561, #11142, #2277 ) ;
#7905 = PLANE ( 'NONE',  #10509 ) ;
#7906 = ORIENTED_EDGE ( 'NONE', *, *, #2995, .F. ) ;
#7907 = CARTESIAN_POINT ( 'NONE',  ( 0.03149606299212861366, 0.09842519685039370636, 0.4330708661417324024 ) ) ;
#7908 = CARTESIAN_POINT ( 'NONE',  ( -0.03149606299212598381, 0.09842519685039370636, 0.08464566929133858497 ) ) ;
#7909 = VECTOR ( 'NONE', #8189, 39.37007874015748143 ) ;
#7910 = AXIS2_PLACEMENT_3D ( 'NONE', #370, #8416, #1349 ) ;
#7911 = VERTEX_POINT ( 'NONE', #6533 ) ;
#7912 = ORIENTED_EDGE ( 'NONE', *, *, #5126, .T. ) ;
#7913 = EDGE_CURVE ( 'NONE', #4167, #8522, #11455, .T. ) ;
#7914 = VECTOR ( 'NONE', #3853, 39.37007874015748143 ) ;
#7915 = AXIS2_PLACEMENT_3D ( 'NONE', #3276, #1452, #6013 ) ;
#7916 = LINE ( 'NONE', #4408, #3090 ) ;
#7917 = DIRECTION ( 'NONE',  ( -1.000000000000000000, 0.000000000000000000, 0.000000000000000000 ) ) ;
#7918 = FACE_OUTER_BOUND ( 'NONE', #8296, .T. ) ;
#7919 = PLANE ( 'NONE',  #4312 ) ;
#7920 = EDGE_CURVE ( 'NONE', #7928, #10540, #303, .T. ) ;
#7921 = ORIENTED_EDGE ( 'NONE', *, *, #2855, .T. ) ;
#7922 = CARTESIAN_POINT ( 'NONE',  ( -0.04734251968503937202, 0.09153543307086615954, 0.2106299212598425064 ) ) ;
#7923 = CIRCLE ( 'NONE', #5678, 0.01377952755905510404 ) ;
#7924 = EDGE_LOOP ( 'NONE', ( #5567, #11348, #5468, #2246 ) ) ;
#7925 = AXIS2_PLACEMENT_3D ( 'NONE', #4632, #225, #7328 ) ;
#7926 = ORIENTED_EDGE ( 'NONE', *, *, #1609, .T. ) ;
#7927 = EDGE_CURVE ( 'NONE', #7735, #7520, #3850, .T. ) ;
#7928 = VERTEX_POINT ( 'NONE', #6654 ) ;
#7929 = LINE ( 'NONE', #11479, #2439 ) ;
#7930 = LINE ( 'NONE', #6180, #7327 ) ;
#7931 = CARTESIAN_POINT ( 'NONE',  ( 0.1082677165354330728, 0.03937007874015747977, 0.2263779527559055260 ) ) ;
#7932 = VECTOR ( 'NONE', #2079, 39.37007874015748143 ) ;
#7933 = LINE ( 'NONE', #1794, #489 ) ;
#7934 = CARTESIAN_POINT ( 'NONE',  ( -0.1297604954928716359, -0.08858267716535433989, 0.3308195098083314134 ) ) ;
#7935 = CARTESIAN_POINT ( 'NONE',  ( -0.03336159053083858489, 0.09067501654169290992, 0.02853154703893307290 ) ) ;
#7936 = DIRECTION ( 'NONE',  ( -0.5812381937191153369, 0.000000000000000000, -0.8137334712067214593 ) ) ;
#7937 = DIRECTION ( 'NONE',  ( 0.000000000000000000, -1.000000000000000000, 0.000000000000000000 ) ) ;
#7938 = ADVANCED_FACE ( 'NONE', ( #8403 ), #9273, .T. ) ;
#7939 = ORIENTED_EDGE ( 'NONE', *, *, #11333, .T. ) ;
#7940 = ORIENTED_EDGE ( 'NONE', *, *, #2965, .F. ) ;
#7941 = PLANE ( 'NONE',  #4284 ) ;
#7942 = LINE ( 'NONE', #11492, #9509 ) ;
#7943 = EDGE_CURVE ( 'NONE', #9037, #4391, #1223, .T. ) ;
#7944 = AXIS2_PLACEMENT_3D ( 'NONE', #4273, #831, #3513 ) ;
#7945 = EDGE_CURVE ( 'NONE', #4776, #7312, #8706, .T. ) ;
#7946 = ORIENTED_EDGE ( 'NONE', *, *, #5869, .F. ) ;
#7947 = CARTESIAN_POINT ( 'NONE',  ( -0.1238066421755511931, -0.08858267716535435377, 0.3129921259842520231 ) ) ;
#7948 = DIRECTION ( 'NONE',  ( 0.000000000000000000, 1.000000000000000000, 0.000000000000000000 ) ) ;
#7949 = LINE ( 'NONE', #11496, #9214 ) ;
#7950 = CYLINDRICAL_SURFACE ( 'NONE', #4722, 0.02559055118110237920 ) ;
#7951 = FACE_OUTER_BOUND ( 'NONE', #3585, .T. ) ;
#7952 = LINE ( 'NONE', #10575, #6445 ) ;
#7953 = FACE_OUTER_BOUND ( 'NONE', #2002, .T. ) ;
#7954 = EDGE_CURVE ( 'NONE', #7806, #1801, #2031, .T. ) ;
#7955 = EDGE_LOOP ( 'NONE', ( #9542, #9684, #11335, #4589, #1944, #4485 ) ) ;
#7956 = CARTESIAN_POINT ( 'NONE',  ( 0.1003937007874015630, 0.09842519685039370636, 0.03149606299212598381 ) ) ;
#7957 = VERTEX_POINT ( 'NONE', #4034 ) ;
#7958 = ORIENTED_EDGE ( 'NONE', *, *, #1053, .T. ) ;
#7959 = FACE_OUTER_BOUND ( 'NONE', #10369, .T. ) ;
#7960 = LINE ( 'NONE', #943, #6412 ) ;
#7961 = EDGE_LOOP ( 'NONE', ( #10528, #10614, #7946, #6888, #836, #2253, #1216, #8202 ) ) ;
#7962 = CARTESIAN_POINT ( 'NONE',  ( 0.1082677165354330728, -0.06889763779527559306, 0.4133858267716535861 ) ) ;
#7963 = DIRECTION ( 'NONE',  ( -0.8690368859938617518, -0.4947472999240031255, 0.000000000000000000 ) ) ;
#7964 = EDGE_CURVE ( 'NONE', #966, #3072, #10847, .T. ) ;
#7965 = EDGE_CURVE ( 'NONE', #7325, #10258, #106, .T. ) ;
#7966 = ORIENTED_EDGE ( 'NONE', *, *, #953, .T. ) ;
#7967 = ORIENTED_EDGE ( 'NONE', *, *, #2122, .F. ) ;
#7968 = AXIS2_PLACEMENT_3D ( 'NONE', #3909, #4833, #8407 ) ;
#7969 = CARTESIAN_POINT ( 'NONE',  ( -0.02559055118110237573, 0.03829830438601083964, 0.3830825375496511032 ) ) ;
#7970 = ORIENTED_EDGE ( 'NONE', *, *, #4522, .T. ) ;
#7971 = CARTESIAN_POINT ( 'NONE',  ( -0.03149606299212598381, 0.08464566929133858497, 0.07086614173228347746 ) ) ;
#7972 = LINE ( 'NONE', #214, #1304 ) ;
#7973 = PLANE ( 'NONE',  #4330 ) ;
#7974 = EDGE_CURVE ( 'NONE', #767, #5094, #4923, .T. ) ;
#7975 = FACE_OUTER_BOUND ( 'NONE', #2726, .T. ) ;
#7976 = ORIENTED_EDGE ( 'NONE', *, *, #8317, .F. ) ;
#7977 = CARTESIAN_POINT ( 'NONE',  ( 0.02641292165508213677, 0.09362924554597357174, 0.03799379292278106529 ) ) ;
#7978 = VERTEX_POINT ( 'NONE', #242 ) ;
#7979 = ORIENTED_EDGE ( 'NONE', *, *, #10877, .F. ) ;
#7980 = EDGE_LOOP ( 'NONE', ( #8574, #325, #8573, #9840 ) ) ;
#7981 = CARTESIAN_POINT ( 'NONE',  ( 0.1181102362204724532, -0.02362204724409448092, 0.08858267716535435377 ) ) ;
#7982 = CARTESIAN_POINT ( 'NONE',  ( 0.1406663324992913355, -0.08858267716536537273, 0.2164279190585826906 ) ) ;
#7983 = CARTESIAN_POINT ( 'NONE',  ( -0.09074803149606300301, 0.09153543307086615954, 0.2381889763779527491 ) ) ;
#7984 = CARTESIAN_POINT ( 'NONE',  ( 0.04024361476522682335, 0.09734030190256733051, 0.02952755943277496353 ) ) ;
#7985 = CARTESIAN_POINT ( 'NONE',  ( 0.000000000000000000, -0.1141732283464566844, 0.3346456692913385988 ) ) ;
#7986 = LINE ( 'NONE', #3608, #5171 ) ;
#7987 = EDGE_CURVE ( 'NONE', #2853, #10553, #6474, .T. ) ;
#7988 = DIRECTION ( 'NONE',  ( 0.000000000000000000, 0.000000000000000000, 1.000000000000000000 ) ) ;
#7989 = ORIENTED_EDGE ( 'NONE', *, *, #4030, .T. ) ;
#7990 = VERTEX_POINT ( 'NONE', #5588 ) ;
#7991 = FACE_OUTER_BOUND ( 'NONE', #10218, .T. ) ;
#7992 = VERTEX_POINT ( 'NONE', #9151 ) ;
#7993 = DIRECTION ( 'NONE',  ( 0.000000000000000000, 1.000000000000000000, 0.000000000000000000 ) ) ;
#7994 = EDGE_LOOP ( 'NONE', ( #5665, #2994, #10010, #6317, #2967, #10780, #6398, #2058 ) ) ;
#7995 = CARTESIAN_POINT ( 'NONE',  ( -0.05407077378513455712, 0.09842519685039369248, 0.3387225923315776988 ) ) ;
#7996 = DIRECTION ( 'NONE',  ( 0.000000000000000000, 0.000000000000000000, 1.000000000000000000 ) ) ;
#7997 = ADVANCED_FACE ( 'NONE', ( #1159 ), #1391, .F. ) ;
#7998 = CARTESIAN_POINT ( 'NONE',  ( 0.02559055118110236185, 0.03885669457602593940, 0.3918890650984728774 ) ) ;
#7999 = LINE ( 'NONE', #3565, #2317 ) ;
#8000 = LINE ( 'NONE', #9751, #2237 ) ;
#8001 = DIRECTION ( 'NONE',  ( -0.000000000000000000, -1.000000000000000000, -0.000000000000000000 ) ) ;
#8002 = EDGE_CURVE ( 'NONE', #7806, #2766, #6772, .T. ) ;
#8003 = CARTESIAN_POINT ( 'NONE',  ( 0.03126390031797349200, 0.08839753643235084835, 0.1589705009739674491 ) ) ;
#8004 = ORIENTED_EDGE ( 'NONE', *, *, #9671, .F. ) ;
#8005 = VECTOR ( 'NONE', #1059, 39.37007874015748143 ) ;
#8006 = ORIENTED_EDGE ( 'NONE', *, *, #7025, .F. ) ;
#8007 = CARTESIAN_POINT ( 'NONE',  ( 0.1313389175166435885, -0.08858267716535435377, 0.07575904091894301862 ) ) ;
#8008 = CARTESIAN_POINT ( 'NONE',  ( 0.1078210773329134065, -0.05905511811023623353, 0.1653543307086614567 ) ) ;
#8009 = EDGE_CURVE ( 'NONE', #5616, #2118, #6244, .T. ) ;
#8010 = ORIENTED_EDGE ( 'NONE', *, *, #2631, .F. ) ;
#8011 = AXIS2_PLACEMENT_3D ( 'NONE', #3823, #7384, #10937 ) ;
#8012 = VECTOR ( 'NONE', #6358, 39.37007874015748143 ) ;
#8013 = FACE_OUTER_BOUND ( 'NONE', #2433, .T. ) ;
#8014 = DIRECTION ( 'NONE',  ( 0.000000000000000000, 0.000000000000000000, 1.000000000000000000 ) ) ;
#8015 = ORIENTED_EDGE ( 'NONE', *, *, #1112, .F. ) ;
#8016 = ORIENTED_EDGE ( 'NONE', *, *, #3332, .T. ) ;
#8017 = AXIS2_PLACEMENT_3D ( 'NONE', #7125, #5319, #3514 ) ;
#8018 = CARTESIAN_POINT ( 'NONE',  ( 0.000000000000000000, 0.08464566929133858497, 0.1122047244094488277 ) ) ;
#8019 = VECTOR ( 'NONE', #8924, 39.37007874015748143 ) ;
#8020 = CARTESIAN_POINT ( 'NONE',  ( -0.1417322834645669549, -0.01968503937007873988, 0.3188976377952755792 ) ) ;
#8021 = ADVANCED_FACE ( 'NONE', ( #10441 ), #7815, .T. ) ;
#8022 = EDGE_CURVE ( 'NONE', #11137, #4352, #9393, .T. ) ;
#8023 = ORIENTED_EDGE ( 'NONE', *, *, #2681, .F. ) ;
#8024 = DIRECTION ( 'NONE',  ( 0.000000000000000000, -0.8354329035163753359, 0.5495924523883115587 ) ) ;
#8025 = CARTESIAN_POINT ( 'NONE',  ( 0.03050125951131553437, 0.08670145462893937005, 0.03384961476790412926 ) ) ;
#8026 = CARTESIAN_POINT ( 'NONE',  ( -0.04002498246184103131, 0.09806352227811786226, 0.02952755905511811330 ) ) ;
#8027 = VECTOR ( 'NONE', #10736, 39.37007874015748143 ) ;
#8028 = VECTOR ( 'NONE', #11355, 39.37007874015748143 ) ;
#8029 = CARTESIAN_POINT ( 'NONE',  ( -0.1313389175166435885, -0.09842519685039370636, 0.07575904091894301862 ) ) ;
#8030 = VERTEX_POINT ( 'NONE', #1570 ) ;
#8031 = CARTESIAN_POINT ( 'NONE',  ( 0.1131889763779527630, -0.02362204724409448786, 0.1968503937007874127 ) ) ;
#8032 = EDGE_LOOP ( 'NONE', ( #3128, #1542, #3525, #11364 ) ) ;
#8033 = VERTEX_POINT ( 'NONE', #2453 ) ;
#8034 = VECTOR ( 'NONE', #6517, 39.37007874015748143 ) ;
#8035 = DIRECTION ( 'NONE',  ( 0.000000000000000000, 0.000000000000000000, -1.000000000000000000 ) ) ;
#8036 = EDGE_CURVE ( 'NONE', #4468, #4778, #1397, .T. ) ;
#8037 = CARTESIAN_POINT ( 'NONE',  ( -0.1082677165354330728, 0.000000000000000000, 0.1791338582677165503 ) ) ;
#8038 = FACE_OUTER_BOUND ( 'NONE', #8557, .T. ) ;
#8039 = CARTESIAN_POINT ( 'NONE',  ( 0.06338582677165355284, 0.09153543307086615954, 0.08464566929133858497 ) ) ;
#8040 = DIRECTION ( 'NONE',  ( 0.000000000000000000, -1.000000000000000000, 0.000000000000000000 ) ) ;
#8041 = DIRECTION ( 'NONE',  ( 0.000000000000000000, 0.000000000000000000, 1.000000000000000000 ) ) ;
#8042 = CARTESIAN_POINT ( 'NONE',  ( 0.1287401574803139770, -0.09842519685039370636, 0.3327234666099933014 ) ) ;
#8043 = DIRECTION ( 'NONE',  ( 0.000000000000000000, 0.000000000000000000, -1.000000000000000000 ) ) ;
#8044 = VECTOR ( 'NONE', #1493, 39.37007874015748143 ) ;
#8045 = VERTEX_POINT ( 'NONE', #8698 ) ;
#8046 = ORIENTED_EDGE ( 'NONE', *, *, #11160, .T. ) ;
#8047 = ORIENTED_EDGE ( 'NONE', *, *, #2020, .F. ) ;
#8048 = DIRECTION ( 'NONE',  ( 0.000000000000000000, 6.195440985631453345E-16, 1.000000000000000000 ) ) ;
#8049 = ORIENTED_EDGE ( 'NONE', *, *, #10353, .F. ) ;
#8050 = DIRECTION ( 'NONE',  ( 0.000000000000000000, 0.000000000000000000, -1.000000000000000000 ) ) ;
#8051 = ADVANCED_FACE ( 'NONE', ( #3387 ), #10331, .T. ) ;
#8052 = VECTOR ( 'NONE', #2518, 39.37007874015748143 ) ;
#8053 = CYLINDRICAL_SURFACE ( 'NONE', #10154, 0.01574803149606296415 ) ;
#8054 = FACE_OUTER_BOUND ( 'NONE', #7639, .T. ) ;
#8055 = FACE_BOUND ( 'NONE', #2969, .T. ) ;
#8056 = CARTESIAN_POINT ( 'NONE',  ( 0.1313389175165936562, -0.09842519685039370636, 0.3297527701047232584 ) ) ;
#8057 = CARTESIAN_POINT ( 'NONE',  ( 0.1370649114109842581, -0.09350393700787401619, 0.07962882031755905143 ) ) ;
#8058 = DIRECTION ( 'NONE',  ( 1.000000000000000000, 0.000000000000000000, 0.000000000000000000 ) ) ;
#8059 = CARTESIAN_POINT ( 'NONE',  ( -0.05539187368666328298, 0.09887458335515747487, 0.3413493071083416042 ) ) ;
#8060 = EDGE_LOOP ( 'NONE', ( #9715, #9388, #10139, #4644 ) ) ;
#8061 = AXIS2_PLACEMENT_3D ( 'NONE', #9985, #2927, #10039 ) ;
#8062 = EDGE_CURVE ( 'NONE', #4822, #8413, #9955, .T. ) ;
#8063 = ORIENTED_EDGE ( 'NONE', *, *, #3253, .F. ) ;
#8064 = ORIENTED_EDGE ( 'NONE', *, *, #4883, .F. ) ;
#8065 = CARTESIAN_POINT ( 'NONE',  ( -0.003149606299212598815, -0.08858267716535435377, -9.021654814275592282E-15 ) ) ;
#8066 = ADVANCED_FACE ( 'NONE', ( #10387 ), #593, .F. ) ;
#8067 = CARTESIAN_POINT ( 'NONE',  ( 0.03149606299212598381, 0.08464566929133858497, 0.07086614173228347746 ) ) ;
#8068 = ORIENTED_EDGE ( 'NONE', *, *, #8442, .F. ) ;
#8069 = AXIS2_PLACEMENT_3D ( 'NONE', #6473, #6417, #9150 ) ;
#8070 = CARTESIAN_POINT ( 'NONE',  ( 0.000000000000000000, -0.09842519685039370636, 0.4330708661417322913 ) ) ;
#8071 = DIRECTION ( 'NONE',  ( 0.000000000000000000, -1.000000000000000000, 0.000000000000000000 ) ) ;
#8072 = CARTESIAN_POINT ( 'NONE',  ( 0.1346456692913385877, -0.09842519685039370636, 0.07086614173228347746 ) ) ;
#8073 = EDGE_CURVE ( 'NONE', #10008, #6415, #4257, .T. ) ;
#8074 = EDGE_LOOP ( 'NONE', ( #10795, #5804, #530, #5579, #6384, #3596 ) ) ;
#8075 = VECTOR ( 'NONE', #3062, 39.37007874015748143 ) ;
#8076 = VERTEX_POINT ( 'NONE', #707 ) ;
#8077 = DIRECTION ( 'NONE',  ( 0.000000000000000000, 0.000000000000000000, -1.000000000000000000 ) ) ;
#8078 = EDGE_CURVE ( 'NONE', #3072, #7172, #6879, .T. ) ;
#8079 = ORIENTED_EDGE ( 'NONE', *, *, #6164, .F. ) ;
#8080 = CARTESIAN_POINT ( 'NONE',  ( -1.325897125061111362E-18, -0.1141732283464567121, 0.09842519685039370636 ) ) ;
#8081 = CONICAL_SURFACE ( 'NONE', #644, 0.07086614172568425629, 0.6947382761967031417 ) ;
#8082 = CARTESIAN_POINT ( 'NONE',  ( 0.1370065453521260024, -0.09159608583385828173, 0.2164505166730708585 ) ) ;
#8083 = VECTOR ( 'NONE', #3519, 39.37007874015748143 ) ;
#8084 = CARTESIAN_POINT ( 'NONE',  ( -0.04024363234510665299, 0.09734024217479503305, 0.02952755913125195211 ) ) ;
#8085 = CARTESIAN_POINT ( 'NONE',  ( 0.1181102362204724532, -0.06692913385826770867, 0.09055118110236221041 ) ) ;
#8086 = EDGE_CURVE ( 'NONE', #5335, #4110, #9621, .T. ) ;
#8087 = ORIENTED_EDGE ( 'NONE', *, *, #6505, .F. ) ;
#8088 = LINE ( 'NONE', #9950, #11350 ) ;
#8089 = EDGE_CURVE ( 'NONE', #1776, #11377, #2879, .T. ) ;
#8090 = ORIENTED_EDGE ( 'NONE', *, *, #1888, .T. ) ;
#8091 = ORIENTED_EDGE ( 'NONE', *, *, #5705, .F. ) ;
#8092 = VECTOR ( 'NONE', #10042, 39.37007874015748143 ) ;
#8093 = VERTEX_POINT ( 'NONE', #11143 ) ;
#8094 = AXIS2_PLACEMENT_3D ( 'NONE', #4434, #7230, #10782 ) ;
#8095 = CARTESIAN_POINT ( 'NONE',  ( 0.09074803149606300301, 0.09153543307086615954, 0.1122047244094488277 ) ) ;
#8096 = CARTESIAN_POINT ( 'NONE',  ( 0.1082677165354330728, 0.000000000000000000, 0.08661417322834646937 ) ) ;
#8097 = LINE ( 'NONE', #8039, #5474 ) ;
#8098 = LINE ( 'NONE', #5573, #9867 ) ;
#8099 = PLANE ( 'NONE',  #5047 ) ;
#8100 = CARTESIAN_POINT ( 'NONE',  ( 4.310096162416391336E-44, -0.09842519685039370636, 0.3129921259842520231 ) ) ;
#8101 = AXIS2_PLACEMENT_3D ( 'NONE', #10458, #4386, #6029 ) ;
#8102 = PLANE ( 'NONE',  #8434 ) ;
#8103 = VECTOR ( 'NONE', #4296, 39.37007874015748143 ) ;
#8104 = ORIENTED_EDGE ( 'NONE', *, *, #5705, .T. ) ;
#8105 = EDGE_CURVE ( 'NONE', #10162, #3076, #5782, .T. ) ;
#8106 = EDGE_CURVE ( 'NONE', #615, #797, #3157, .T. ) ;
#8107 = ORIENTED_EDGE ( 'NONE', *, *, #6349, .T. ) ;
#8108 = ORIENTED_EDGE ( 'NONE', *, *, #6443, .T. ) ;
#8109 = ORIENTED_EDGE ( 'NONE', *, *, #3595, .T. ) ;
#8110 = CARTESIAN_POINT ( 'NONE',  ( -0.04132303292603151795, 0.09842519685039370636, 0.3326771653543307283 ) ) ;
#8111 = VECTOR ( 'NONE', #6014, 39.37007874015748143 ) ;
#8112 = TOROIDAL_SURFACE ( 'NONE', #3819, 0.01377952755905506935, 0.007874015748031525444 ) ;
#8113 = CARTESIAN_POINT ( 'NONE',  ( 0.1422251440815051615, -0.08813714464149606520, 0.3468957707500653354 ) ) ;
#8114 = DIRECTION ( 'NONE',  ( 0.000000000000000000, 0.000000000000000000, -1.000000000000000000 ) ) ;
#8115 = CARTESIAN_POINT ( 'NONE',  ( 0.07293825113964567952, 0.09350393700787401619, 0.1240157480314960647 ) ) ;
#8116 = CARTESIAN_POINT ( 'NONE',  ( 0.02559055117058004272, 0.08887361798203420593, 0.04527559031906885217 ) ) ;
#8117 = DIRECTION ( 'NONE',  ( 0.3363363969981561508, 0.000000000000000000, 0.9417419115948373332 ) ) ;
#8118 = DIRECTION ( 'NONE',  ( -1.000000000000000000, 0.000000000000000000, 0.000000000000000000 ) ) ;
#8119 = CARTESIAN_POINT ( 'NONE',  ( 0.02559055118110238614, 0.08450227421800166061, 0.1695447779529477006 ) ) ;
#8120 = ORIENTED_EDGE ( 'NONE', *, *, #6732, .F. ) ;
#8121 = ADVANCED_FACE ( 'NONE', ( #2339 ), #9508, .T. ) ;
#8122 = AXIS2_PLACEMENT_3D ( 'NONE', #7182, #1863, #4601 ) ;
#8123 = ORIENTED_EDGE ( 'NONE', *, *, #3544, .T. ) ;
#8124 = ORIENTED_EDGE ( 'NONE', *, *, #6419, .F. ) ;
#8125 = CARTESIAN_POINT ( 'NONE',  ( 0.1393455678156643729, -0.09842519685039370636, 0.3129921259842520231 ) ) ;
#8126 = CARTESIAN_POINT ( 'NONE',  ( -0.1131889763779527630, -0.02362204724409448092, 0.2145669291338582751 ) ) ;
#8127 = ORIENTED_EDGE ( 'NONE', *, *, #2612, .T. ) ;
#8128 = CARTESIAN_POINT ( 'NONE',  ( -0.04132303369204724103, 0.08858267716535435377, 0.3326771653543307283 ) ) ;
#8129 = LINE ( 'NONE', #1878, #3536 ) ;
#8130 = DIRECTION ( 'NONE',  ( 0.000000000000000000, -1.000000000000000000, 0.000000000000000000 ) ) ;
#8131 = EDGE_CURVE ( 'NONE', #698, #4868, #5295, .T. ) ;
#8132 = ORIENTED_EDGE ( 'NONE', *, *, #10202, .T. ) ;
#8133 = ORIENTED_EDGE ( 'NONE', *, *, #2948, .T. ) ;
#8134 = CARTESIAN_POINT ( 'NONE',  ( 0.000000000000000000, 0.09842519685039370636, 0.003937007874015747977 ) ) ;
#8135 = ORIENTED_EDGE ( 'NONE', *, *, #10126, .F. ) ;
#8136 = CARTESIAN_POINT ( 'NONE',  ( 0.09020818297157325028, -0.03937007874015747977, 0.4133858267716535861 ) ) ;
#8137 = EDGE_CURVE ( 'NONE', #6278, #659, #4114, .T. ) ;
#8138 = DIRECTION ( 'NONE',  ( 0.000000000000000000, 0.000000000000000000, 1.000000000000000000 ) ) ;
#8139 = CARTESIAN_POINT ( 'NONE',  ( -0.02867521732632552500, 0.1138435080822698120, 0.03004827102285453216 ) ) ;
#8140 = DIRECTION ( 'NONE',  ( 0.000000000000000000, 1.000000000000000000, 0.000000000000000000 ) ) ;
#8141 = ORIENTED_EDGE ( 'NONE', *, *, #4236, .F. ) ;
#8142 = CARTESIAN_POINT ( 'NONE',  ( -0.1082677165354331006, -0.09842519685039370636, 0.02952755905511811677 ) ) ;
#8143 = ORIENTED_EDGE ( 'NONE', *, *, #7527, .F. ) ;
#8144 = ORIENTED_EDGE ( 'NONE', *, *, #452, .T. ) ;
#8145 = DIRECTION ( 'NONE',  ( 0.000000000000000000, -1.000000000000000000, 0.000000000000000000 ) ) ;
#8146 = EDGE_CURVE ( 'NONE', #4761, #4971, #6994, .T. ) ;
#8147 = AXIS2_PLACEMENT_3D ( 'NONE', #7452, #11014, #3143 ) ;
#8148 = DIRECTION ( 'NONE',  ( 0.000000000000000000, 0.000000000000000000, -1.000000000000000000 ) ) ;
#8149 = CARTESIAN_POINT ( 'NONE',  ( -0.07342519685039371191, 0.08464566929133858497, 0.3858267716535433989 ) ) ;
#8150 = CARTESIAN_POINT ( 'NONE',  ( -0.1181102362204724532, -0.08070866141732283006, 0.09055118110236221041 ) ) ;
#8151 = DIRECTION ( 'NONE',  ( -0.000000000000000000, -0.000000000000000000, -1.000000000000000000 ) ) ;
#8152 = LINE ( 'NONE', #3552, #8340 ) ;
#8153 = CARTESIAN_POINT ( 'NONE',  ( -0.06545275590551181966, 0.09153543307086615954, 0.3700787401574803237 ) ) ;
#8154 = ORIENTED_EDGE ( 'NONE', *, *, #7276, .T. ) ;
#8155 = LINE ( 'NONE', #2964, #742 ) ;
#8156 = ORIENTED_EDGE ( 'NONE', *, *, #8269, .T. ) ;
#8157 = ORIENTED_EDGE ( 'NONE', *, *, #5552, .T. ) ;
#8158 = DIRECTION ( 'NONE',  ( 1.000000000000000000, 0.000000000000000000, 0.000000000000000000 ) ) ;
#8159 = ORIENTED_EDGE ( 'NONE', *, *, #461, .T. ) ;
#8160 = CARTESIAN_POINT ( 'NONE',  ( 0.1166296263177929726, 0.08944470151301987804, 0.3838582677165356394 ) ) ;
#8161 = PLANE ( 'NONE',  #11053 ) ;
#8162 = CARTESIAN_POINT ( 'NONE',  ( -0.1181102362204724532, -0.007935293059346457817, 0.2164279190586220203 ) ) ;
#8163 = EDGE_CURVE ( 'NONE', #10065, #686, #8848, .T. ) ;
#8164 = EDGE_CURVE ( 'NONE', #1024, #7459, #2700, .T. ) ;
#8165 = CARTESIAN_POINT ( 'NONE',  ( 0.1181102362204724532, -0.06692913385826770867, 0.04330708661417323468 ) ) ;
#8166 = CARTESIAN_POINT ( 'NONE',  ( -0.04148596327578740056, 0.09842519685039370636, 0.1712598425196850405 ) ) ;
#8167 = CARTESIAN_POINT ( 'NONE',  ( 0.04141199542559055591, 0.09350393700787401619, 0.1555118110236220763 ) ) ;
#8168 = DIRECTION ( 'NONE',  ( 0.000000000000000000, 0.000000000000000000, -1.000000000000000000 ) ) ;
#8169 = CARTESIAN_POINT ( 'NONE',  ( 0.1417322834645669549, -0.01968503937007873988, 0.3503937007874015630 ) ) ;
#8170 = DIRECTION ( 'NONE',  ( 0.000000000000000000, 1.000000000000000000, 0.000000000000000000 ) ) ;
#8171 = VERTEX_POINT ( 'NONE', #7876 ) ;
#8172 = EDGE_LOOP ( 'NONE', ( #2183, #5410, #5751, #6323 ) ) ;
#8173 = ORIENTED_EDGE ( 'NONE', *, *, #8292, .T. ) ;
#8174 = CARTESIAN_POINT ( 'NONE',  ( -0.03149606299212598381, 0.07406400688303149682, 0.03149606299212598381 ) ) ;
#8175 = CARTESIAN_POINT ( 'NONE',  ( -0.1417322834645669549, 0.009842519685039369942, 0.05511811023622047168 ) ) ;
#8176 = ADVANCED_FACE ( 'NONE', ( #863 ), #812, .T. ) ;
#8177 = VERTEX_POINT ( 'NONE', #8912 ) ;
#8178 = DIRECTION ( 'NONE',  ( 0.000000000000000000, 0.000000000000000000, -1.000000000000000000 ) ) ;
#8179 = FACE_OUTER_BOUND ( 'NONE', #7277, .T. ) ;
#8180 = LINE ( 'NONE', #10747, #566 ) ;
#8181 = CARTESIAN_POINT ( 'NONE',  ( 0.02776932887489370200, 0.09740752022444880420, 0.03195385172554724568 ) ) ;
#8182 = VECTOR ( 'NONE', #11503, 39.37007874015748143 ) ;
#8183 = ORIENTED_EDGE ( 'NONE', *, *, #9020, .T. ) ;
#8184 = DIRECTION ( 'NONE',  ( 1.000000000000000000, 0.000000000000000000, 0.000000000000000000 ) ) ;
#8185 = VECTOR ( 'NONE', #7801, 39.37007874015748854 ) ;
#8186 = AXIS2_PLACEMENT_3D ( 'NONE', #1990, #6436, #8358 ) ;
#8187 = EDGE_CURVE ( 'NONE', #10383, #3964, #9730, .T. ) ;
#8188 = ORIENTED_EDGE ( 'NONE', *, *, #11272, .F. ) ;
#8189 = DIRECTION ( 'NONE',  ( -1.000000000000000000, 0.000000000000000000, 0.000000000000000000 ) ) ;
#8190 = CARTESIAN_POINT ( 'NONE',  ( 0.09586614173228347191, 0.08858267716535435377, 0.3838582677165355284 ) ) ;
#8191 = CARTESIAN_POINT ( 'NONE',  ( -0.04034659152523041581, 0.09728395527932202913, 0.02952779366489042059 ) ) ;
#8192 = LINE ( 'NONE', #7321, #6738 ) ;
#8193 = AXIS2_PLACEMENT_3D ( 'NONE', #10803, #9934, #2708 ) ;
#8194 = VECTOR ( 'NONE', #3797, 39.37007874015748143 ) ;
#8195 = CARTESIAN_POINT ( 'NONE',  ( -0.1131889763779527630, -0.02362204724409448092, 0.05314960629921260116 ) ) ;
#8196 = LINE ( 'NONE', #7264, #778 ) ;
#8197 = VERTEX_POINT ( 'NONE', #7982 ) ;
#8198 = EDGE_CURVE ( 'NONE', #8955, #7185, #1793, .T. ) ;
#8199 = ORIENTED_EDGE ( 'NONE', *, *, #6682, .T. ) ;
#8200 = EDGE_LOOP ( 'NONE', ( #5469, #4737, #8846, #2313 ) ) ;
#8201 = EDGE_CURVE ( 'NONE', #1765, #2629, #911, .T. ) ;
#8202 = ORIENTED_EDGE ( 'NONE', *, *, #6078, .T. ) ;
#8203 = VECTOR ( 'NONE', #11219, 39.37007874015748143 ) ;
#8204 = DIRECTION ( 'NONE',  ( 0.5807246816278148760, 0.000000000000000000, -0.8141000209730208104 ) ) ;
#8205 = AXIS2_PLACEMENT_3D ( 'NONE', #4484, #179, #8158 ) ;
#8206 = CARTESIAN_POINT ( 'NONE',  ( 0.07086614173228331093, 0.09842519685039370636, 0.003937007874015867673 ) ) ;
#8207 = CYLINDRICAL_SURFACE ( 'NONE', #5667, 0.007874015748031499423 ) ;
#8208 = FACE_OUTER_BOUND ( 'NONE', #7961, .T. ) ;
#8209 = DIRECTION ( 'NONE',  ( 1.000000000000000000, -8.857233590795463575E-16, 0.000000000000000000 ) ) ;
#8210 = CARTESIAN_POINT ( 'NONE',  ( 0.03149606299212687199, 0.06348234447479129960, 0.1574803149606299191 ) ) ;
#8211 = DIRECTION ( 'NONE',  ( 1.000000000000000000, 0.000000000000000000, 0.000000000000000000 ) ) ;
#8212 = ORIENTED_EDGE ( 'NONE', *, *, #4977, .T. ) ;
#8213 = DIRECTION ( 'NONE',  ( 0.2275011753997955577, 0.000000000000000000, 0.9737778058631811895 ) ) ;
#8214 = ADVANCED_FACE ( 'NONE', ( #10663 ), #968, .F. ) ;
#8215 = ORIENTED_EDGE ( 'NONE', *, *, #5192, .F. ) ;
#8216 = ORIENTED_EDGE ( 'NONE', *, *, #4883, .T. ) ;
#8217 = CARTESIAN_POINT ( 'NONE',  ( 0.04133858267716536417, 0.08858267716535435377, 0.3326771653543307283 ) ) ;
#8218 = LINE ( 'NONE', #7404, #5086 ) ;
#8219 = EDGE_CURVE ( 'NONE', #3725, #11083, #4526, .T. ) ;
#8220 = DIRECTION ( 'NONE',  ( 0.000000000000000000, 0.000000000000000000, 1.000000000000000000 ) ) ;
#8221 = DIRECTION ( 'NONE',  ( 1.000000000000000000, 0.000000000000000000, 0.000000000000000000 ) ) ;
#8222 = CARTESIAN_POINT ( 'NONE',  ( 0.03149606299212598381, 0.08095377066255905751, 0.1574803149606299191 ) ) ;
#8223 = VECTOR ( 'NONE', #4814, 39.37007874015748143 ) ;
#8224 = DIRECTION ( 'NONE',  ( 1.000000000000000000, 0.000000000000000000, 0.000000000000000000 ) ) ;
#8225 = CARTESIAN_POINT ( 'NONE',  ( -0.1417322834645669549, -0.01968503937007873988, 0.05511811023622047168 ) ) ;
#8226 = CARTESIAN_POINT ( 'NONE',  ( 0.1313389175166264633, -0.08858267716535435377, 0.3395385684779739788 ) ) ;
#8227 = LINE ( 'NONE', #579, #6355 ) ;
#8228 = ORIENTED_EDGE ( 'NONE', *, *, #7954, .T. ) ;
#8229 = EDGE_CURVE ( 'NONE', #5451, #10354, #5, .T. ) ;
#8230 = EDGE_CURVE ( 'NONE', #8842, #3238, #119, .T. ) ;
#8231 = CYLINDRICAL_SURFACE ( 'NONE', #6520, 0.005905511811023620231 ) ;
#8232 = ORIENTED_EDGE ( 'NONE', *, *, #320, .T. ) ;
#8233 = ORIENTED_EDGE ( 'NONE', *, *, #9652, .T. ) ;
#8234 = VECTOR ( 'NONE', #11293, 39.37007874015748143 ) ;
#8235 = DIRECTION ( 'NONE',  ( 0.000000000000000000, 0.000000000000000000, -1.000000000000000000 ) ) ;
#8236 = DIRECTION ( 'NONE',  ( 0.000000000000000000, 0.000000000000000000, -1.000000000000000000 ) ) ;
#8237 = ORIENTED_EDGE ( 'NONE', *, *, #3334, .F. ) ;
#8238 = LINE ( 'NONE', #1176, #1116 ) ;
#8239 = CARTESIAN_POINT ( 'NONE',  ( 0.1131889763779527630, 0.05905511811023622659, 0.07086614173228347746 ) ) ;
#8240 = CC_DESIGN_APPROVAL ( #9482, ( #1718 ) ) ;
#8241 = CARTESIAN_POINT ( 'NONE',  ( 0.04070074830007874150, 0.08858267731818897373, 0.02952755905511811330 ) ) ;
#8242 = CARTESIAN_POINT ( 'NONE',  ( 0.02740408724599605397, 0.09859590718125986475, 0.03143240775241732538 ) ) ;
#8243 = AXIS2_PLACEMENT_3D ( 'NONE', #3841, #2786, #9141 ) ;
#8244 = LINE ( 'NONE', #6096, #2768 ) ;
#8245 = ADVANCED_FACE ( 'NONE', ( #6236 ), #3658, .F. ) ;
#8246 = EDGE_LOOP ( 'NONE', ( #10825, #8634, #8159, #9803 ) ) ;
#8247 = VERTEX_POINT ( 'NONE', #11481 ) ;
#8248 = B_SPLINE_CURVE_WITH_KNOTS ( 'NONE', 3,
 ( #307, #4599, #986, #4492, #2694, #1977 ),
 .UNSPECIFIED., .F., .F.,
 ( 4, 2, 4 ),
 ( 0.000000000000000000, 0.5000000000000000000, 1.000000000000000000 ),
 .UNSPECIFIED. ) ;
#8249 = CARTESIAN_POINT ( 'NONE',  ( -0.1131889763779527630, -0.05905511811023622659, 0.2992125984251968740 ) ) ;
#8250 = VECTOR ( 'NONE', #5979, 39.37007874015748143 ) ;
#8251 = LINE ( 'NONE', #1624, #4179 ) ;
#8252 = ORIENTED_EDGE ( 'NONE', *, *, #1898, .T. ) ;
#8253 = FACE_OUTER_BOUND ( 'NONE', #3560, .T. ) ;
#8254 = CARTESIAN_POINT ( 'NONE',  ( -0.1082677165354330728, -0.01771653543307087283, 0.3169291338582677642 ) ) ;
#8255 = CARTESIAN_POINT ( 'NONE',  ( -0.02554603836048599183, 0.09599206765586924817, 0.03798161075653269658 ) ) ;
#8256 = DIRECTION ( 'NONE',  ( 0.000000000000000000, 0.000000000000000000, 1.000000000000000000 ) ) ;
#8257 = VECTOR ( 'NONE', #543, 39.37007874015748143 ) ;
#8258 = ORIENTED_EDGE ( 'NONE', *, *, #2462, .F. ) ;
#8259 = LINE ( 'NONE', #10714, #6502 ) ;
#8260 = EDGE_CURVE ( 'NONE', #5506, #5394, #6123, .T. ) ;
#8261 = ORIENTED_EDGE ( 'NONE', *, *, #7343, .F. ) ;
#8262 = ORIENTED_EDGE ( 'NONE', *, *, #8427, .T. ) ;
#8263 = AXIS2_PLACEMENT_3D ( 'NONE', #2942, #10934, #6561 ) ;
#8264 = DIRECTION ( 'NONE',  ( 0.000000000000000000, 0.000000000000000000, -1.000000000000000000 ) ) ;
#8265 = LINE ( 'NONE', #1082, #7558 ) ;
#8266 = CARTESIAN_POINT ( 'NONE',  ( -0.1082677165354331006, -0.09842519685039370636, 0.000000000000000000 ) ) ;
#8267 = CARTESIAN_POINT ( 'NONE',  ( 0.08174471612098425932, 0.09350393700787401619, 0.1407480314960629919 ) ) ;
#8268 = CARTESIAN_POINT ( 'NONE',  ( 0.04133848442894893366, 0.08887361748325463273, 0.02952771768361272392 ) ) ;
#8269 = EDGE_CURVE ( 'NONE', #8177, #4415, #9676, .T. ) ;
#8270 = LINE ( 'NONE', #2083, #8533 ) ;
#8271 = CARTESIAN_POINT ( 'NONE',  ( 0.1082677165354330728, -0.08070866141732283006, 0.1968503937007874127 ) ) ;
#8272 = ORIENTED_EDGE ( 'NONE', *, *, #9314, .F. ) ;
#8273 = LINE ( 'NONE', #7399, #8182 ) ;
#8274 = EDGE_CURVE ( 'NONE', #1925, #1458, #3495, .T. ) ;
#8275 = AXIS2_PLACEMENT_3D ( 'NONE', #9886, #7434, #6565 ) ;
#8276 = ORIENTED_EDGE ( 'NONE', *, *, #4486, .F. ) ;
#8277 = VECTOR ( 'NONE', #1172, 39.37007874015748143 ) ;
#8278 = ORIENTED_EDGE ( 'NONE', *, *, #701, .F. ) ;
#8279 = CARTESIAN_POINT ( 'NONE',  ( -0.06608176361500001095, 0.09350393700787401619, 0.3626037874124803384 ) ) ;
#8280 = ORIENTED_EDGE ( 'NONE', *, *, #6100, .T. ) ;
#8281 = LINE ( 'NONE', #11023, #4846 ) ;
#8282 = DIRECTION ( 'NONE',  ( 0.5599433005142223641, 0.000000000000000000, 0.8285309289394328092 ) ) ;
#8283 = CARTESIAN_POINT ( 'NONE',  ( 0.1082677165354330728, 0.08070866141732283006, 0.1574803149606299191 ) ) ;
#8284 = VECTOR ( 'NONE', #8469, 39.37007874015748143 ) ;
#8285 = CARTESIAN_POINT ( 'NONE',  ( -1.255353444878740117E-06, 5.191318927629922633E-06, -0.09842519685039370636 ) ) ;
#8286 = DIRECTION ( 'NONE',  ( 0.000000000000000000, 0.000000000000000000, 1.000000000000000000 ) ) ;
#8287 = VECTOR ( 'NONE', #10620, 39.37007874015748143 ) ;
#8288 = FACE_OUTER_BOUND ( 'NONE', #10823, .T. ) ;
#8289 = EDGE_CURVE ( 'NONE', #7141, #10203, #8383, .T. ) ;
#8290 = CARTESIAN_POINT ( 'NONE',  ( -0.02559055020271550074, 0.09340860032568479299, 0.04105304352057905642 ) ) ;
#8291 = ORIENTED_EDGE ( 'NONE', *, *, #1463, .F. ) ;
#8292 = EDGE_CURVE ( 'NONE', #4213, #4987, #6636, .T. ) ;
#8293 = ORIENTED_EDGE ( 'NONE', *, *, #5936, .F. ) ;
#8294 = DIRECTION ( 'NONE',  ( -1.000000000000000000, 0.000000000000000000, 0.000000000000000000 ) ) ;
#8295 = VECTOR ( 'NONE', #4693, 39.37007874015748143 ) ;
#8296 = EDGE_LOOP ( 'NONE', ( #4702, #8311, #9880, #10009 ) ) ;
#8297 = DIRECTION ( 'NONE',  ( 1.000000000000000000, 0.000000000000000000, 0.000000000000000000 ) ) ;
#8298 = CARTESIAN_POINT ( 'NONE',  ( 0.01933692075632048937, -0.09659266640870756149, 0.3233641333731298029 ) ) ;
#8299 = VERTEX_POINT ( 'NONE', #10946 ) ;
#8300 = LINE ( 'NONE', #8540, #8092 ) ;
#8301 = CARTESIAN_POINT ( 'NONE',  ( -0.1181102362204724532, 0.0009842519685039369942, 0.3523622047244094890 ) ) ;
#8302 = EDGE_CURVE ( 'NONE', #6377, #8395, #9194, .T. ) ;
#8303 = FACE_OUTER_BOUND ( 'NONE', #4310, .T. ) ;
#8304 = AXIS2_PLACEMENT_3D ( 'NONE', #1339, #8221, #10964 ) ;
#8305 = CARTESIAN_POINT ( 'NONE',  ( 0.03149606299212598381, 0.08464566929133858497, 0.1574803149606299191 ) ) ;
#8306 = CARTESIAN_POINT ( 'NONE',  ( 0.02773106727292126358, 0.09581058004507873871, 0.03279597162989763420 ) ) ;
#8307 = VERTEX_POINT ( 'NONE', #4810 ) ;
#8308 = B_SPLINE_CURVE_WITH_KNOTS ( 'NONE', 3,
 ( #839, #2757, #1057, #8996 ),
 .UNSPECIFIED., .F., .F.,
 ( 4, 4 ),
 ( 0.000000000000000000, 1.000000000000000000 ),
 .UNSPECIFIED. ) ;
#8309 = CARTESIAN_POINT ( 'NONE',  ( 0.1185651836366535539, -0.06692913385826770867, 0.09842519685039370636 ) ) ;
#8310 = ORIENTED_EDGE ( 'NONE', *, *, #2765, .F. ) ;
#8311 = ORIENTED_EDGE ( 'NONE', *, *, #7151, .T. ) ;
#8312 = LINE ( 'NONE', #4053, #5640 ) ;
#8313 = CIRCLE ( 'NONE', #9428, 0.01771653543307086243 ) ;
#8314 = CARTESIAN_POINT ( 'NONE',  ( -0.1181102362204724532, 0.01771653543307086937, 0.05314960629921260116 ) ) ;
#8315 = ORIENTED_EDGE ( 'NONE', *, *, #5744, .F. ) ;
#8316 = DIRECTION ( 'NONE',  ( 0.000000000000000000, -1.084202172485506406E-15, -1.000000000000000000 ) ) ;
#8317 = EDGE_CURVE ( 'NONE', #10919, #8543, #1141, .T. ) ;
#8318 = ADVANCED_FACE ( 'NONE', ( #10011 ), #7391, .T. ) ;
#8319 = CARTESIAN_POINT ( 'NONE',  ( 0.000000000000000000, 0.08095377066255905751, 0.2362204724409449064 ) ) ;
#8320 = CARTESIAN_POINT ( 'NONE',  ( -0.03243119782421892416, 0.1026999822765548853, 0.02840140328499411379 ) ) ;
#8321 = CARTESIAN_POINT ( 'NONE',  ( -0.1406663324992913355, -0.08813603796283467351, 0.1809872108077953123 ) ) ;
#8322 = ORIENTED_EDGE ( 'NONE', *, *, #1714, .T. ) ;
#8323 = DIRECTION ( 'NONE',  ( 0.000000000000000000, 1.000000000000000000, 0.000000000000000000 ) ) ;
#8324 = ORIENTED_EDGE ( 'NONE', *, *, #935, .F. ) ;
#8325 = ORIENTED_EDGE ( 'NONE', *, *, #1917, .T. ) ;
#8326 = CARTESIAN_POINT ( 'NONE',  ( 0.1440340579562192636, -0.09842519685039370636, 0.3481182829941933954 ) ) ;
#8327 = EDGE_CURVE ( 'NONE', #5683, #11064, #4752, .T. ) ;
#8328 = CARTESIAN_POINT ( 'NONE',  ( -0.03149606299212687199, 0.06348234447479129960, 0.1574803149606299191 ) ) ;
#8329 = CARTESIAN_POINT ( 'NONE',  ( 0.09389763779527676713, 0.09842519685039370636, 0.02952755905511727022 ) ) ;
#8330 = CARTESIAN_POINT ( 'NONE',  ( 0.1250000000000000000, -0.01968503937007873988, 0.05511811023622047168 ) ) ;
#8331 = DIRECTION ( 'NONE',  ( 0.000000000000000000, 0.000000000000000000, -1.000000000000000000 ) ) ;
#8332 = CARTESIAN_POINT ( 'NONE',  ( 0.05682104683266697709, 0.09350393700787401619, 0.04169289487555358220 ) ) ;
#8333 = CARTESIAN_POINT ( 'NONE',  ( 0.000000000000000000, 0.09842519685039370636, 0.1200787401574803098 ) ) ;
#8334 = ORIENTED_EDGE ( 'NONE', *, *, #3765, .T. ) ;
#8335 = ORIENTED_EDGE ( 'NONE', *, *, #6455, .T. ) ;
#8336 = VERTEX_POINT ( 'NONE', #6513 ) ;
#8337 = ORIENTED_EDGE ( 'NONE', *, *, #2258, .F. ) ;
#8338 = ORIENTED_EDGE ( 'NONE', *, *, #7138, .F. ) ;
#8339 = CARTESIAN_POINT ( 'NONE',  ( 0.03689381796004950753, 0.08859377427613716882, 0.3331614519714722888 ) ) ;
#8340 = VECTOR ( 'NONE', #2785, 39.37007874015748143 ) ;
#8341 = DIRECTION ( 'NONE',  ( 0.000000000000000000, 0.9035079029043519006, 0.4285714285733245865 ) ) ;
#8342 = CARTESIAN_POINT ( 'NONE',  ( 5.516923087892980751E-44, -0.09842519685039370636, 0.07677165354330708902 ) ) ;
#8343 = EDGE_CURVE ( 'NONE', #10037, #5266, #2704, .T. ) ;
#8344 = CARTESIAN_POINT ( 'NONE',  ( -0.06318897637795276023, 0.09842519685039370636, 0.2106299212598425064 ) ) ;
#8345 = CARTESIAN_POINT ( 'NONE',  ( -0.02559055118110236879, 0.05905511811023622659, 0.2170084889991732435 ) ) ;
#8346 = CARTESIAN_POINT ( 'NONE',  ( -0.09389763779527558751, 0.08464566929133858497, 0.1555118110236220763 ) ) ;
#8347 = DIRECTION ( 'NONE',  ( -0.000000000000000000, -1.000000000000000000, -0.000000000000000000 ) ) ;
#8348 = ORIENTED_EDGE ( 'NONE', *, *, #4523, .F. ) ;
#8349 = CARTESIAN_POINT ( 'NONE',  ( 0.1122335544869685064, -0.08648299031389762581, 0.2165355295022440840 ) ) ;
#8350 = ORIENTED_EDGE ( 'NONE', *, *, #2741, .F. ) ;
#8351 = B_SPLINE_CURVE_WITH_KNOTS ( 'NONE', 3,
 ( #1343, #11094, #10156, #3163, #4895, #10094, #538, #5840, #6714, #3855, #6597, #11205, #4960, #9219, #2284, #10214 ),
 .UNSPECIFIED., .F., .F.,
 ( 4, 2, 1, 2, 2, 1, 2, 2, 4 ),
 ( 0.000000000000000000, 0.2500000000000002776, 0.3750000000000014433, 0.4375000000000028311, 0.5000000000000042188, 0.6250000000000055511, 0.6875000000000048850, 0.7500000000000042188, 1.000000000000000000 ),
 .UNSPECIFIED. ) ;
#8352 = EDGE_CURVE ( 'NONE', #2845, #793, #343, .T. ) ;
#8353 = FACE_OUTER_BOUND ( 'NONE', #749, .T. ) ;
#8354 = DIRECTION ( 'NONE',  ( 0.000000000000000000, 0.000000000000000000, -1.000000000000000000 ) ) ;
#8355 = ADVANCED_FACE ( 'NONE', ( #9956 ), #5700, .T. ) ;
#8356 = VERTEX_POINT ( 'NONE', #9133 ) ;
#8357 = CARTESIAN_POINT ( 'NONE',  ( 0.1082677165354330728, -0.01771653543307087283, 0.3523622047244094890 ) ) ;
#8358 = DIRECTION ( 'NONE',  ( 1.000000000000000000, 0.000000000000000000, 0.000000000000000000 ) ) ;
#8359 = CARTESIAN_POINT ( 'NONE',  ( -0.1417322834645669549, 0.009842519685039369942, 0.3503937007874015630 ) ) ;
#8360 = CARTESIAN_POINT ( 'NONE',  ( -0.1440340579563230416, -0.09842519685039370636, 0.3211730555882963967 ) ) ;
#8361 = CARTESIAN_POINT ( 'NONE',  ( 0.02673737070517717002, 0.09938545054791339539, 0.03113333353065354109 ) ) ;
#8362 = CARTESIAN_POINT ( 'NONE',  ( -0.07086614173228347746, 0.08858267716535435377, 0.003937007874015749712 ) ) ;
#8363 = CLOSED_SHELL ( 'NONE', ( #6650, #9669, #11452, #7819, #7000, #7164, #6715, #9804, #3862, #848, #662, #8452, #6390, #1954, #5541, #4840, #4925, #5227, #1768, #9261, #6519, #10619, #3384, #35, #7203, #7727, #10349, #10506, #4574, #8318, #5654, #7704, #4345, #2397, #6725, #10420, #11015, #1405, #4787, #8697, #3929, #158, #6672, #5934, #1625, #10562, #3240, #9606, #1356, #3926, #2330, #6897, #11218, #2938, #11206, #3705, #8176, #6880, #440, #9593, #4133, #6937 ) ) ;
#8364 = ORIENTED_EDGE ( 'NONE', *, *, #9220, .T. ) ;
#8365 = EDGE_LOOP ( 'NONE', ( #10840, #4508, #5933, #3060 ) ) ;
#8366 = EDGE_CURVE ( 'NONE', #1853, #11223, #11007, .T. ) ;
#8367 = FACE_OUTER_BOUND ( 'NONE', #10067, .T. ) ;
#8368 = LINE ( 'NONE', #6499, #9390 ) ;
#8369 = ORIENTED_EDGE ( 'NONE', *, *, #6858, .F. ) ;
#8370 = DIRECTION ( 'NONE',  ( 0.000000000000000000, 0.000000000000000000, 1.000000000000000000 ) ) ;
#8371 = VECTOR ( 'NONE', #2773, 39.37007874015748143 ) ;
#8372 = CARTESIAN_POINT ( 'NONE',  ( -0.1023622047244094613, 0.08267716535433072833, 0.3858267716535432879 ) ) ;
#8373 = CARTESIAN_POINT ( 'NONE',  ( -0.03347905902560525948, 0.09760778946477664808, 0.02903658599568683871 ) ) ;
#8374 = DIRECTION ( 'NONE',  ( -1.000000000000000000, 0.000000000000000000, 0.000000000000000000 ) ) ;
#8375 = EDGE_LOOP ( 'NONE', ( #3351, #8237, #6231, #9459 ) ) ;
#8376 = CYLINDRICAL_SURFACE ( 'NONE', #9496, 0.07086614173228347746 ) ;
#8377 = VECTOR ( 'NONE', #5136, 39.37007874015748143 ) ;
#8378 = EDGE_CURVE ( 'NONE', #3072, #3308, #5313, .T. ) ;
#8379 = VECTOR ( 'NONE', #10433, 39.37007874015748143 ) ;
#8380 = EDGE_CURVE ( 'NONE', #6415, #8693, #3668, .T. ) ;
#8381 = EDGE_LOOP ( 'NONE', ( #5332, #7725, #4010, #10584, #1595, #1846 ) ) ;
#8382 = VERTEX_POINT ( 'NONE', #5753 ) ;
#8383 = LINE ( 'NONE', #284, #5688 ) ;
#8384 = CARTESIAN_POINT ( 'NONE',  ( 0.02559055118110236879, 0.06299212598425196763, 0.1555118110236220763 ) ) ;
#8385 = DIRECTION ( 'NONE',  ( -1.000000000000000000, 0.000000000000000000, 0.000000000000000000 ) ) ;
#8386 = DIRECTION ( 'NONE',  ( 0.000000000000000000, 0.000000000000000000, -1.000000000000000000 ) ) ;
#8387 = CARTESIAN_POINT ( 'NONE',  ( -0.1417322834645669549, -0.01220472440944881873, 0.3346456692913385988 ) ) ;
#8388 = VECTOR ( 'NONE', #2185, 39.37007874015748143 ) ;
#8389 = VECTOR ( 'NONE', #9281, 39.37007874015748143 ) ;
#8390 = FACE_OUTER_BOUND ( 'NONE', #9240, .T. ) ;
#8391 = CARTESIAN_POINT ( 'NONE',  ( -0.1082677165354330728, 0.08070866141732283006, 0.03149606299212598381 ) ) ;
#8392 = ORIENTED_EDGE ( 'NONE', *, *, #10644, .F. ) ;
#8393 = ORIENTED_EDGE ( 'NONE', *, *, #5663, .T. ) ;
#8394 = DIRECTION ( 'NONE',  ( 0.000000000000000000, 1.000000000000000000, 0.000000000000000000 ) ) ;
#8395 = VERTEX_POINT ( 'NONE', #1028 ) ;
#8396 = ORIENTED_EDGE ( 'NONE', *, *, #7822, .F. ) ;
#8397 = EDGE_CURVE ( 'NONE', #5543, #1297, #1594, .T. ) ;
#8398 = ORIENTED_EDGE ( 'NONE', *, *, #2579, .T. ) ;
#8399 = AXIS2_PLACEMENT_3D ( 'NONE', #1354, #4788, #498 ) ;
#8400 = CARTESIAN_POINT ( 'NONE',  ( 0.02559055118110158122, 0.08314926127263505551, 0.3484251968503915831 ) ) ;
#8401 = CIRCLE ( 'NONE', #769, 0.04578276980082677389 ) ;
#8402 = DIRECTION ( 'NONE',  ( 0.000000000000000000, 0.000000000000000000, -1.000000000000000000 ) ) ;
#8403 = FACE_OUTER_BOUND ( 'NONE', #9312, .T. ) ;
#8404 = CARTESIAN_POINT ( 'NONE',  ( 0.02559055118110236532, 0.04350505335383979960, 0.3729336745986142065 ) ) ;
#8405 = CARTESIAN_POINT ( 'NONE',  ( 0.1181102362204724532, -0.06692913385826770867, 0.2244094488188976555 ) ) ;
#8406 = CARTESIAN_POINT ( 'NONE',  ( 0.1082677165354330728, 0.000000000000000000, 0.000000000000000000 ) ) ;
#8407 = DIRECTION ( 'NONE',  ( 0.000000000000000000, 0.000000000000000000, 1.000000000000000000 ) ) ;
#8408 = AXIS2_PLACEMENT_3D ( 'NONE', #3377, #748, #4304 ) ;
#8409 = EDGE_LOOP ( 'NONE', ( #2417, #6470, #806, #4945, #10822 ) ) ;
#8410 = VECTOR ( 'NONE', #1206, 39.37007874015748143 ) ;
#8411 = EDGE_CURVE ( 'NONE', #5381, #117, #3710, .T. ) ;
#8412 = CARTESIAN_POINT ( 'NONE',  ( 0.1181102362204724532, 0.08070866141732283006, 0.2362204724409449064 ) ) ;
#8413 = VERTEX_POINT ( 'NONE', #5517 ) ;
#8414 = CARTESIAN_POINT ( 'NONE',  ( -0.07086614173228338032, 0.08858267716535435377, 0.003937007874015805223 ) ) ;
#8415 = AXIS2_PLACEMENT_3D ( 'NONE', #4772, #9277, #6774 ) ;
#8416 = DIRECTION ( 'NONE',  ( 0.000000000000000000, -1.000000000000000000, 0.000000000000000000 ) ) ;
#8417 = ORIENTED_EDGE ( 'NONE', *, *, #992, .T. ) ;
#8418 = CARTESIAN_POINT ( 'NONE',  ( -0.1082677165354331006, -0.05905511811023623353, 0.3129921259842520231 ) ) ;
#8419 = CARTESIAN_POINT ( 'NONE',  ( 0.1082677165354330728, -0.08070866141732283006, 0.3562992125984252301 ) ) ;
#8420 = CC_DESIGN_DATE_AND_TIME_ASSIGNMENT ( #5113, #10485, ( #9055 ) ) ;
#8421 = DIRECTION ( 'NONE',  ( 0.9995910588252263640, 0.02859571850230074527, 0.000000000000000000 ) ) ;
#8422 = CARTESIAN_POINT ( 'NONE',  ( -0.1259842519685039353, -0.08858267716535433989, 0.3121259842519685801 ) ) ;
#8423 = CARTESIAN_POINT ( 'NONE',  ( 0.02746427182114173290, 0.09453393630015746729, 0.03356719322766141961 ) ) ;
#8424 = ADVANCED_FACE ( 'NONE', ( #9076 ), #1080, .T. ) ;
#8425 = LINE ( 'NONE', #441, #7428 ) ;
#8426 = VECTOR ( 'NONE', #52, 39.37007874015748143 ) ;
#8427 = EDGE_CURVE ( 'NONE', #8620, #6003, #3259, .T. ) ;
#8428 = VERTEX_POINT ( 'NONE', #6756 ) ;
#8429 = EDGE_CURVE ( 'NONE', #9798, #4399, #8447, .T. ) ;
#8430 = ORIENTED_EDGE ( 'NONE', *, *, #4153, .F. ) ;
#8431 = FACE_OUTER_BOUND ( 'NONE', #1271, .T. ) ;
#8432 = PLANE ( 'NONE',  #3985 ) ;
#8433 = VERTEX_POINT ( 'NONE', #1434 ) ;
#8434 = AXIS2_PLACEMENT_3D ( 'NONE', #6523, #2267, #8516 ) ;
#8435 = FACE_OUTER_BOUND ( 'NONE', #7388, .T. ) ;
#8436 = DIRECTION ( 'NONE',  ( 1.000000000000000000, 0.000000000000000000, 0.000000000000000000 ) ) ;
#8437 = CARTESIAN_POINT ( 'NONE',  ( -0.02554245365628587602, 0.09335928413058433573, 0.04127170378437232390 ) ) ;
#8438 = EDGE_CURVE ( 'NONE', #1501, #1357, #6809, .T. ) ;
#8439 = DIRECTION ( 'NONE',  ( 1.000000000000000000, 0.000000000000000000, 0.000000000000000000 ) ) ;
#8440 = EDGE_LOOP ( 'NONE', ( #3177, #4339, #8588, #1095, #6467, #5863 ) ) ;
#8441 = PLANE ( 'NONE',  #9868 ) ;
#8442 = EDGE_CURVE ( 'NONE', #10325, #11297, #6863, .T. ) ;
#8443 = EDGE_CURVE ( 'NONE', #4791, #4663, #10370, .T. ) ;
#8444 = AXIS2_PLACEMENT_3D ( 'NONE', #6150, #9870, #10689 ) ;
#8445 = ORIENTED_EDGE ( 'NONE', *, *, #10059, .F. ) ;
#8446 = ORIENTED_EDGE ( 'NONE', *, *, #5340, .F. ) ;
#8447 = LINE ( 'NONE', #9489, #4741 ) ;
#8448 = DIRECTION ( 'NONE',  ( 0.8285309289390956344, 0.000000000000000000, -0.5599433005147210762 ) ) ;
#8449 = DIRECTION ( 'NONE',  ( 0.000000000000000000, 1.000000000000000000, 0.000000000000000000 ) ) ;
#8450 = AXIS2_PLACEMENT_3D ( 'NONE', #9039, #1044, #4651 ) ;
#8451 = DIRECTION ( 'NONE',  ( -0.5807246816275540846, 0.000000000000000000, -0.8141000209732068837 ) ) ;
#8452 = ADVANCED_FACE ( 'NONE', ( #460 ), #5048, .T. ) ;
#8453 = CYLINDRICAL_SURFACE ( 'NONE', #10578, 0.005905511811023620231 ) ;
#8454 = ADVANCED_FACE ( 'NONE', ( #1378 ), #2260, .T. ) ;
#8455 = LINE ( 'NONE', #4940, #3556 ) ;
#8456 = DIRECTION ( 'NONE',  ( 0.4657464328327953762, 0.000000000000000000, 0.8849182223818913284 ) ) ;
#8457 = ORIENTED_EDGE ( 'NONE', *, *, #1208, .T. ) ;
#8458 = ORIENTED_EDGE ( 'NONE', *, *, #822, .F. ) ;
#8459 = CARTESIAN_POINT ( 'NONE',  ( 0.02559055118110236879, 0.06496062992125983815, 0.08636898558988190255 ) ) ;
#8460 = ORIENTED_EDGE ( 'NONE', *, *, #3009, .T. ) ;
#8461 = EDGE_LOOP ( 'NONE', ( #11361, #4064, #6736, #10464 ) ) ;
#8462 = ORIENTED_EDGE ( 'NONE', *, *, #4664, .T. ) ;
#8463 = ORIENTED_EDGE ( 'NONE', *, *, #8728, .F. ) ;
#8464 = CIRCLE ( 'NONE', #9938, 0.005905511811023620231 ) ;
#8465 = LINE ( 'NONE', #5950, #5983 ) ;
#8466 = DIRECTION ( 'NONE',  ( 1.000000000000000000, 0.000000000000000000, 0.000000000000000000 ) ) ;
#8467 = CARTESIAN_POINT ( 'NONE',  ( -0.1181102362204724254, 0.08070866141732283006, 0.2377952755905511917 ) ) ;
#8468 = CARTESIAN_POINT ( 'NONE',  ( 0.1082677165354330728, 0.03937007874015484299, 0.2125984251968504046 ) ) ;
#8469 = DIRECTION ( 'NONE',  ( -1.000000000000000000, 0.000000000000000000, 0.000000000000000000 ) ) ;
#8470 = LINE ( 'NONE', #10966, #2818 ) ;
#8471 = ADVANCED_FACE ( 'NONE', ( #9546 ), #1552, .F. ) ;
#8472 = CARTESIAN_POINT ( 'NONE',  ( 0.1082677165354331006, 0.09842519685039370636, 0.1555118110236220763 ) ) ;
#8473 = EDGE_CURVE ( 'NONE', #1109, #740, #293, .T. ) ;
#8474 = AXIS2_PLACEMENT_3D ( 'NONE', #10876, #4682, #10936 ) ;
#8475 = VECTOR ( 'NONE', #7365, 39.37007874015748143 ) ;
#8476 = VERTEX_POINT ( 'NONE', #5107 ) ;
#8477 = DIRECTION ( 'NONE',  ( 0.000000000000000000, 0.000000000000000000, -1.000000000000000000 ) ) ;
#8478 = ORIENTED_EDGE ( 'NONE', *, *, #4781, .T. ) ;
#8479 = DIRECTION ( 'NONE',  ( 0.000000000000000000, 0.000000000000000000, -1.000000000000000000 ) ) ;
#8480 = VECTOR ( 'NONE', #10911, 39.37007874015748143 ) ;
#8481 = AXIS2_PLACEMENT_3D ( 'NONE', #5183, #534, #5125 ) ;
#8482 = PLANE ( 'NONE',  #6789 ) ;
#8483 = CARTESIAN_POINT ( 'NONE',  ( 0.000000000000000000, 0.000000000000000000, 0.4210629921259842479 ) ) ;
#8484 = DIRECTION ( 'NONE',  ( 1.000000000000000000, 0.000000000000000000, 0.000000000000000000 ) ) ;
#8485 = CARTESIAN_POINT ( 'NONE',  ( -0.03549525082182587721, 0.08853999718355211324, 0.3336349691517301874 ) ) ;
#8486 = ADVANCED_FACE ( 'NONE', ( #5818 ), #4015, .T. ) ;
#8487 = DIRECTION ( 'NONE',  ( 0.000000000000000000, -0.8354329035167082917, 0.5495924523878056300 ) ) ;
#8488 = ORIENTED_EDGE ( 'NONE', *, *, #11259, .F. ) ;
#8489 = CARTESIAN_POINT ( 'NONE',  ( 0.1181102362204724532, -0.08070866141732283006, 0.09055118110236221041 ) ) ;
#8490 = VECTOR ( 'NONE', #8114, 39.37007874015748143 ) ;
#8491 = ORIENTED_EDGE ( 'NONE', *, *, #4091, .T. ) ;
#8492 = ORIENTED_EDGE ( 'NONE', *, *, #4438, .F. ) ;
#8493 = DIRECTION ( 'NONE',  ( 0.000000000000000000, 1.000000000000000000, 0.000000000000000000 ) ) ;
#8494 = LINE ( 'NONE', #8314, #5092 ) ;
#8495 = ORIENTED_EDGE ( 'NONE', *, *, #4775, .T. ) ;
#8496 = VECTOR ( 'NONE', #1204, 39.37007874015748143 ) ;
#8497 = CARTESIAN_POINT ( 'NONE',  ( 0.04707758976978651533, 0.09842519685039372024, 0.3334855983222733689 ) ) ;
#8498 = ADVANCED_FACE ( 'NONE', ( #7626 ), #5996, .F. ) ;
#8499 = CARTESIAN_POINT ( 'NONE',  ( 0.000000000000000000, 0.08858267716535435377, 0.05708661417322834220 ) ) ;
#8500 = DIRECTION ( 'NONE',  ( -1.000000000000000000, 0.000000000000000000, 0.000000000000000000 ) ) ;
#8501 = DIRECTION ( 'NONE',  ( 0.000000000000000000, 0.000000000000000000, 1.000000000000000000 ) ) ;
#8502 = VERTEX_POINT ( 'NONE', #693 ) ;
#8503 = AXIS2_PLACEMENT_3D ( 'NONE', #3345, #9696, #6900 ) ;
#8504 = ORIENTED_EDGE ( 'NONE', *, *, #8260, .F. ) ;
#8505 = CARTESIAN_POINT ( 'NONE',  ( -0.1082677165354330728, -0.09842519685039370636, 0.2263779527559055260 ) ) ;
#8506 = ORIENTED_EDGE ( 'NONE', *, *, #11013, .F. ) ;
#8507 = ORIENTED_EDGE ( 'NONE', *, *, #10932, .T. ) ;
#8508 = EDGE_CURVE ( 'NONE', #8775, #1077, #1320, .T. ) ;
#8509 = DIRECTION ( 'NONE',  ( 0.000000000000000000, 0.000000000000000000, -1.000000000000000000 ) ) ;
#8510 = EDGE_CURVE ( 'NONE', #1185, #3882, #10480, .T. ) ;
#8511 = DIRECTION ( 'NONE',  ( 0.000000000000000000, -1.000000000000000000, 0.000000000000000000 ) ) ;
#8512 = DIRECTION ( 'NONE',  ( 0.000000000000000000, 1.000000000000000000, 0.000000000000000000 ) ) ;
#8513 = CARTESIAN_POINT ( 'NONE',  ( 0.04299212598425197068, 0.08246587429720569906, 0.1851137642978361586 ) ) ;
#8514 = DATE_TIME_ROLE ( 'classification_date' ) ;
#8515 = CARTESIAN_POINT ( 'NONE',  ( -0.02559055118836710968, 0.07913730539880520221, 0.04089263471985480486 ) ) ;
#8516 = DIRECTION ( 'NONE',  ( 1.000000000000000000, 0.000000000000000000, 0.000000000000000000 ) ) ;
#8517 = ORIENTED_EDGE ( 'NONE', *, *, #4769, .T. ) ;
#8518 = EDGE_LOOP ( 'NONE', ( #6148, #3707 ) ) ;
#8519 = LINE ( 'NONE', #6765, #8940 ) ;
#8520 = VERTEX_POINT ( 'NONE', #3369 ) ;
#8521 = ORIENTED_EDGE ( 'NONE', *, *, #2706, .T. ) ;
#8522 = VERTEX_POINT ( 'NONE', #9373 ) ;
#8523 = ORIENTED_EDGE ( 'NONE', *, *, #4282, .T. ) ;
#8524 = CARTESIAN_POINT ( 'NONE',  ( 0.1313389175166527201, -0.08858267716535435377, 0.3297527701046838455 ) ) ;
#8525 = EDGE_CURVE ( 'NONE', #601, #9926, #2888, .T. ) ;
#8526 = DIRECTION ( 'NONE',  ( -1.000000000000000000, 0.000000000000000000, 0.000000000000000000 ) ) ;
#8527 = CARTESIAN_POINT ( 'NONE',  ( 0.1393455678156693134, -0.07874015748031495954, 0.3129921259842520231 ) ) ;
#8528 = CARTESIAN_POINT ( 'NONE',  ( 0.02559055118110158122, 0.08314926127263505551, 0.3484251968503915831 ) ) ;
#8529 = FACE_OUTER_BOUND ( 'NONE', #1088, .T. ) ;
#8530 = CARTESIAN_POINT ( 'NONE',  ( -0.1259842519685039353, -0.08858267716535435377, 0.3562992125984252301 ) ) ;
#8531 = FACE_OUTER_BOUND ( 'NONE', #5344, .T. ) ;
#8532 = VERTEX_POINT ( 'NONE', #4871 ) ;
#8533 = VECTOR ( 'NONE', #3840, 39.37007874015748143 ) ;
#8534 = DIRECTION ( 'NONE',  ( -1.000000000000000000, 0.000000000000000000, 0.000000000000000000 ) ) ;
#8535 = EDGE_LOOP ( 'NONE', ( #8888, #8589, #6903, #895 ) ) ;
#8536 = EDGE_CURVE ( 'NONE', #8522, #10204, #11124, .T. ) ;
#8537 = LINE ( 'NONE', #6027, #7511 ) ;
#8538 = EDGE_CURVE ( 'NONE', #4603, #3271, #5880, .T. ) ;
#8539 = CARTESIAN_POINT ( 'NONE',  ( -0.1250000000000000000, 0.009842519685039369942, 0.05511811023622047168 ) ) ;
#8540 = CARTESIAN_POINT ( 'NONE',  ( 0.1181102362204724532, 0.02362204724409448786, 0.1102362204724409434 ) ) ;
#8541 = CARTESIAN_POINT ( 'NONE',  ( -0.03092746515687397335, 0.08826257730183748040, 0.3365886704567534471 ) ) ;
#8542 = DIRECTION ( 'NONE',  ( 0.000000000000000000, 0.000000000000000000, 1.000000000000000000 ) ) ;
#8543 = VERTEX_POINT ( 'NONE', #2603 ) ;
#8544 = CARTESIAN_POINT ( 'NONE',  ( 0.1181102362204724532, 0.0009842519685039369942, 0.3523622047244094890 ) ) ;
#8545 = ORIENTED_EDGE ( 'NONE', *, *, #10866, .T. ) ;
#8546 = ORIENTED_EDGE ( 'NONE', *, *, #9941, .F. ) ;
#8547 = CYLINDRICAL_SURFACE ( 'NONE', #2840, 0.02165354330708662081 ) ;
#8548 = EDGE_CURVE ( 'NONE', #4399, #1645, #1611, .T. ) ;
#8549 = LINE ( 'NONE', #6621, #9573 ) ;
#8550 = ORIENTED_EDGE ( 'NONE', *, *, #4678, .T. ) ;
#8551 = LINE ( 'NONE', #2247, #997 ) ;
#8552 = DIRECTION ( 'NONE',  ( 0.000000000000000000, 0.000000000000000000, -1.000000000000000000 ) ) ;
#8553 = CARTESIAN_POINT ( 'NONE',  ( -0.03149606299212598381, 0.08464566929133858497, 0.3799212598425197318 ) ) ;
#8554 = LINE ( 'NONE', #10939, #11388 ) ;
#8555 = VERTEX_POINT ( 'NONE', #2718 ) ;
#8556 = ORIENTED_EDGE ( 'NONE', *, *, #5721, .T. ) ;
#8557 = EDGE_LOOP ( 'NONE', ( #9896, #2737, #10860, #5709 ) ) ;
#8558 = EDGE_CURVE ( 'NONE', #7018, #1420, #843, .T. ) ;
#8559 = ORIENTED_EDGE ( 'NONE', *, *, #11030, .T. ) ;
#8560 = AXIS2_PLACEMENT_3D ( 'NONE', #9757, #3720, #4643 ) ;
#8561 = DIRECTION ( 'NONE',  ( 0.000000000000000000, 1.000000000000000000, 0.000000000000000000 ) ) ;
#8562 = LINE ( 'NONE', #4936, #849 ) ;
#8563 = CARTESIAN_POINT ( 'NONE',  ( -0.1131889763779527630, 0.01771653543307086937, 0.1791338582677165503 ) ) ;
#8564 = DIRECTION ( 'NONE',  ( 0.000000000000000000, 1.000000000000000000, 0.000000000000000000 ) ) ;
#8565 = APPROVAL_ROLE ( '' ) ;
#8566 = DIRECTION ( 'NONE',  ( 1.000000000000000000, 0.000000000000000000, 0.000000000000000000 ) ) ;
#8567 = DIRECTION ( 'NONE',  ( 1.000000000000000000, 0.000000000000000000, 0.000000000000000000 ) ) ;
#8568 = EDGE_CURVE ( 'NONE', #4971, #6749, #8956, .T. ) ;
#8569 = VERTEX_POINT ( 'NONE', #9717 ) ;
#8570 = AXIS2_PLACEMENT_3D ( 'NONE', #8459, #2270, #5891 ) ;
#8571 = EDGE_LOOP ( 'NONE', ( #5854, #2153, #6118, #5155 ) ) ;
#8572 = LINE ( 'NONE', #4882, #7442 ) ;
#8573 = ORIENTED_EDGE ( 'NONE', *, *, #4564, .F. ) ;
#8574 = ORIENTED_EDGE ( 'NONE', *, *, #3165, .T. ) ;
#8575 = ORIENTED_EDGE ( 'NONE', *, *, #8163, .T. ) ;
#8576 = EDGE_CURVE ( 'NONE', #5683, #4404, #7747, .T. ) ;
#8577 = ORIENTED_EDGE ( 'NONE', *, *, #11186, .T. ) ;
#8578 = LINE ( 'NONE', #590, #9707 ) ;
#8579 = LINE ( 'NONE', #10439, #11426 ) ;
#8580 = CIRCLE ( 'NONE', #1679, 0.003821856477047251305 ) ;
#8581 = CARTESIAN_POINT ( 'NONE',  ( -0.1213460738382040605, -0.09842519685039370636, 0.3562992125984252856 ) ) ;
#8582 = VECTOR ( 'NONE', #9640, 39.37007874015748143 ) ;
#8583 = DIRECTION ( 'NONE',  ( 0.000000000000000000, 0.000000000000000000, -1.000000000000000000 ) ) ;
#8584 = DIRECTION ( 'NONE',  ( 0.000000000000000000, 1.000000000000000000, 0.000000000000000000 ) ) ;
#8585 = CARTESIAN_POINT ( 'NONE',  ( -0.1082677165354330728, -0.09842519685039370636, 0.4527559055118110520 ) ) ;
#8586 = DIRECTION ( 'NONE',  ( -1.000000000000000000, 0.000000000000000000, 0.000000000000000000 ) ) ;
#8587 = ADVANCED_FACE ( 'NONE', ( #743 ), #10651, .F. ) ;
#8588 = ORIENTED_EDGE ( 'NONE', *, *, #5936, .T. ) ;
#8589 = ORIENTED_EDGE ( 'NONE', *, *, #9983, .T. ) ;
#8590 = AXIS2_PLACEMENT_3D ( 'NONE', #6901, #7781, #1532 ) ;
#8591 = VECTOR ( 'NONE', #4609, 39.37007874015748143 ) ;
#8592 = CARTESIAN_POINT ( 'NONE',  ( 0.000000000000000000, 0.000000000000000000, 0.3267716535433071168 ) ) ;
#8593 = EDGE_CURVE ( 'NONE', #7911, #5889, #851, .T. ) ;
#8594 = ORIENTED_EDGE ( 'NONE', *, *, #6792, .F. ) ;
#8595 = CARTESIAN_POINT ( 'NONE',  ( -0.1313389175166266298, -0.09350393700787401619, 0.2016895358812807737 ) ) ;
#8596 = CARTESIAN_POINT ( 'NONE',  ( -0.1023622047244094613, 0.09842519685039372024, 0.2854330708661417804 ) ) ;
#8597 = CARTESIAN_POINT ( 'NONE',  ( -0.1082677165354331006, -0.01968503937007873988, 0.3188976377952755792 ) ) ;
#8598 = VECTOR ( 'NONE', #8905, 39.37007874015748143 ) ;
#8599 = AXIS2_PLACEMENT_3D ( 'NONE', #238, #4594, #355 ) ;
#8600 = CARTESIAN_POINT ( 'NONE',  ( 0.02559055118110039814, 0.07390066619858193242, 0.3557932077031086826 ) ) ;
#8601 = CARTESIAN_POINT ( 'NONE',  ( 0.000000000000000000, 0.000000000000000000, 0.3029921271622834644 ) ) ;
#8602 = ADVANCED_FACE ( 'NONE', ( #957 ), #8112, .T. ) ;
#8603 = EDGE_CURVE ( 'NONE', #9591, #1582, #7916, .T. ) ;
#8604 = DIRECTION ( 'NONE',  ( -0.000000000000000000, -1.000000000000000000, -0.000000000000000000 ) ) ;
#8605 = B_SPLINE_CURVE_WITH_KNOTS ( 'NONE', 3,
 ( #4606, #9051, #5431, #4556, #10797, #8125 ),
 .UNSPECIFIED., .F., .F.,
 ( 4, 2, 4 ),
 ( 0.000000000000000000, 0.5000000000000000000, 1.000000000000000000 ),
 .UNSPECIFIED. ) ;
#8606 = EDGE_LOOP ( 'NONE', ( #1789, #3742, #103, #3209 ) ) ;
#8607 = ORIENTED_EDGE ( 'NONE', *, *, #127, .F. ) ;
#8608 = VECTOR ( 'NONE', #1342, 39.37007874015748143 ) ;
#8609 = CARTESIAN_POINT ( 'NONE',  ( 0.1181102362204724532, 0.01968503937007873988, 0.2854330708661417804 ) ) ;
#8610 = LINE ( 'NONE', #9475, #6969 ) ;
#8611 = ORIENTED_EDGE ( 'NONE', *, *, #1197, .F. ) ;
#8612 = FACE_OUTER_BOUND ( 'NONE', #3273, .T. ) ;
#8613 = LINE ( 'NONE', #2425, #10835 ) ;
#8614 = EDGE_CURVE ( 'NONE', #8729, #10111, #10592, .T. ) ;
#8615 = CARTESIAN_POINT ( 'NONE',  ( 0.000000000000000000, 0.07448961251688976382, 0.05866861494129921306 ) ) ;
#8616 = ORIENTED_EDGE ( 'NONE', *, *, #4107, .F. ) ;
#8617 = ORIENTED_EDGE ( 'NONE', *, *, #2038, .F. ) ;
#8618 = ORIENTED_EDGE ( 'NONE', *, *, #4611, .T. ) ;
#8619 = AXIS2_PLACEMENT_3D ( 'NONE', #7632, #7692, #3207 ) ;
#8620 = VERTEX_POINT ( 'NONE', #5336 ) ;
#8621 = CARTESIAN_POINT ( 'NONE',  ( 0.1406312231058267637, -0.08812772974917322533, 0.05503806823275591426 ) ) ;
#8622 = CARTESIAN_POINT ( 'NONE',  ( -0.03991566127579111722, 0.09842516346510619962, 0.02952755275472821600 ) ) ;
#8623 = DIRECTION ( 'NONE',  ( 0.000000000000000000, 0.000000000000000000, 1.000000000000000000 ) ) ;
#8624 = PERSON_AND_ORGANIZATION ( #2389, #10845 ) ;
#8625 = EDGE_CURVE ( 'NONE', #5984, #9798, #50, .T. ) ;
#8626 = CARTESIAN_POINT ( 'NONE',  ( 0.1287611479151290761, -0.08858267716535438152, 0.3365310500753465051 ) ) ;
#8627 = CARTESIAN_POINT ( 'NONE',  ( -0.09389763779527558751, 0.09153543307086615954, 0.1555118110236220763 ) ) ;
#8628 = CIRCLE ( 'NONE', #10676, 0.01574803149606296415 ) ;
#8629 = ORIENTED_EDGE ( 'NONE', *, *, #9178, .F. ) ;
#8630 = ORIENTED_EDGE ( 'NONE', *, *, #2092, .T. ) ;
#8631 = FACE_OUTER_BOUND ( 'NONE', #2268, .T. ) ;
#8632 = VERTEX_POINT ( 'NONE', #6981 ) ;
#8633 = VERTEX_POINT ( 'NONE', #6055 ) ;
#8634 = ORIENTED_EDGE ( 'NONE', *, *, #7610, .F. ) ;
#8635 = EDGE_LOOP ( 'NONE', ( #11488, #4950, #8324, #5320 ) ) ;
#8636 = DIRECTION ( 'NONE',  ( 0.000000000000000000, -1.000000000000000000, 0.000000000000000000 ) ) ;
#8637 = CARTESIAN_POINT ( 'NONE',  ( -0.1181102362204724532, -0.08070866141732283006, 0.1771653543307087075 ) ) ;
#8638 = AXIS2_PLACEMENT_3D ( 'NONE', #10148, #8341, #5532 ) ;
#8639 = CARTESIAN_POINT ( 'NONE',  ( -0.1082677165354330451, -0.08534683954762271874, 0.3562992125984252856 ) ) ;
#8640 = EDGE_CURVE ( 'NONE', #9616, #7316, #7859, .T. ) ;
#8641 =( BOUNDED_CURVE ( )  B_SPLINE_CURVE ( 3, ( #3264, #8515, #6814, #10376 ),
 .UNSPECIFIED., .F., .F. ) 
 B_SPLINE_CURVE_WITH_KNOTS ( ( 4, 4 ),
 ( 1.570796328452396695, 2.382628825042328202 ),
 .UNSPECIFIED. ) 
 CURVE ( )  GEOMETRIC_REPRESENTATION_ITEM ( )  RATIONAL_B_SPLINE_CURVE ( ( 1.000000000000000000, 0.9458273282671219029, 0.9458273282671219029, 1.000000000000000000 ) ) 
 REPRESENTATION_ITEM ( '' )  );
#8642 = CARTESIAN_POINT ( 'NONE',  ( -0.02559055118110433250, 0.04607261923493910505, 0.1972738534830187629 ) ) ;
#8643 = CARTESIAN_POINT ( 'NONE',  ( 0.1010826771653543232, 0.09153543307086615954, 0.02952755905511811330 ) ) ;
#8644 = CARTESIAN_POINT ( 'NONE',  ( -0.02597952416642126255, 0.09016796651429136167, 0.03487000494899606534 ) ) ;
#8645 = DIRECTION ( 'NONE',  ( 0.000000000000000000, 0.000000000000000000, -1.000000000000000000 ) ) ;
#8646 = EDGE_CURVE ( 'NONE', #4378, #10142, #8900, .T. ) ;
#8647 = LINE ( 'NONE', #8813, #429 ) ;
#8648 = ORIENTED_EDGE ( 'NONE', *, *, #4587, .F. ) ;
#8649 = EDGE_LOOP ( 'NONE', ( #207, #366, #7519, #5043 ) ) ;
#8650 = CIRCLE ( 'NONE', #5650, 0.003856965870551185352 ) ;
#8651 = ORIENTED_EDGE ( 'NONE', *, *, #9836, .T. ) ;
#8652 = FACE_OUTER_BOUND ( 'NONE', #539, .T. ) ;
#8653 = DIRECTION ( 'NONE',  ( -0.9230379075917946041, -0.3847090084057839254, 0.000000000000000000 ) ) ;
#8654 = EDGE_CURVE ( 'NONE', #7570, #8891, #1662, .T. ) ;
#8655 = AXIS2_PLACEMENT_3D ( 'NONE', #2161, #4771, #3159 ) ;
#8656 = DIRECTION ( 'NONE',  ( 1.000000000000000000, 0.000000000000000000, 0.000000000000000000 ) ) ;
#8657 = VECTOR ( 'NONE', #10662, 39.37007874015748143 ) ;
#8658 = CARTESIAN_POINT ( 'NONE',  ( 0.09389763779527557364, 0.02362204724409448786, 0.1102362204724409434 ) ) ;
#8659 = DIRECTION ( 'NONE',  ( 0.000000000000000000, 0.000000000000000000, 1.000000000000000000 ) ) ;
#8660 = EDGE_CURVE ( 'NONE', #4213, #2705, #4459, .T. ) ;
#8661 = DIRECTION ( 'NONE',  ( -1.000000000000000000, 0.000000000000000000, 0.000000000000000000 ) ) ;
#8662 = ORIENTED_EDGE ( 'NONE', *, *, #1316, .F. ) ;
#8663 = DIRECTION ( 'NONE',  ( -1.000000000000000000, 0.000000000000000000, 0.000000000000000000 ) ) ;
#8664 = AXIS2_PLACEMENT_3D ( 'NONE', #2080, #9078, #6403 ) ;
#8665 = ORIENTED_EDGE ( 'NONE', *, *, #8036, .T. ) ;
#8666 = VECTOR ( 'NONE', #5268, 39.37007874015748143 ) ;
#8667 = ORIENTED_EDGE ( 'NONE', *, *, #3231, .T. ) ;
#8668 = FACE_OUTER_BOUND ( 'NONE', #4009, .T. ) ;
#8669 = DIRECTION ( 'NONE',  ( 0.000000000000000000, 0.000000000000000000, 1.000000000000000000 ) ) ;
#8670 = EDGE_CURVE ( 'NONE', #505, #5031, #10541, .T. ) ;
#8671 = ORIENTED_EDGE ( 'NONE', *, *, #7965, .T. ) ;
#8672 = VECTOR ( 'NONE', #607, 39.37007874015748143 ) ;
#8673 = CARTESIAN_POINT ( 'NONE',  ( 0.03991553112945275816, 0.09842519685039044508, 0.02952754941532849051 ) ) ;
#8674 = AXIS2_PLACEMENT_3D ( 'NONE', #11368, #4954, #3328 ) ;
#8675 = CARTESIAN_POINT ( 'NONE',  ( -0.1082677165354330728, 0.08464566929133858497, 0.2263779527559055260 ) ) ;
#8676 = ORIENTED_EDGE ( 'NONE', *, *, #1315, .F. ) ;
#8677 = ORIENTED_EDGE ( 'NONE', *, *, #6, .F. ) ;
#8678 = AXIS2_PLACEMENT_3D ( 'NONE', #8070, #95, #3636 ) ;
#8679 = ORIENTED_EDGE ( 'NONE', *, *, #6401, .F. ) ;
#8680 = VECTOR ( 'NONE', #2899, 39.37007874015748143 ) ;
#8681 = EDGE_CURVE ( 'NONE', #5583, #10188, #3590, .T. ) ;
#8682 = ADVANCED_FACE ( 'NONE', ( #9660 ), #5222, .F. ) ;
#8683 = DIRECTION ( 'NONE',  ( 0.000000000000000000, -1.000000000000000000, 0.000000000000000000 ) ) ;
#8684 = CARTESIAN_POINT ( 'NONE',  ( -0.02559055020271550074, 0.09340860032568479299, 0.04105304352057905642 ) ) ;
#8685 = CARTESIAN_POINT ( 'NONE',  ( 0.1082677165354330728, 0.000000000000000000, 0.1122047244094488277 ) ) ;
#8686 = DIRECTION ( 'NONE',  ( 0.000000000000000000, 1.000000000000000000, 0.000000000000000000 ) ) ;
#8687 = CARTESIAN_POINT ( 'NONE',  ( -0.1181102362204724532, -0.02362204724409448092, 0.2145669291338582751 ) ) ;
#8688 = AXIS2_PLACEMENT_3D ( 'NONE', #1922, #5480, #1979 ) ;
#8689 = EDGE_LOOP ( 'NONE', ( #8183, #9254, #5163, #9743 ) ) ;
#8690 = ORIENTED_EDGE ( 'NONE', *, *, #10943, .F. ) ;
#8691 = LINE ( 'NONE', #4250, #8753 ) ;
#8692 = ORIENTED_EDGE ( 'NONE', *, *, #678, .F. ) ;
#8693 = VERTEX_POINT ( 'NONE', #6501 ) ;
#8694 = EDGE_LOOP ( 'NONE', ( #7376, #4307, #7171, #6511 ) ) ;
#8695 = CYLINDRICAL_SURFACE ( 'NONE', #3922, 0.007874015748031499423 ) ;
#8696 = LINE ( 'NONE', #5835, #4358 ) ;
#8697 = ADVANCED_FACE ( 'NONE', ( #8253 ), #4742, .F. ) ;
#8698 = CARTESIAN_POINT ( 'NONE',  ( -0.03149606299212598381, 0.09842519685039370636, 0.3543307086614174151 ) ) ;
#8699 = CARTESIAN_POINT ( 'NONE',  ( 0.03558472309455118499, 0.09534367386633857411, 0.02745302219570867203 ) ) ;
#8700 = CARTESIAN_POINT ( 'NONE',  ( -0.05748031496062992046, 0.09153543307086615954, 0.3543307086614174151 ) ) ;
#8701 = CARTESIAN_POINT ( 'NONE',  ( -0.03472833308038583006, 0.09323604948492125732, 0.02784223860092519681 ) ) ;
#8702 = CARTESIAN_POINT ( 'NONE',  ( 0.1082677165354330728, 0.08464566929133858497, 0.3858267716535433989 ) ) ;
#8703 = DIRECTION ( 'NONE',  ( -1.000000000000000000, 0.000000000000000000, 0.000000000000000000 ) ) ;
#8704 = ORIENTED_EDGE ( 'NONE', *, *, #10021, .T. ) ;
#8705 = VERTEX_POINT ( 'NONE', #3759 ) ;
#8706 = B_SPLINE_CURVE_WITH_KNOTS ( 'NONE', 3,
 ( #8342, #3904, #5771, #1338, #358, #9334, #6593, #10150, #4891, #2095 ),
 .UNSPECIFIED., .F., .F.,
 ( 4, 2, 2, 2, 4 ),
 ( 0.001724349823483798099, 0.002155430821471130982, 0.002586511819458463431, 0.003017592817445796313, 0.003448673815433129196 ),
 .UNSPECIFIED. ) ;
#8707 = CARTESIAN_POINT ( 'NONE',  ( 0.04148596327578740056, 0.09842519685039370636, 0.04527559055118110520 ) ) ;
#8708 = EDGE_LOOP ( 'NONE', ( #7518, #7042, #6748, #382 ) ) ;
#8709 = DIRECTION ( 'NONE',  ( 1.000000000000000000, 0.000000000000000000, 0.000000000000000000 ) ) ;
#8710 = ADVANCED_FACE ( 'NONE', ( #1129 ), #3004, .T. ) ;
#8711 = CYLINDRICAL_SURFACE ( 'NONE', #6234, 0.09842519685039370636 ) ;
#8712 = PLANE ( 'NONE',  #8101 ) ;
#8713 = DIRECTION ( 'NONE',  ( 0.000000000000000000, 0.000000000000000000, -1.000000000000000000 ) ) ;
#8714 = CARTESIAN_POINT ( 'NONE',  ( -0.1313389175166534417, -0.08812772974917322533, 0.06597324254562979273 ) ) ;
#8715 = FACE_OUTER_BOUND ( 'NONE', #9472, .T. ) ;
#8716 = ORIENTED_EDGE ( 'NONE', *, *, #882, .F. ) ;
#8717 = CARTESIAN_POINT ( 'NONE',  ( -0.1250000000000000000, -0.01968503937007873988, 0.07086614173228347746 ) ) ;
#8718 = ADVANCED_FACE ( 'NONE', ( #7317 ), #3937, .T. ) ;
#8719 = ORIENTED_EDGE ( 'NONE', *, *, #5109, .T. ) ;
#8720 = VERTEX_POINT ( 'NONE', #271 ) ;
#8721 = CARTESIAN_POINT ( 'NONE',  ( -0.02558283220313511616, 0.09472723263649619752, 0.3484251968503938035 ) ) ;
#8722 = EDGE_CURVE ( 'NONE', #94, #3918, #10001, .T. ) ;
#8723 = DIRECTION ( 'NONE',  ( 5.782411586589358822E-15, 0.000000000000000000, -1.000000000000000000 ) ) ;
#8724 = AXIS2_PLACEMENT_3D ( 'NONE', #1146, #11128, #1325 ) ;
#8725 = ORIENTED_EDGE ( 'NONE', *, *, #6864, .F. ) ;
#8726 = CARTESIAN_POINT ( 'NONE',  ( -0.1131889763779527630, -0.05905511811023622659, 0.3129921259842520231 ) ) ;
#8727 = FACE_OUTER_BOUND ( 'NONE', #8966, .T. ) ;
#8728 = EDGE_CURVE ( 'NONE', #5122, #5030, #7383, .T. ) ;
#8729 = VERTEX_POINT ( 'NONE', #1947 ) ;
#8730 = CARTESIAN_POINT ( 'NONE',  ( 0.02559055118110236879, 0.09473329822164784642, 0.1712598425196850405 ) ) ;
#8731 = ORIENTED_EDGE ( 'NONE', *, *, #10340, .T. ) ;
#8732 = ORIENTED_EDGE ( 'NONE', *, *, #8078, .T. ) ;
#8733 = ORIENTED_EDGE ( 'NONE', *, *, #6046, .T. ) ;
#8734 = DIRECTION ( 'NONE',  ( 0.000000000000000000, 0.000000000000000000, 1.000000000000000000 ) ) ;
#8735 = DIRECTION ( 'NONE',  ( 0.000000000000000000, 0.000000000000000000, 1.000000000000000000 ) ) ;
#8736 = LINE ( 'NONE', #2553, #8185 ) ;
#8737 = CARTESIAN_POINT ( 'NONE',  ( 0.1313389175166417011, -0.09350393700787401619, 0.06597324254561243162 ) ) ;
#8738 = DIRECTION ( 'NONE',  ( -1.000000000000000000, 0.000000000000000000, 0.000000000000000000 ) ) ;
#8739 = ORIENTED_EDGE ( 'NONE', *, *, #2164, .F. ) ;
#8740 = EDGE_CURVE ( 'NONE', #629, #8299, #9577, .T. ) ;
#8741 = ORIENTED_EDGE ( 'NONE', *, *, #10223, .T. ) ;
#8742 = FACE_OUTER_BOUND ( 'NONE', #2086, .T. ) ;
#8743 = EDGE_CURVE ( 'NONE', #6583, #4629, #1069, .T. ) ;
#8744 = ORIENTED_EDGE ( 'NONE', *, *, #4450, .F. ) ;
#8745 = ORIENTED_EDGE ( 'NONE', *, *, #3188, .T. ) ;
#8746 = ORIENTED_EDGE ( 'NONE', *, *, #10088, .T. ) ;
#8747 = FACE_BOUND ( 'NONE', #7809, .T. ) ;
#8748 = DIRECTION ( 'NONE',  ( 0.000000000000000000, 0.000000000000000000, -1.000000000000000000 ) ) ;
#8749 = DIRECTION ( 'NONE',  ( -1.000000000000000000, 0.000000000000000000, 0.000000000000000000 ) ) ;
#8750 = LINE ( 'NONE', #4318, #4941 ) ;
#8751 = CARTESIAN_POINT ( 'NONE',  ( 0.1300298831305178593, -0.08858267716537093772, 0.2164861556116087216 ) ) ;
#8752 = LINE ( 'NONE', #6947, #5602 ) ;
#8753 = VECTOR ( 'NONE', #5175, 39.37007874015748143 ) ;
#8754 = LINE ( 'NONE', #4321, #3496 ) ;
#8755 = DIRECTION ( 'NONE',  ( 1.000000000000000000, 0.000000000000000000, 0.000000000000000000 ) ) ;
#8756 = ORIENTED_EDGE ( 'NONE', *, *, #1499, .F. ) ;
#8757 = ADVANCED_FACE ( 'NONE', ( #4620 ), #6448, .T. ) ;
#8758 = VERTEX_POINT ( 'NONE', #10118 ) ;
#8759 = CARTESIAN_POINT ( 'NONE',  ( 0.000000000000000000, 0.04035433070866141503, 0.2342519685039370358 ) ) ;
#8760 = LINE ( 'NONE', #6837, #2981 ) ;
#8761 = ORIENTED_EDGE ( 'NONE', *, *, #10495, .T. ) ;
#8762 = VECTOR ( 'NONE', #11073, 39.37007874015748143 ) ;
#8763 = AXIS2_PLACEMENT_3D ( 'NONE', #7123, #10682, #2695 ) ;
#8764 = CYLINDRICAL_SURFACE ( 'NONE', #2673, 0.03543307086614172485 ) ;
#8765 = DIRECTION ( 'NONE',  ( 1.000000000000000000, 0.000000000000000000, 0.000000000000000000 ) ) ;
#8766 = LINE ( 'NONE', #2530, #3077 ) ;
#8767 = CARTESIAN_POINT ( 'NONE',  ( -0.1082677165354330728, -0.05905511811023622659, 0.1653543307086614567 ) ) ;
#8768 = DIRECTION ( 'NONE',  ( -0.5807246816275541956, 0.000000000000000000, 0.8141000209732068837 ) ) ;
#8769 = DIRECTION ( 'NONE',  ( -1.000000000000000000, 0.000000000000000000, 0.000000000000000000 ) ) ;
#8770 = LINE ( 'NONE', #7606, #9329 ) ;
#8771 = EDGE_LOOP ( 'NONE', ( #4668, #8188, #7173, #7041, #8814, #1849, #200, #2897 ) ) ;
#8772 = CIRCLE ( 'NONE', #3727, 0.005905511811023620231 ) ;
#8773 = EDGE_CURVE ( 'NONE', #10538, #1335, #2003, .T. ) ;
#8774 = LINE ( 'NONE', #11220, #4089 ) ;
#8775 = VERTEX_POINT ( 'NONE', #5558 ) ;
#8776 = CARTESIAN_POINT ( 'NONE',  ( 0.09389763779527676713, 0.08464566929133858497, 0.02952755905511726675 ) ) ;
#8777 = VECTOR ( 'NONE', #1760, 39.37007874015748143 ) ;
#8778 = LINE ( 'NONE', #10412, #5859 ) ;
#8779 = VECTOR ( 'NONE', #10207, 39.37007874015748143 ) ;
#8780 = VERTEX_POINT ( 'NONE', #9246 ) ;
#8781 = EDGE_CURVE ( 'NONE', #7402, #5736, #2506, .T. ) ;
#8782 = CARTESIAN_POINT ( 'NONE',  ( -0.1181102362204723977, -0.08277007391967831917, 0.3129921259842520231 ) ) ;
#8783 = DIRECTION ( 'NONE',  ( 1.000000000000000000, 3.183609275899999353E-13, 0.000000000000000000 ) ) ;
#8784 = ADVANCED_FACE ( 'NONE', ( #4800 ), #2066, .F. ) ;
#8785 = AXIS2_PLACEMENT_3D ( 'NONE', #10759, #218, #6281 ) ;
#8786 = AXIS2_PLACEMENT_3D ( 'NONE', #7218, #4477, #5461 ) ;
#8787 = VERTEX_POINT ( 'NONE', #8136 ) ;
#8788 = ORIENTED_EDGE ( 'NONE', *, *, #7715, .F. ) ;
#8789 = ORIENTED_EDGE ( 'NONE', *, *, #7836, .T. ) ;
#8790 = VECTOR ( 'NONE', #866, 39.37007874015748143 ) ;
#8791 = CARTESIAN_POINT ( 'NONE',  ( 0.03149606299212598381, 0.08095377066255905751, 0.1968503937007874127 ) ) ;
#8792 = EDGE_CURVE ( 'NONE', #2805, #10956, #157, .T. ) ;
#8793 = FACE_OUTER_BOUND ( 'NONE', #206, .T. ) ;
#8794 = DIRECTION ( 'NONE',  ( 0.000000000000000000, 0.000000000000000000, 1.000000000000000000 ) ) ;
#8795 = LINE ( 'NONE', #8737, #1528 ) ;
#8796 = EDGE_CURVE ( 'NONE', #8520, #3311, #3257, .T. ) ;
#8797 = LINE ( 'NONE', #802, #216 ) ;
#8798 = VERTEX_POINT ( 'NONE', #332 ) ;
#8799 = CARTESIAN_POINT ( 'NONE',  ( -0.1131889763779527630, -0.05905511811023622659, 0.2224409448818897850 ) ) ;
#8800 = ORIENTED_EDGE ( 'NONE', *, *, #10019, .T. ) ;
#8801 = AXIS2_PLACEMENT_3D ( 'NONE', #6058, #6112, #11413 ) ;
#8802 = EDGE_LOOP ( 'NONE', ( #3632, #3747, #2059, #1058 ) ) ;
#8803 = ORIENTED_EDGE ( 'NONE', *, *, #2446, .T. ) ;
#8804 = CARTESIAN_POINT ( 'NONE',  ( -0.05748031496062992046, 0.09842519685039370636, 0.3543307086614174151 ) ) ;
#8805 = CARTESIAN_POINT ( 'NONE',  ( 0.02559055118110236879, 0.06299212598425196763, 0.1555118110236220763 ) ) ;
#8806 = CARTESIAN_POINT ( 'NONE',  ( 0.02559055118110236879, 0.09472723263650224823, 0.3484251968503968011 ) ) ;
#8807 = EDGE_CURVE ( 'NONE', #7672, #1853, #2824, .T. ) ;
#8808 = CARTESIAN_POINT ( 'NONE',  ( -0.04148596327578740056, 0.09887183605291338662, 0.1712598425196850405 ) ) ;
#8809 = CARTESIAN_POINT ( 'NONE',  ( 0.1428063554290551207, -0.09842519685041059563, 0.1841537371050787353 ) ) ;
#8810 = VECTOR ( 'NONE', #1518, 39.37007874015748854 ) ;
#8811 = DIRECTION ( 'NONE',  ( -0.000000000000000000, -0.000000000000000000, -1.000000000000000000 ) ) ;
#8812 = CARTESIAN_POINT ( 'NONE',  ( -0.07283464566928943285, 0.09842519685039370636, 1.364501159335431598E-15 ) ) ;
#8813 = CARTESIAN_POINT ( 'NONE',  ( -0.1082677165354330728, -0.05905511811023622659, 0.07086614173228347746 ) ) ;
#8814 = ORIENTED_EDGE ( 'NONE', *, *, #6537, .F. ) ;
#8815 = VERTEX_POINT ( 'NONE', #6388 ) ;
#8816 = DIRECTION ( 'NONE',  ( 0.000000000000000000, 0.000000000000000000, 1.000000000000000000 ) ) ;
#8817 = ORIENTED_EDGE ( 'NONE', *, *, #11032, .T. ) ;
#8818 = VECTOR ( 'NONE', #11457, 39.37007874015748143 ) ;
#8819 = CARTESIAN_POINT ( 'NONE',  ( 0.04299212598425197068, 0.06299212598425196763, 0.1555118110236220763 ) ) ;
#8820 = FACE_OUTER_BOUND ( 'NONE', #9113, .T. ) ;
#8821 = ADVANCED_FACE ( 'NONE', ( #3877 ), #10993, .F. ) ;
#8822 = EDGE_CURVE ( 'NONE', #1505, #686, #8551, .T. ) ;
#8823 = DIRECTION ( 'NONE',  ( 0.000000000000000000, -1.000000000000000000, 0.000000000000000000 ) ) ;
#8824 = LINE ( 'NONE', #6626, #5099 ) ;
#8825 = DIRECTION ( 'NONE',  ( -0.000000000000000000, -1.000000000000000000, -0.000000000000000000 ) ) ;
#8826 = DIRECTION ( 'NONE',  ( 0.000000000000000000, 0.000000000000000000, 1.000000000000000000 ) ) ;
#8827 = CARTESIAN_POINT ( 'NONE',  ( 0.03915910896855429035, 0.08858267716535427050, 0.1555119262546797998 ) ) ;
#8828 = AXIS2_PLACEMENT_3D ( 'NONE', #418, #11024, #6653 ) ;
#8829 = ORIENTED_EDGE ( 'NONE', *, *, #3780, .F. ) ;
#8830 = PLANE ( 'NONE',  #10038 ) ;
#8831 = ORIENTED_EDGE ( 'NONE', *, *, #8796, .F. ) ;
#8832 = ORIENTED_EDGE ( 'NONE', *, *, #5903, .F. ) ;
#8833 = DIRECTION ( 'NONE',  ( 1.000000000000000000, 0.000000000000000000, 0.000000000000000000 ) ) ;
#8834 = VECTOR ( 'NONE', #2182, 39.37007874015748143 ) ;
#8835 = CARTESIAN_POINT ( 'NONE',  ( 0.03927702726964578395, 0.08858267716535435377, 0.02952758630627840344 ) ) ;
#8836 = ADVANCED_FACE ( 'NONE', ( #2184 ), #4366, .F. ) ;
#8837 = ORIENTED_EDGE ( 'NONE', *, *, #5083, .F. ) ;
#8838 = LINE ( 'NONE', #7962, #6910 ) ;
#8839 = CARTESIAN_POINT ( 'NONE',  ( 0.1135736689488806572, -0.08329135318187524950, 0.2165354330708661457 ) ) ;
#8840 = AXIS2_PLACEMENT_3D ( 'NONE', #8932, #5364, #4491 ) ;
#8841 = CIRCLE ( 'NONE', #1930, 0.07086614173228347746 ) ;
#8842 = VERTEX_POINT ( 'NONE', #506 ) ;
#8843 = ORIENTED_EDGE ( 'NONE', *, *, #7366, .T. ) ;
#8844 = DIRECTION ( 'NONE',  ( 0.000000000000000000, 0.000000000000000000, 1.000000000000000000 ) ) ;
#8845 = ADVANCED_FACE ( 'NONE', ( #4057 ), #7013, .T. ) ;
#8846 = ORIENTED_EDGE ( 'NONE', *, *, #357, .F. ) ;
#8847 = VECTOR ( 'NONE', #1031, 39.37007874015748143 ) ;
#8848 = CIRCLE ( 'NONE', #6054, 0.01771653543307086243 ) ;
#8849 = DIRECTION ( 'NONE',  ( 0.000000000000000000, 0.000000000000000000, -1.000000000000000000 ) ) ;
#8850 = CARTESIAN_POINT ( 'NONE',  ( -0.1313389175166534972, -0.08858267716535435377, 0.3297527701046850113 ) ) ;
#8851 = CARTESIAN_POINT ( 'NONE',  ( -0.04044753266308082768, 0.09886156388740093004, 0.02953695324233856015 ) ) ;
#8852 = CARTESIAN_POINT ( 'NONE',  ( -0.1082677165354331006, -0.05905511811023623353, 0.1771653543307087075 ) ) ;
#8853 = VERTEX_POINT ( 'NONE', #8767 ) ;
#8854 = DIRECTION ( 'NONE',  ( 1.000000000000000000, 0.000000000000000000, 0.000000000000000000 ) ) ;
#8855 = AXIS2_PLACEMENT_3D ( 'NONE', #1695, #5143, #11443 ) ;
#8856 = VECTOR ( 'NONE', #1826, 39.37007874015748143 ) ;
#8857 = EDGE_CURVE ( 'NONE', #6891, #8382, #2306, .T. ) ;
#8858 = ORIENTED_EDGE ( 'NONE', *, *, #3974, .F. ) ;
#8859 = ORIENTED_EDGE ( 'NONE', *, *, #597, .T. ) ;
#8860 = CARTESIAN_POINT ( 'NONE',  ( -0.1293882843598818944, -0.08956692913385827515, 0.2164279190586220203 ) ) ;
#8861 = LINE ( 'NONE', #5556, #5849 ) ;
#8862 = EDGE_CURVE ( 'NONE', #8502, #6129, #1988, .T. ) ;
#8863 = CARTESIAN_POINT ( 'NONE',  ( -0.1259842519685039353, -0.08070866141732283006, 0.2164279190586220203 ) ) ;
#8864 = VECTOR ( 'NONE', #10721, 39.37007874015748143 ) ;
#8865 = CARTESIAN_POINT ( 'NONE',  ( -0.03571922202001583807, 0.08362909453380659719, -0.09842519270956474886 ) ) ;
#8866 = CARTESIAN_POINT ( 'NONE',  ( 0.000000000000000000, 0.04906316780073202016, 0.3915280050971078341 ) ) ;
#8867 = FACE_OUTER_BOUND ( 'NONE', #1027, .T. ) ;
#8868 = DIRECTION ( 'NONE',  ( -1.000000000000000000, 0.000000000000000000, 0.000000000000000000 ) ) ;
#8869 = DIRECTION ( 'NONE',  ( 0.000000000000000000, 1.000000000000000000, 0.000000000000000000 ) ) ;
#8870 = ORIENTED_EDGE ( 'NONE', *, *, #6024, .T. ) ;
#8871 = ORIENTED_EDGE ( 'NONE', *, *, #9720, .T. ) ;
#8872 = EDGE_CURVE ( 'NONE', #4978, #1357, #775, .T. ) ;
#8873 = ORIENTED_EDGE ( 'NONE', *, *, #6855, .F. ) ;
#8874 = CARTESIAN_POINT ( 'NONE',  ( 0.1250000000000000000, -0.01968503937007873988, 0.3503937007874015630 ) ) ;
#8875 = VECTOR ( 'NONE', #4906, 39.37007874015748143 ) ;
#8876 = EDGE_LOOP ( 'NONE', ( #4414, #8199, #5397, #1445 ) ) ;
#8877 = CARTESIAN_POINT ( 'NONE',  ( 0.1417322834645669549, -0.01968503937007873988, 0.1968503937007874127 ) ) ;
#8878 = DIRECTION ( 'NONE',  ( 0.000000000000000000, -1.000000000000000000, 0.000000000000000000 ) ) ;
#8879 = CARTESIAN_POINT ( 'NONE',  ( -0.03149606299212904387, 0.05226739388720979401, 0.4556692913385826382 ) ) ;
#8880 = DIRECTION ( 'NONE',  ( 0.000000000000000000, 1.000000000000000000, 0.000000000000000000 ) ) ;
#8881 = CARTESIAN_POINT ( 'NONE',  ( -0.1406312231058267637, -0.08858267716535435377, 0.05118110236220473758 ) ) ;
#8882 = CARTESIAN_POINT ( 'NONE',  ( 0.09842519685039370636, 0.1031496062992126317, 0.2165354330708661457 ) ) ;
#8883 = CARTESIAN_POINT ( 'NONE',  ( 0.1003937007874015630, 0.09842519685039370636, 0.03149606299212598381 ) ) ;
#8884 = ORIENTED_EDGE ( 'NONE', *, *, #211, .F. ) ;
#8885 = FACE_OUTER_BOUND ( 'NONE', #2685, .T. ) ;
#8886 = EDGE_CURVE ( 'NONE', #4137, #1078, #7616, .T. ) ;
#8887 = EDGE_CURVE ( 'NONE', #4680, #5305, #3065, .T. ) ;
#8888 = ORIENTED_EDGE ( 'NONE', *, *, #1647, .F. ) ;
#8889 = DIRECTION ( 'NONE',  ( -0.5599433005138769737, 0.000000000000000000, 0.8285309289396661780 ) ) ;
#8890 = CARTESIAN_POINT ( 'NONE',  ( -0.1023622047244094613, 0.09842519685039372024, 0.3838582677165355284 ) ) ;
#8891 = VERTEX_POINT ( 'NONE', #11230 ) ;
#8892 = CARTESIAN_POINT ( 'NONE',  ( 0.04133858267716536417, 0.08932856491944882182, 0.04527559055118110520 ) ) ;
#8893 = CARTESIAN_POINT ( 'NONE',  ( 0.1131889763779527630, 0.02066929133858268208, 0.3523622047244094890 ) ) ;
#8894 = EDGE_CURVE ( 'NONE', #2627, #2997, #5604, .T. ) ;
#8895 = ORIENTED_EDGE ( 'NONE', *, *, #2103, .F. ) ;
#8896 = EDGE_LOOP ( 'NONE', ( #8870, #898, #4540, #8216 ) ) ;
#8897 = AXIS2_PLACEMENT_3D ( 'NONE', #6018, #7769, #7001 ) ;
#8898 = DIRECTION ( 'NONE',  ( 1.000000000000000000, 0.000000000000000000, 0.000000000000000000 ) ) ;
#8899 = ORIENTED_EDGE ( 'NONE', *, *, #7742, .T. ) ;
#8900 = LINE ( 'NONE', #7201, #9224 ) ;
#8901 = LINE ( 'NONE', #852, #9116 ) ;
#8902 = CARTESIAN_POINT ( 'NONE',  ( -0.02864535873160618112, 0.1061340805353305911, 0.02816806385936835438 ) ) ;
#8903 = DATE_AND_TIME ( #6332, #4688 ) ;
#8904 = B_SPLINE_CURVE_WITH_KNOTS ( 'NONE', 3,
 ( #801, #4300, #10373, #2497, #1556, #4359, #635, #5939 ),
 .UNSPECIFIED., .F., .F.,
 ( 4, 1, 1, 2, 4 ),
 ( 0.000000000000000000, 0.003109559874641216245, 0.004664339811961825885, 0.005441729780622127019, 0.006219119749282428153 ),
 .UNSPECIFIED. ) ;
#8905 = DIRECTION ( 'NONE',  ( 1.000000000000000000, 0.000000000000000000, 0.000000000000000000 ) ) ;
#8906 = ORIENTED_EDGE ( 'NONE', *, *, #6755, .F. ) ;
#8907 = CARTESIAN_POINT ( 'NONE',  ( 0.000000000000000000, 0.08464566929133858497, 0.2381889763779527491 ) ) ;
#8908 = EDGE_CURVE ( 'NONE', #9245, #60, #2836, .T. ) ;
#8909 = EDGE_LOOP ( 'NONE', ( #9646, #11476, #10650, #8046 ) ) ;
#8910 = ORIENTED_EDGE ( 'NONE', *, *, #3173, .F. ) ;
#8911 = CARTESIAN_POINT ( 'NONE',  ( -0.02559055118110236879, 0.03543307086614173873, 0.2170084889991732435 ) ) ;
#8912 = CARTESIAN_POINT ( 'NONE',  ( -0.1181102362204724532, 0.08070866141732283006, 0.03149606299212795446 ) ) ;
#8913 = CARTESIAN_POINT ( 'NONE',  ( -0.06513289142355642436, 0.06362714947196032589, -0.09842519490968167084 ) ) ;
#8914 = DIRECTION ( 'NONE',  ( 0.000000000000000000, -1.000000000000000000, 0.000000000000000000 ) ) ;
#8915 = CARTESIAN_POINT ( 'NONE',  ( 0.1428063554290438242, -0.08813603796283467351, 0.1841537371050619987 ) ) ;
#8916 = CARTESIAN_POINT ( 'NONE',  ( -0.1082677165354331006, 0.08464566929133858497, 0.02952755905511810636 ) ) ;
#8917 = EDGE_CURVE ( 'NONE', #1550, #10836, #1641, .T. ) ;
#8918 = CARTESIAN_POINT ( 'NONE',  ( -0.1082677165354330728, 0.000000000000000000, 0.05118110236220473758 ) ) ;
#8919 = DIRECTION ( 'NONE',  ( 1.000000000000000000, 0.000000000000000000, 0.000000000000000000 ) ) ;
#8920 = EDGE_LOOP ( 'NONE', ( #4426, #10740, #4821, #10084, #350, #9881, #6273, #8457 ) ) ;
#8921 = VECTOR ( 'NONE', #5796, 39.37007874015748143 ) ;
#8922 = EDGE_CURVE ( 'NONE', #11175, #9400, #3462, .T. ) ;
#8923 = ORIENTED_EDGE ( 'NONE', *, *, #10468, .F. ) ;
#8924 = DIRECTION ( 'NONE',  ( -1.000000000000000000, 0.000000000000000000, 0.000000000000000000 ) ) ;
#8925 = EDGE_LOOP ( 'NONE', ( #5993, #11298, #4181, #9477, #1910, #6933, #4717, #9158, #8618, #490, #7196, #6528, #6067, #2907, #10992, #9003 ) ) ;
#8926 = CARTESIAN_POINT ( 'NONE',  ( -0.04024363234510665299, 0.09734024217479503305, 0.02952755913125195211 ) ) ;
#8927 = ORIENTED_EDGE ( 'NONE', *, *, #3859, .T. ) ;
#8928 = CARTESIAN_POINT ( 'NONE',  ( 0.1181102362204724532, -0.06692913385826770867, 0.05118110236220473758 ) ) ;
#8929 = CARTESIAN_POINT ( 'NONE',  ( -0.02559055118110236879, 0.03543307086614173873, 0.2256302287515748461 ) ) ;
#8930 = AXIS2_PLACEMENT_3D ( 'NONE', #10020, #10630, #6409 ) ;
#8931 = CARTESIAN_POINT ( 'NONE',  ( -0.1427909053053550703, -0.08858267716535435377, 0.08349859971618901755 ) ) ;
#8932 = CARTESIAN_POINT ( 'NONE',  ( -0.09055118110232292239, -1.716216060704029807E-18, -0.09055118110236216877 ) ) ;
#8933 = DIRECTION ( 'NONE',  ( 0.000000000000000000, -1.000000000000000000, 0.000000000000000000 ) ) ;
#8934 = CARTESIAN_POINT ( 'NONE',  ( -0.04070082165098427157, 0.09842514677287403368, 0.02952755905511811330 ) ) ;
#8935 = EDGE_CURVE ( 'NONE', #2536, #6644, #8824, .T. ) ;
#8936 = DIRECTION ( 'NONE',  ( 0.000000000000000000, 0.000000000000000000, -1.000000000000000000 ) ) ;
#8937 = CARTESIAN_POINT ( 'NONE',  ( -0.1259842519685039353, -0.09842519685039369248, 0.1771653543307087075 ) ) ;
#8938 = ORIENTED_EDGE ( 'NONE', *, *, #7610, .T. ) ;
#8939 = EDGE_CURVE ( 'NONE', #3015, #240, #11056, .T. ) ;
#8940 = VECTOR ( 'NONE', #11191, 39.37007874015748143 ) ;
#8941 = ORIENTED_EDGE ( 'NONE', *, *, #1168, .F. ) ;
#8942 = DIRECTION ( 'NONE',  ( 0.000000000000000000, 0.000000000000000000, 1.000000000000000000 ) ) ;
#8943 = CARTESIAN_POINT ( 'NONE',  ( 0.1435962126239501424, -0.08858267716535438152, 0.3547323167971963565 ) ) ;
#8944 = ORIENTED_EDGE ( 'NONE', *, *, #2258, .T. ) ;
#8945 = AXIS2_PLACEMENT_3D ( 'NONE', #8892, #10585, #9709 ) ;
#8946 = EDGE_CURVE ( 'NONE', #4555, #8758, #5743, .T. ) ;
#8947 = ADVANCED_FACE ( 'NONE', ( #8435 ), #3129, .F. ) ;
#8948 = FACE_OUTER_BOUND ( 'NONE', #8950, .T. ) ;
#8949 = LINE ( 'NONE', #150, #1713 ) ;
#8950 = EDGE_LOOP ( 'NONE', ( #4180, #7398, #5761, #6465, #10165 ) ) ;
#8951 = ORIENTED_EDGE ( 'NONE', *, *, #8558, .T. ) ;
#8952 = AXIS2_PLACEMENT_3D ( 'NONE', #9643, #7664, #6845 ) ;
#8953 = VECTOR ( 'NONE', #5585, 39.37007874015748143 ) ;
#8954 = DIRECTION ( 'NONE',  ( 1.000000000000000000, 0.000000000000000000, 0.000000000000000000 ) ) ;
#8955 = VERTEX_POINT ( 'NONE', #1919 ) ;
#8956 = LINE ( 'NONE', #7146, #484 ) ;
#8957 = EDGE_CURVE ( 'NONE', #8632, #741, #9093, .T. ) ;
#8958 = EDGE_CURVE ( 'NONE', #1331, #7911, #11442, .T. ) ;
#8959 = CARTESIAN_POINT ( 'NONE',  ( 0.1415620402518504017, -0.09159608583385828173, 0.2164223884477559368 ) ) ;
#8960 = DIRECTION ( 'NONE',  ( 0.000000000000000000, 0.000000000000000000, -1.000000000000000000 ) ) ;
#8961 = VECTOR ( 'NONE', #6114, 39.37007874015748143 ) ;
#8962 = VECTOR ( 'NONE', #5612, 39.37007874015748143 ) ;
#8963 = PLANE ( 'NONE',  #9889 ) ;
#8964 = ORIENTED_EDGE ( 'NONE', *, *, #4774, .F. ) ;
#8965 = DIRECTION ( 'NONE',  ( -1.000000000000000000, 0.000000000000000000, 0.000000000000000000 ) ) ;
#8966 = EDGE_LOOP ( 'NONE', ( #9175, #6130, #6570, #5826, #2026, #10512, #10902, #250 ) ) ;
#8967 = AXIS2_PLACEMENT_3D ( 'NONE', #8167, #4547, #6366 ) ;
#8968 = DIRECTION ( 'NONE',  ( 0.000000000000000000, 0.000000000000000000, -1.000000000000000000 ) ) ;
#8969 = EDGE_CURVE ( 'NONE', #439, #5630, #3800, .T. ) ;
#8970 = LINE ( 'NONE', #9677, #2895 ) ;
#8971 = LINE ( 'NONE', #9026, #7348 ) ;
#8972 = CARTESIAN_POINT ( 'NONE',  ( -0.1082677165354331006, 0.09842519685039370636, 0.1555118110236220763 ) ) ;
#8973 = DIRECTION ( 'NONE',  ( 0.000000000000000000, 0.000000000000000000, -1.000000000000000000 ) ) ;
#8974 = CARTESIAN_POINT ( 'NONE',  ( 0.07283464566929134798, 0.09153543307086615954, 0.1259842519685039353 ) ) ;
#8975 = DIRECTION ( 'NONE',  ( 1.000000000000000000, 0.000000000000000000, 0.000000000000000000 ) ) ;
#8976 = VECTOR ( 'NONE', #4191, 39.37007874015748143 ) ;
#8977 = VERTEX_POINT ( 'NONE', #10785 ) ;
#8978 = ORIENTED_EDGE ( 'NONE', *, *, #9097, .F. ) ;
#8979 = VERTEX_POINT ( 'NONE', #1756 ) ;
#8980 = DIRECTION ( 'NONE',  ( -1.000000000000000000, 0.000000000000000000, 0.000000000000000000 ) ) ;
#8981 = ORIENTED_EDGE ( 'NONE', *, *, #10391, .F. ) ;
#8982 = CARTESIAN_POINT ( 'NONE',  ( 0.1259842519685039353, -0.08858267716535435377, 0.1771653543307087075 ) ) ;
#8983 = AXIS2_PLACEMENT_3D ( 'NONE', #5333, #8898, #3695 ) ;
#8984 = DIRECTION ( 'NONE',  ( 0.000000000000000000, 0.000000000000000000, -1.000000000000000000 ) ) ;
#8985 = ADVANCED_FACE ( 'NONE', ( #5535 ), #985, .F. ) ;
#8986 = LINE ( 'NONE', #7178, #11460 ) ;
#8987 = CARTESIAN_POINT ( 'NONE',  ( 0.005740088145230722375, -0.09842519685039370636, 0.1200787401574803237 ) ) ;
#8988 = CARTESIAN_POINT ( 'NONE',  ( -0.07677165354330708902, 0.01968503937007873988, 0.3838582677165355284 ) ) ;
#8989 = FACE_OUTER_BOUND ( 'NONE', #1538, .T. ) ;
#8990 = DIRECTION ( 'NONE',  ( 0.000000000000000000, 1.000000000000000000, 0.000000000000000000 ) ) ;
#8991 = DIRECTION ( 'NONE',  ( 0.000000000000000000, 1.000000000000000000, 0.000000000000000000 ) ) ;
#8992 = ORIENTED_EDGE ( 'NONE', *, *, #967, .T. ) ;
#8993 = VECTOR ( 'NONE', #47, 39.37007874015748143 ) ;
#8994 = ORIENTED_EDGE ( 'NONE', *, *, #7965, .F. ) ;
#8995 = FACE_OUTER_BOUND ( 'NONE', #2346, .T. ) ;
#8996 = CARTESIAN_POINT ( 'NONE',  ( 0.05539912351201074781, 0.09842519685039369248, 0.3413482639294156407 ) ) ;
#8997 = EDGE_CURVE ( 'NONE', #7312, #4776, #7139, .T. ) ;
#8998 = ORIENTED_EDGE ( 'NONE', *, *, #1022, .F. ) ;
#8999 = CIRCLE ( 'NONE', #7897, 0.005905511811023620231 ) ;
#9000 = LINE ( 'NONE', #4610, #9790 ) ;
#9001 = LINE ( 'NONE', #149, #6518 ) ;
#9002 = LINE ( 'NONE', #891, #6753 ) ;
#9003 = ORIENTED_EDGE ( 'NONE', *, *, #765, .T. ) ;
#9004 = VECTOR ( 'NONE', #1422, 39.37007874015748143 ) ;
#9005 = ORIENTED_EDGE ( 'NONE', *, *, #5525, .T. ) ;
#9006 = FACE_OUTER_BOUND ( 'NONE', #6101, .T. ) ;
#9007 = EDGE_CURVE ( 'NONE', #6749, #8433, #10735, .T. ) ;
#9008 = CARTESIAN_POINT ( 'NONE',  ( -0.1415288464494760812, -0.09842519685039370636, 0.3562992125984252301 ) ) ;
#9009 = ORIENTED_EDGE ( 'NONE', *, *, #7987, .T. ) ;
#9010 = DIRECTION ( 'NONE',  ( 0.000000000000000000, 0.000000000000000000, 1.000000000000000000 ) ) ;
#9011 = AXIS2_PLACEMENT_3D ( 'NONE', #388, #9182, #1189 ) ;
#9012 = FACE_OUTER_BOUND ( 'NONE', #11159, .T. ) ;
#9013 = VECTOR ( 'NONE', #7996, 39.37007874015748143 ) ;
#9014 = CARTESIAN_POINT ( 'NONE',  ( 0.1078127691192519721, -0.05118110236220473758, 0.03937007874015747977 ) ) ;
#9015 = CARTESIAN_POINT ( 'NONE',  ( 0.04133847858876191911, 0.08858267716535433989, 0.02952755906100491129 ) ) ;
#9016 = ORIENTED_EDGE ( 'NONE', *, *, #1037, .T. ) ;
#9017 = DIRECTION ( 'NONE',  ( 1.000000000000000000, 0.000000000000000000, 0.000000000000000000 ) ) ;
#9018 = EDGE_LOOP ( 'NONE', ( #645, #10806, #1579, #2131 ) ) ;
#9019 = EDGE_CURVE ( 'NONE', #8633, #8815, #6364, .T. ) ;
#9020 = EDGE_CURVE ( 'NONE', #4404, #8247, #878, .T. ) ;
#9021 = ORIENTED_EDGE ( 'NONE', *, *, #11499, .T. ) ;
#9022 = ORIENTED_EDGE ( 'NONE', *, *, #10537, .F. ) ;
#9023 = VECTOR ( 'NONE', #7645, 39.37007874015748143 ) ;
#9024 = DIRECTION ( 'NONE',  ( -0.000000000000000000, -0.000000000000000000, -1.000000000000000000 ) ) ;
#9025 = CARTESIAN_POINT ( 'NONE',  ( -0.03149606299212687199, 0.06348234447479129960, 0.2362204724409449064 ) ) ;
#9026 = CARTESIAN_POINT ( 'NONE',  ( -0.1082677165354330728, 0.08464566929133858497, 0.1820866141732283561 ) ) ;
#9027 = DIRECTION ( 'NONE',  ( 1.000000000000000000, 0.000000000000000000, 0.000000000000000000 ) ) ;
#9028 = CARTESIAN_POINT ( 'NONE',  ( 0.1406663324992913355, -0.09842519685040855559, 0.2164279190585826906 ) ) ;
#9029 = CARTESIAN_POINT ( 'NONE',  ( -0.02164873709120479842, -0.09601485083876813709, 0.3289603423813660665 ) ) ;
#9030 = AXIS2_PLACEMENT_3D ( 'NONE', #8165, #1918, #136 ) ;
#9031 = CARTESIAN_POINT ( 'NONE',  ( 0.000000000000000000, 0.08464566929133858497, 0.08464566929133858497 ) ) ;
#9032 = VECTOR ( 'NONE', #899, 39.37007874015748143 ) ;
#9033 = EDGE_LOOP ( 'NONE', ( #1604, #2998, #2790, #9463, #10778, #9070, #8679, #102 ) ) ;
#9034 = EDGE_LOOP ( 'NONE', ( #8594, #4988, #9190, #3197 ) ) ;
#9035 = EDGE_CURVE ( 'NONE', #1989, #10006, #4436, .T. ) ;
#9036 = CARTESIAN_POINT ( 'NONE',  ( -0.04133841784512517353, 0.08887361640600413559, 0.02952769488984264765 ) ) ;
#9037 = VERTEX_POINT ( 'NONE', #2746 ) ;
#9038 = CARTESIAN_POINT ( 'NONE',  ( 0.03906875258294431608, 0.08858267716535433989, 0.3326884796985820070 ) ) ;
#9039 = CARTESIAN_POINT ( 'NONE',  ( -0.04448818897637794867, 0.09153543307086615954, 0.3543307086614174151 ) ) ;
#9040 = DIRECTION ( 'NONE',  ( 0.000000000000000000, -1.000000000000000000, 0.000000000000000000 ) ) ;
#9041 = DIRECTION ( 'NONE',  ( 0.000000000000000000, 0.000000000000000000, 1.000000000000000000 ) ) ;
#9042 = DIRECTION ( 'NONE',  ( 0.000000000000000000, 0.000000000000000000, 1.000000000000000000 ) ) ;
#9043 = DIRECTION ( 'NONE',  ( 0.000000000000000000, -0.7318681006979860237, 0.6814463171671870656 ) ) ;
#9044 = DIRECTION ( 'NONE',  ( -0.2275011753997955577, 0.000000000000000000, -0.9737778058631811895 ) ) ;
#9045 = FACE_OUTER_BOUND ( 'NONE', #6104, .T. ) ;
#9046 = CARTESIAN_POINT ( 'NONE',  ( -0.03149606299212598381, 0.09842519685039370636, 0.2470472440944881942 ) ) ;
#9047 = VERTEX_POINT ( 'NONE', #3676 ) ;
#9048 = VECTOR ( 'NONE', #10404, 39.37007874015748143 ) ;
#9049 = ADVANCED_FACE ( 'NONE', ( #8055, #2692 ), #7232, .T. ) ;
#9050 = ORIENTED_EDGE ( 'NONE', *, *, #249, .F. ) ;
#9051 = CARTESIAN_POINT ( 'NONE',  ( 0.1440340579562985335, -0.09842519685039369248, 0.3211730555883353100 ) ) ;
#9052 = CARTESIAN_POINT ( 'NONE',  ( -0.1427909053053550703, -0.08858267716535435377, 0.05823368374837794431 ) ) ;
#9053 = ORIENTED_EDGE ( 'NONE', *, *, #9476, .F. ) ;
#9054 = DIRECTION ( 'NONE',  ( 0.000000000000000000, 1.000000000000000000, 0.000000000000000000 ) ) ;
#9055 = PRODUCT_DEFINITION ( 'UNKNOWN', '', #10298, #6844 ) ;
#9056 = FACE_OUTER_BOUND ( 'NONE', #9800, .T. ) ;
#9057 = CARTESIAN_POINT ( 'NONE',  ( -0.04132303292562992947, 0.09887458335515747487, 0.3326771653543307283 ) ) ;
#9058 = CARTESIAN_POINT ( 'NONE',  ( 0.02557265802706693014, 0.09609652467570867218, 0.03779431719096457143 ) ) ;
#9059 = EDGE_CURVE ( 'NONE', #11466, #10859, #2857, .T. ) ;
#9060 = ADVANCED_FACE ( 'NONE', ( #1101 ), #7950, .F. ) ;
#9061 = EDGE_LOOP ( 'NONE', ( #1054, #1702, #11459, #2359 ) ) ;
#9062 = ORIENTED_EDGE ( 'NONE', *, *, #2871, .F. ) ;
#9063 = DIRECTION ( 'NONE',  ( 0.000000000000000000, 1.000000000000000000, 0.000000000000000000 ) ) ;
#9064 = ORIENTED_EDGE ( 'NONE', *, *, #4943, .T. ) ;
#9065 = DIRECTION ( 'NONE',  ( 0.000000000000000000, 1.000000000000000000, 0.000000000000000000 ) ) ;
#9066 = LINE ( 'NONE', #3591, #1854 ) ;
#9067 = CARTESIAN_POINT ( 'NONE',  ( -0.03546616197617852989, 0.1102746257933722163, 0.02990050594349046714 ) ) ;
#9068 = EDGE_CURVE ( 'NONE', #2717, #5830, #2636, .T. ) ;
#9069 = CARTESIAN_POINT ( 'NONE',  ( -0.1078127691192519721, -0.05905511811023623353, 0.03937007874015747977 ) ) ;
#9070 = ORIENTED_EDGE ( 'NONE', *, *, #8908, .F. ) ;
#9071 = VECTOR ( 'NONE', #406, 39.37007874015748143 ) ;
#9072 = LINE ( 'NONE', #5564, #6321 ) ;
#9073 = EDGE_CURVE ( 'NONE', #10553, #4603, #7999, .T. ) ;
#9074 = ORIENTED_EDGE ( 'NONE', *, *, #6093, .T. ) ;
#9075 = ORIENTED_EDGE ( 'NONE', *, *, #6455, .F. ) ;
#9076 = FACE_OUTER_BOUND ( 'NONE', #8802, .T. ) ;
#9077 = CARTESIAN_POINT ( 'NONE',  ( -0.003149606299212598815, 0.01968503937007873988, 0.2854330708661417804 ) ) ;
#9078 = DIRECTION ( 'NONE',  ( -1.000000000000000000, 0.000000000000000000, 0.000000000000000000 ) ) ;
#9079 = DIRECTION ( 'NONE',  ( 0.000000000000000000, 0.000000000000000000, 1.000000000000000000 ) ) ;
#9080 = PLANE ( 'NONE',  #6746 ) ;
#9081 = EDGE_CURVE ( 'NONE', #5682, #8522, #9809, .T. ) ;
#9082 = CARTESIAN_POINT ( 'NONE',  ( 0.1313389175165870781, -0.09842519685039370636, 0.3395385684779739788 ) ) ;
#9083 = EDGE_CURVE ( 'NONE', #6583, #1122, #6656, .T. ) ;
#9084 = DIRECTION ( 'NONE',  ( 0.000000000000000000, 1.000000000000000000, 0.000000000000000000 ) ) ;
#9085 = ORIENTED_EDGE ( 'NONE', *, *, #8429, .F. ) ;
#9086 = FACE_OUTER_BOUND ( 'NONE', #2881, .T. ) ;
#9087 = VERTEX_POINT ( 'NONE', #5657 ) ;
#9088 = ORIENTED_EDGE ( 'NONE', *, *, #1227, .T. ) ;
#9089 = LINE ( 'NONE', #1274, #2806 ) ;
#9090 = CARTESIAN_POINT ( 'NONE',  ( 0.000000000000000000, -0.09521821916964566535, 0.07677165354330708902 ) ) ;
#9091 = DIRECTION ( 'NONE',  ( -1.000000000000000000, 0.000000000000000000, 0.000000000000000000 ) ) ;
#9092 = DIRECTION ( 'NONE',  ( 0.000000000000000000, 0.000000000000000000, 1.000000000000000000 ) ) ;
#9093 = LINE ( 'NONE', #6305, #4911 ) ;
#9094 = CARTESIAN_POINT ( 'NONE',  ( -0.07283464566929134798, 0.08858267716535435377, 0.2362204724409449064 ) ) ;
#9095 = CARTESIAN_POINT ( 'NONE',  ( 0.09389763779528011167, 0.09842519685039370636, 0.1555118110236188289 ) ) ;
#9096 = CARTESIAN_POINT ( 'NONE',  ( 0.08336614173228347469, 0.09153543307086615954, 0.1407480314960629919 ) ) ;
#9097 = EDGE_CURVE ( 'NONE', #3311, #2834, #5289, .T. ) ;
#9098 = CARTESIAN_POINT ( 'NONE',  ( -0.05413385826771653642, -0.06889763779527559306, 0.4133858267716535861 ) ) ;
#9099 = ORIENTED_EDGE ( 'NONE', *, *, #2551, .F. ) ;
#9100 = CARTESIAN_POINT ( 'NONE',  ( -0.1185651836366535539, -0.06692913385826770867, 0.09842519685039370636 ) ) ;
#9101 = ORIENTED_EDGE ( 'NONE', *, *, #10294, .F. ) ;
#9102 = ORIENTED_EDGE ( 'NONE', *, *, #9829, .T. ) ;
#9103 = VECTOR ( 'NONE', #9584, 39.37007874015748143 ) ;
#9104 = DIRECTION ( 'NONE',  ( -0.000000000000000000, -0.000000000000000000, -1.000000000000000000 ) ) ;
#9105 = CARTESIAN_POINT ( 'NONE',  ( -0.1082677165354330728, 0.09842519685039370636, 0.2263779527559055260 ) ) ;
#9106 = ORIENTED_EDGE ( 'NONE', *, *, #10805, .F. ) ;
#9107 = DIRECTION ( 'NONE',  ( -1.000000000000000000, 0.000000000000000000, 0.000000000000000000 ) ) ;
#9108 = PLANE ( 'NONE',  #2145 ) ;
#9109 = ADVANCED_FACE ( 'NONE', ( #4036 ), #8081, .F. ) ;
#9110 = CARTESIAN_POINT ( 'NONE',  ( -0.1422251440816940105, -0.09842519685039370636, 0.3223955678324820218 ) ) ;
#9111 = CARTESIAN_POINT ( 'NONE',  ( 0.1181102362204724532, 0.08267716535433072833, 0.2854330708661417804 ) ) ;
#9112 = CARTESIAN_POINT ( 'NONE',  ( -0.1023622047244094613, 0.08267716535433072833, 0.3777952755905512605 ) ) ;
#9113 = EDGE_LOOP ( 'NONE', ( #237, #5697, #6373, #9181 ) ) ;
#9114 = ORIENTED_EDGE ( 'NONE', *, *, #2776, .F. ) ;
#9115 = CARTESIAN_POINT ( 'NONE',  ( 0.07283464566929134798, 0.08464566929133858497, 0.1259842519685039353 ) ) ;
#9116 = VECTOR ( 'NONE', #5508, 39.37007874015748854 ) ;
#9118 = ADVANCED_FACE ( 'NONE', ( #7592, #1225 ), #5592, .T. ) ;
#9117 = LINE ( 'NONE', #7315, #9760 ) ;
#9119 = EDGE_LOOP ( 'NONE', ( #8107, #6768, #5810, #4024 ) ) ;
#9120 = CARTESIAN_POINT ( 'NONE',  ( 0.000000000000000000, 0.08464566929133858497, 0.02952755905511811330 ) ) ;
#9121 = EDGE_CURVE ( 'NONE', #582, #7038, #10153, .T. ) ;
#9122 = DIRECTION ( 'NONE',  ( 4.467475443660034361E-15, 0.000000000000000000, -1.000000000000000000 ) ) ;
#9123 = CARTESIAN_POINT ( 'NONE',  ( -0.02557394449034362111, 0.09621127534160413275, 0.03758709700275757182 ) ) ;
#9124 = DIRECTION ( 'NONE',  ( 0.000000000000000000, 0.000000000000000000, 1.000000000000000000 ) ) ;
#9125 = AXIS2_PLACEMENT_3D ( 'NONE', #7247, #7136, #3750 ) ;
#9126 = AXIS2_PLACEMENT_3D ( 'NONE', #8658, #5850, #3172 ) ;
#9127 = ORIENTED_EDGE ( 'NONE', *, *, #5745, .F. ) ;
#9128 = DIRECTION ( 'NONE',  ( -0.000000000000000000, -1.000000000000000000, -0.000000000000000000 ) ) ;
#9129 = ORIENTED_EDGE ( 'NONE', *, *, #10126, .T. ) ;
#9130 = EDGE_LOOP ( 'NONE', ( #8831, #1548, #10953, #8978 ) ) ;
#9131 = ADVANCED_FACE ( 'NONE', ( #11145 ), #9153, .F. ) ;
#9132 = VECTOR ( 'NONE', #3010, 39.37007874015748854 ) ;
#9133 = CARTESIAN_POINT ( 'NONE',  ( -0.1082677165354330728, -0.05905511811023622659, 0.03937007874015747977 ) ) ;
#9134 = VECTOR ( 'NONE', #5250, 39.37007874015748143 ) ;
#9135 = EDGE_CURVE ( 'NONE', #6954, #10140, #1565, .T. ) ;
#9136 = CARTESIAN_POINT ( 'NONE',  ( 0.1234670654658267669, -0.09519535729074804498, 0.2165252588226772024 ) ) ;
#9137 = CARTESIAN_POINT ( 'NONE',  ( -0.1393455678156299282, -0.08858267716535435377, 0.3562992125984252301 ) ) ;
#9138 = CARTESIAN_POINT ( 'NONE',  ( 0.000000000000000000, 0.000000000000000000, 0.4527559055118110520 ) ) ;
#9139 = DIRECTION ( 'NONE',  ( -1.000000000000000000, 0.000000000000000000, 0.000000000000000000 ) ) ;
#9140 = CARTESIAN_POINT ( 'NONE',  ( 0.1082677165354331006, -0.01968503937007873988, 0.05511811023622047861 ) ) ;
#9141 = DIRECTION ( 'NONE',  ( 1.000000000000000000, 0.000000000000000000, 0.000000000000000000 ) ) ;
#9142 = VERTEX_POINT ( 'NONE', #360 ) ;
#9143 = DIRECTION ( 'NONE',  ( 0.000000000000000000, 0.000000000000000000, 1.000000000000000000 ) ) ;
#9144 = VERTEX_POINT ( 'NONE', #1161 ) ;
#9145 = AXIS2_PLACEMENT_3D ( 'NONE', #3714, #9902, #8973 ) ;
#9146 = EDGE_LOOP ( 'NONE', ( #2641, #8133, #4750, #11192, #4185, #3656, #7607, #11340 ) ) ;
#9147 = ORIENTED_EDGE ( 'NONE', *, *, #10071, .F. ) ;
#9148 = CARTESIAN_POINT ( 'NONE',  ( 0.1177543678870486832, 0.08653239427609617229, 0.3838582677165355284 ) ) ;
#9149 = EDGE_CURVE ( 'NONE', #2501, #5736, #3907, .T. ) ;
#9150 = DIRECTION ( 'NONE',  ( 1.000000000000000000, 0.000000000000000000, 0.000000000000000000 ) ) ;
#9151 = CARTESIAN_POINT ( 'NONE',  ( -0.1428063554291673642, -0.08858267716535435377, 0.1841537371050150085 ) ) ;
#9152 = LINE ( 'NONE', #5774, #2527 ) ;
#9153 = PLANE ( 'NONE',  #8655 ) ;
#9154 = VECTOR ( 'NONE', #10544, 39.37007874015748143 ) ;
#9155 = CARTESIAN_POINT ( 'NONE',  ( -0.08336614173228347469, 0.09153543307086615954, 0.1407480314960629919 ) ) ;
#9156 = CARTESIAN_POINT ( 'NONE',  ( -0.1082677165354330728, -0.05118110236220473758, 0.03149606299212599075 ) ) ;
#9157 = DIRECTION ( 'NONE',  ( -1.000000000000000000, 0.000000000000000000, 0.000000000000000000 ) ) ;
#9158 = ORIENTED_EDGE ( 'NONE', *, *, #5156, .T. ) ;
#9159 = ORIENTED_EDGE ( 'NONE', *, *, #4701, .T. ) ;
#9160 = CARTESIAN_POINT ( 'NONE',  ( 0.1223308849675590615, -0.09120914394409450343, 0.2165409724622441578 ) ) ;
#9161 = ORIENTED_EDGE ( 'NONE', *, *, #8654, .F. ) ;
#9162 = VECTOR ( 'NONE', #9877, 39.37007874015748143 ) ;
#9163 = EDGE_CURVE ( 'NONE', #3336, #4987, #5865, .T. ) ;
#9164 = DIRECTION ( 'NONE',  ( -1.000000000000000000, 0.000000000000000000, 0.000000000000000000 ) ) ;
#9165 = EDGE_CURVE ( 'NONE', #4352, #2807, #10030, .T. ) ;
#9166 = FACE_OUTER_BOUND ( 'NONE', #8381, .T. ) ;
#9167 = ORIENTED_EDGE ( 'NONE', *, *, #11425, .F. ) ;
#9168 = CARTESIAN_POINT ( 'NONE',  ( 0.1313389175166503331, -0.09350393700787401619, 0.3297527701046804038 ) ) ;
#9169 = CARTESIAN_POINT ( 'NONE',  ( -0.07283464566929134798, 0.08858267716535435377, 0.1102362204724409434 ) ) ;
#9170 = CARTESIAN_POINT ( 'NONE',  ( -0.1428063554291732484, -0.08858267716535435377, 0.1841537371049999927 ) ) ;
#9171 = DIRECTION ( 'NONE',  ( 0.000000000000000000, 0.5495924523878056300, 0.8354329035167082917 ) ) ;
#9172 = CARTESIAN_POINT ( 'NONE',  ( 0.02718756890900787468, 0.09354847659724409292, 0.03419218962182678234 ) ) ;
#9173 = VERTEX_POINT ( 'NONE', #2034 ) ;
#9174 = CARTESIAN_POINT ( 'NONE',  ( -0.02661417322834646118, 0.03967634165175137201, 0.3944881889763720006 ) ) ;
#9175 = ORIENTED_EDGE ( 'NONE', *, *, #5681, .T. ) ;
#9176 = ORIENTED_EDGE ( 'NONE', *, *, #7099, .F. ) ;
#9177 = CARTESIAN_POINT ( 'NONE',  ( -0.1078210773329134065, -0.05905511811023623353, 0.1653543307086614567 ) ) ;
#9178 = EDGE_CURVE ( 'NONE', #11378, #3284, #3038, .T. ) ;
#9179 = AXIS2_PLACEMENT_3D ( 'NONE', #4721, #8297, #5666 ) ;
#9180 = CARTESIAN_POINT ( 'NONE',  ( 0.1023622047244094613, 0.08858267716535435377, 0.3838582677165355284 ) ) ;
#9181 = ORIENTED_EDGE ( 'NONE', *, *, #9019, .T. ) ;
#9182 = DIRECTION ( 'NONE',  ( 1.000000000000000000, -0.000000000000000000, 1.224646799147353207E-16 ) ) ;
#9183 = DIRECTION ( 'NONE',  ( 1.000000000000000000, 0.000000000000000000, 0.000000000000000000 ) ) ;
#9184 = CARTESIAN_POINT ( 'NONE',  ( -0.02554063463402485995, 0.09589893041822947217, 0.03814052354686920526 ) ) ;
#9185 = LINE ( 'NONE', #10239, #2060 ) ;
#9186 = VECTOR ( 'NONE', #3671, 39.37007874015748143 ) ;
#9187 = VERTEX_POINT ( 'NONE', #6595 ) ;
#9188 = PLANE ( 'NONE',  #6697 ) ;
#9189 = VERTEX_POINT ( 'NONE', #483 ) ;
#9190 = ORIENTED_EDGE ( 'NONE', *, *, #2652, .T. ) ;
#9191 = EDGE_CURVE ( 'NONE', #5961, #3737, #10344, .T. ) ;
#9192 = EDGE_LOOP ( 'NONE', ( #4143, #4453, #883, #326 ) ) ;
#9193 = CIRCLE ( 'NONE', #7904, 0.007874015748031482076 ) ;
#9194 = LINE ( 'NONE', #3833, #3639 ) ;
#9195 = DIRECTION ( 'NONE',  ( 0.000000000000000000, 0.000000000000000000, -1.000000000000000000 ) ) ;
#9196 = FACE_OUTER_BOUND ( 'NONE', #2772, .T. ) ;
#9197 = DIRECTION ( 'NONE',  ( 1.000000000000000000, 0.000000000000000000, 0.000000000000000000 ) ) ;
#9198 = CARTESIAN_POINT ( 'NONE',  ( 0.03149606299212992511, 0.07534629536877952838, 0.4330708661417322913 ) ) ;
#9199 = CARTESIAN_POINT ( 'NONE',  ( 0.1250000000000000000, 0.009842519685039369942, 0.2125984251968504046 ) ) ;
#9200 = PLANE ( 'NONE',  #7693 ) ;
#9201 = EDGE_CURVE ( 'NONE', #11174, #1582, #6535, .T. ) ;
#9202 = VERTEX_POINT ( 'NONE', #2975 ) ;
#9203 = CARTESIAN_POINT ( 'NONE',  ( 0.06482784625098425568, 0.09842519685039370636, 0.2019488096425197110 ) ) ;
#9204 = VECTOR ( 'NONE', #3106, 39.37007874015748143 ) ;
#9205 = ORIENTED_EDGE ( 'NONE', *, *, #6, .T. ) ;
#9206 = AXIS2_PLACEMENT_3D ( 'NONE', #7244, #10798, #2811 ) ;
#9207 = ORIENTED_EDGE ( 'NONE', *, *, #8229, .F. ) ;
#9208 = CARTESIAN_POINT ( 'NONE',  ( 0.1181102362204724532, 0.08267716535433072833, 0.2854330708661417804 ) ) ;
#9209 = EDGE_CURVE ( 'NONE', #8299, #6907, #7529, .T. ) ;
#9210 = ORIENTED_EDGE ( 'NONE', *, *, #9711, .F. ) ;
#9211 = CARTESIAN_POINT ( 'NONE',  ( 0.03297197725683221475, 0.08848102209566444110, 0.3350381537088427120 ) ) ;
#9212 = DIRECTION ( 'NONE',  ( 0.000000000000000000, -1.000000000000000000, 0.000000000000000000 ) ) ;
#9213 = CARTESIAN_POINT ( 'NONE',  ( -0.1082677165354330728, -0.01771653543307086937, 0.3307086614173229133 ) ) ;
#9214 = VECTOR ( 'NONE', #3510, 39.37007874015748143 ) ;
#9215 = DIRECTION ( 'NONE',  ( 0.000000000000000000, -0.7318681006977934000, 0.6814463171673939001 ) ) ;
#9216 = CARTESIAN_POINT ( 'NONE',  ( -0.1181102362204724532, -0.05905511811023622659, 0.1003937007874015630 ) ) ;
#9217 = VECTOR ( 'NONE', #3442, 39.37007874015748143 ) ;
#9218 = CARTESIAN_POINT ( 'NONE',  ( 0.1142751950326495181, -0.09406982806775622541, 0.3562992125984252856 ) ) ;
#9219 = CARTESIAN_POINT ( 'NONE',  ( -0.1177416708717188010, 0.08666141960326625981, 0.3838582677165355284 ) ) ;
#9220 = EDGE_CURVE ( 'NONE', #2336, #9327, #2216, .T. ) ;
#9221 = ORIENTED_EDGE ( 'NONE', *, *, #3063, .F. ) ;
#9222 = DIRECTION ( 'NONE',  ( 1.000000000000000000, 0.000000000000000000, 0.000000000000000000 ) ) ;
#9223 = AXIS2_PLACEMENT_3D ( 'NONE', #8239, #2874, #3749 ) ;
#9224 = VECTOR ( 'NONE', #10756, 39.37007874015748143 ) ;
#9225 = ORIENTED_EDGE ( 'NONE', *, *, #5525, .F. ) ;
#9226 = DIRECTION ( 'NONE',  ( 0.000000000000000000, 0.000000000000000000, 1.000000000000000000 ) ) ;
#9227 = DIRECTION ( 'NONE',  ( 0.000000000000000000, 1.000000000000000000, 0.000000000000000000 ) ) ;
#9228 = B_SPLINE_CURVE_WITH_KNOTS ( 'NONE', 3,
 ( #9595, #3414, #3360, #1478, #5097, #4348, #5212, #6915, #734, #8673 ),
 .UNSPECIFIED., .F., .F.,
 ( 4, 2, 2, 2, 4 ),
 ( 0.000000000000000000, 7.081829219674521888E-05, 0.0001416365843934904378, 0.0002832731687869802792, 0.0005665463375739604500 ),
 .UNSPECIFIED. ) ;
#9229 = VERTEX_POINT ( 'NONE', #6712 ) ;
#9230 = DIRECTION ( 'NONE',  ( 0.000000000000000000, 0.000000000000000000, -1.000000000000000000 ) ) ;
#9231 = DIRECTION ( 'NONE',  ( 0.000000000000000000, -1.000000000000000000, 0.000000000000000000 ) ) ;
#9232 = CARTESIAN_POINT ( 'NONE',  ( -0.06482784625098425568, 0.09350393700787401619, 0.07596455767401574799 ) ) ;
#9233 = VECTOR ( 'NONE', #9490, 39.37007874015748143 ) ;
#9234 = CARTESIAN_POINT ( 'NONE',  ( 0.04133858267716536417, 0.08858267716535435377, 0.3326771653543307283 ) ) ;
#9235 = CARTESIAN_POINT ( 'NONE',  ( 0.02761905685731496501, 0.09518937740791338920, 0.03316283275318110402 ) ) ;
#9236 = EDGE_CURVE ( 'NONE', #6004, #8428, #10271, .T. ) ;
#9237 = EDGE_LOOP ( 'NONE', ( #7113, #501, #10713, #5581 ) ) ;
#9238 = EDGE_CURVE ( 'NONE', #2388, #10052, #11316, .T. ) ;
#9239 = DIRECTION ( 'NONE',  ( 0.000000000000000000, 0.000000000000000000, -1.000000000000000000 ) ) ;
#9240 = EDGE_LOOP ( 'NONE', ( #5119, #6341, #4225, #11208 ) ) ;
#9241 = ORIENTED_EDGE ( 'NONE', *, *, #5456, .T. ) ;
#9242 = FACE_BOUND ( 'NONE', #2548, .T. ) ;
#9243 = VECTOR ( 'NONE', #724, 39.37007874015748143 ) ;
#9244 = CARTESIAN_POINT ( 'NONE',  ( 0.1039726524408576963, 0.08858267716535435377, 0.3838582677165354173 ) ) ;
#9245 = VERTEX_POINT ( 'NONE', #3389 ) ;
#9246 = CARTESIAN_POINT ( 'NONE',  ( -0.1082677165354331006, 0.08464566929133858497, 0.2381889763779527491 ) ) ;
#9247 = LINE ( 'NONE', #3130, #7450 ) ;
#9248 = CARTESIAN_POINT ( 'NONE',  ( -0.02789308946570888403, 0.09644846844774340733, 0.03250728988334027764 ) ) ;
#9249 = ADVANCED_FACE ( 'NONE', ( #1515 ), #536, .F. ) ;
#9250 = CYLINDRICAL_SURFACE ( 'NONE', #11207, 0.005905511811023654925 ) ;
#9251 = LINE ( 'NONE', #9307, #2953 ) ;
#9252 = CARTESIAN_POINT ( 'NONE',  ( -1.707404996040164512E-17, -1.280553747030123384E-17, -0.09055118110236216877 ) ) ;
#9253 = ORIENTED_EDGE ( 'NONE', *, *, #4809, .T. ) ;
#9254 = ORIENTED_EDGE ( 'NONE', *, *, #2843, .F. ) ;
#9255 = CARTESIAN_POINT ( 'NONE',  ( 0.1415288464494965648, -0.08858267716535433989, 0.3129921259842624037 ) ) ;
#9256 = DIRECTION ( 'NONE',  ( 0.000000000000000000, 1.000000000000000000, 0.000000000000000000 ) ) ;
#9257 = CARTESIAN_POINT ( 'NONE',  ( 0.000000000000000000, 0.08464566929133858497, 0.1122047244094488277 ) ) ;
#9258 = CARTESIAN_POINT ( 'NONE',  ( 0.1082677165354330728, -0.05118110236220473758, 0.1023622047244094752 ) ) ;
#9259 = DIRECTION ( 'NONE',  ( 0.000000000000000000, 0.000000000000000000, -1.000000000000000000 ) ) ;
#9260 = FACE_OUTER_BOUND ( 'NONE', #11395, .T. ) ;
#9261 = ADVANCED_FACE ( 'NONE', ( #4087 ), #595, .F. ) ;
#9262 = DIRECTION ( 'NONE',  ( 0.000000000000000000, 0.000000000000000000, -1.000000000000000000 ) ) ;
#9263 = EDGE_LOOP ( 'NONE', ( #5371, #2609, #9328, #3846 ) ) ;
#9264 = ORIENTED_EDGE ( 'NONE', *, *, #7381, .T. ) ;
#9265 = DIRECTION ( 'NONE',  ( 0.000000000000000000, 0.000000000000000000, -1.000000000000000000 ) ) ;
#9266 = ORIENTED_EDGE ( 'NONE', *, *, #11122, .F. ) ;
#9267 = LINE ( 'NONE', #9460, #2451 ) ;
#9268 = ORIENTED_EDGE ( 'NONE', *, *, #1862, .F. ) ;
#9269 = ORIENTED_EDGE ( 'NONE', *, *, #6009, .T. ) ;
#9270 = CARTESIAN_POINT ( 'NONE',  ( 0.1159100914769044949, 0.09084012491993719018, 0.3838582677165355284 ) ) ;
#9271 = AXIS2_PLACEMENT_3D ( 'NONE', #2019, #5758, #3776 ) ;
#9272 = CARTESIAN_POINT ( 'NONE',  ( -0.09020818297157325028, -0.03937007874015747977, 0.02952755905512006659 ) ) ;
#9273 = CYLINDRICAL_SURFACE ( 'NONE', #9406, 0.02165354330708662081 ) ;
#9274 = ADVANCED_FACE ( 'NONE', ( #8529 ), #5008, .F. ) ;
#9275 = CARTESIAN_POINT ( 'NONE',  ( -0.06102362204724411099, 0.000000000000000000, 0.4556692913385826382 ) ) ;
#9276 = DIRECTION ( 'NONE',  ( 1.000000000000000000, 0.000000000000000000, 0.000000000000000000 ) ) ;
#9277 = DIRECTION ( 'NONE',  ( 0.000000000000000000, -1.000000000000000000, 0.000000000000000000 ) ) ;
#9278 = LINE ( 'NONE', #1281, #7403 ) ;
#9279 = EDGE_CURVE ( 'NONE', #3540, #5148, #2517, .T. ) ;
#9280 = ORIENTED_EDGE ( 'NONE', *, *, #11475, .F. ) ;
#9281 = DIRECTION ( 'NONE',  ( 0.000000000000000000, 0.4285714285733245865, -0.9035079029043519006 ) ) ;
#9282 = ORIENTED_EDGE ( 'NONE', *, *, #3486, .F. ) ;
#9283 = LINE ( 'NONE', #2104, #9370 ) ;
#9284 = CARTESIAN_POINT ( 'NONE',  ( 0.1370726364729134006, -0.09350393700787401619, 0.1880287373064961076 ) ) ;
#9285 = ADVANCED_FACE ( 'NONE', ( #7648 ), #10444, .T. ) ;
#9286 = VERTEX_POINT ( 'NONE', #11262 ) ;
#9287 = FACE_OUTER_BOUND ( 'NONE', #4233, .T. ) ;
#9288 = DIRECTION ( 'NONE',  ( 0.000000000000000000, 1.000000000000000000, 0.000000000000000000 ) ) ;
#9289 = DIRECTION ( 'NONE',  ( 0.000000000000000000, 1.000000000000000000, 0.000000000000000000 ) ) ;
#9290 = ADVANCED_FACE ( 'NONE', ( #2399 ), #7767, .T. ) ;
#9291 = CARTESIAN_POINT ( 'NONE',  ( -0.1436235256777519953, -0.09842519685039372024, 0.3145413734480559942 ) ) ;
#9292 = CARTESIAN_POINT ( 'NONE',  ( 0.03356228939736613515, 0.09764664844374019992, 0.02889130684250395056 ) ) ;
#9293 = CARTESIAN_POINT ( 'NONE',  ( 0.1082677165354330728, 0.08464566929133858497, 0.1122047244094488277 ) ) ;
#9294 = B_SPLINE_CURVE_WITH_KNOTS ( 'NONE', 3,
 ( #4975, #11224, #3241, #6791, #11287, #3302 ),
 .UNSPECIFIED., .F., .F.,
 ( 4, 2, 4 ),
 ( 0.000000000000000000, 0.5000000000000000000, 1.000000000000000000 ),
 .UNSPECIFIED. ) ;
#9295 = VERTEX_POINT ( 'NONE', #8751 ) ;
#9296 = ORIENTED_EDGE ( 'NONE', *, *, #9333, .T. ) ;
#9297 = DIRECTION ( 'NONE',  ( 0.000000000000000000, 1.000000000000000000, 0.000000000000000000 ) ) ;
#9298 = CARTESIAN_POINT ( 'NONE',  ( -0.09704724409448818589, 0.02362204724409448786, 0.2362204724409449064 ) ) ;
#9299 = EDGE_CURVE ( 'NONE', #10870, #9708, #2455, .T. ) ;
#9300 = EDGE_CURVE ( 'NONE', #2896, #3091, #6125, .T. ) ;
#9301 = ORIENTED_EDGE ( 'NONE', *, *, #8378, .F. ) ;
#9302 = CARTESIAN_POINT ( 'NONE',  ( -0.1250000000000000000, -0.01968503937007873988, 0.08661417322834646937 ) ) ;
#9303 = VECTOR ( 'NONE', #7278, 39.37007874015748143 ) ;
#9304 = CARTESIAN_POINT ( 'NONE',  ( -0.07322834645669720754, 0.09842519685039370636, 0.2381889763779512226 ) ) ;
#9305 = CARTESIAN_POINT ( 'NONE',  ( -0.02552914475563230687, 0.09501105892676389719, 0.03945292055486994409 ) ) ;
#9306 = DIRECTION ( 'NONE',  ( 0.000000000000000000, 1.000000000000000000, 0.000000000000000000 ) ) ;
#9307 = CARTESIAN_POINT ( 'NONE',  ( 0.07086614173228347746, 0.09350393700787401619, 0.003937007874015747977 ) ) ;
#9308 = CARTESIAN_POINT ( 'NONE',  ( 0.000000000000000000, 0.000000000000000000, 0.3029921271622834644 ) ) ;
#9309 = VECTOR ( 'NONE', #10315, 39.37007874015748143 ) ;
#9310 = VECTOR ( 'NONE', #5199, 39.37007874015748143 ) ;
#9311 = ORIENTED_EDGE ( 'NONE', *, *, #4781, .F. ) ;
#9312 = EDGE_LOOP ( 'NONE', ( #2614, #5500, #425, #3703 ) ) ;
#9313 = EDGE_CURVE ( 'NONE', #6003, #3783, #1400, .T. ) ;
#9314 = EDGE_CURVE ( 'NONE', #8030, #9389, #9565, .T. ) ;
#9315 = DIRECTION ( 'NONE',  ( -1.000000000000000000, 0.000000000000000000, 0.000000000000000000 ) ) ;
#9316 = CARTESIAN_POINT ( 'NONE',  ( -0.1082677165354330728, -0.08070866141732283006, 0.3129921259842520231 ) ) ;
#9317 = DIRECTION ( 'NONE',  ( 1.000000000000000000, 0.000000000000000000, 0.000000000000000000 ) ) ;
#9318 = PLANE ( 'NONE',  #224 ) ;
#9319 = VECTOR ( 'NONE', #1308, 39.37007874015748143 ) ;
#9320 = FACE_OUTER_BOUND ( 'NONE', #8200, .T. ) ;
#9321 = PLANE ( 'NONE',  #2618 ) ;
#9322 = CARTESIAN_POINT ( 'NONE',  ( 0.08174471612098425932, 0.09842519685039370636, 0.1407480314960629919 ) ) ;
#9323 = ORIENTED_EDGE ( 'NONE', *, *, #10878, .T. ) ;
#9324 = EDGE_LOOP ( 'NONE', ( #8023, #8507, #2390, #3670, #6808, #3757, #133, #2300 ) ) ;
#9325 = CARTESIAN_POINT ( 'NONE',  ( 0.09594951366374016022, -0.004724409448818898440, 0.08661417322834646937 ) ) ;
#9326 = VERTEX_POINT ( 'NONE', #2513 ) ;
#9327 = VERTEX_POINT ( 'NONE', #6945 ) ;
#9328 = ORIENTED_EDGE ( 'NONE', *, *, #2064, .F. ) ;
#9329 = VECTOR ( 'NONE', #11157, 39.37007874015748143 ) ;
#9330 = CARTESIAN_POINT ( 'NONE',  ( 0.1027559055118110187, 0.02362204724409448786, 0.1574803149606299191 ) ) ;
#9331 = VECTOR ( 'NONE', #6416, 39.37007874015748143 ) ;
#9332 = FACE_OUTER_BOUND ( 'NONE', #9369, .T. ) ;
#9333 = EDGE_CURVE ( 'NONE', #1149, #2866, #10333, .T. ) ;
#9334 = CARTESIAN_POINT ( 'NONE',  ( -0.02165833399816501775, -0.09601268649329071370, 0.1040738540484624775 ) ) ;
#9335 = CARTESIAN_POINT ( 'NONE',  ( 0.02559055118110236532, 0.04114075883099759662, 0.3765801041682739769 ) ) ;
#9336 = DIRECTION ( 'NONE',  ( 0.000000000000000000, 0.000000000000000000, 1.000000000000000000 ) ) ;
#9337 = CARTESIAN_POINT ( 'NONE',  ( 0.000000000000000000, -0.09842519685039370636, 0.02952755905512992329 ) ) ;
#9338 = CARTESIAN_POINT ( 'NONE',  ( -9.845580169165354500E-15, 0.06778246372590553126, 0.05146518875334647053 ) ) ;
#9339 = VECTOR ( 'NONE', #4657, 39.37007874015748143 ) ;
#9340 = ORIENTED_EDGE ( 'NONE', *, *, #7718, .F. ) ;
#9341 = AXIS2_PLACEMENT_3D ( 'NONE', #4636, #9027, #2677 ) ;
#9342 = CARTESIAN_POINT ( 'NONE',  ( 0.02559055118110236879, 0.05694600674917324468, 0.1032652947977559382 ) ) ;
#9343 = ORIENTED_EDGE ( 'NONE', *, *, #2589, .T. ) ;
#9344 = FACE_OUTER_BOUND ( 'NONE', #9386, .T. ) ;
#9345 = EDGE_CURVE ( 'NONE', #5428, #11332, #10502, .T. ) ;
#9346 = VECTOR ( 'NONE', #1684, 39.37007874015748143 ) ;
#9347 = CARTESIAN_POINT ( 'NONE',  ( 0.01133147030765539742, -0.09785374651725546602, 0.3539373228988098585 ) ) ;
#9348 = CYLINDRICAL_SURFACE ( 'NONE', #11090, 0.01574803149606296415 ) ;
#9349 = CARTESIAN_POINT ( 'NONE',  ( 0.05682104683267196615, 0.09842519685039370636, 0.1676771468440788893 ) ) ;
#9350 = CARTESIAN_POINT ( 'NONE',  ( 0.000000000000000000, 0.000000000000000000, -0.09842519685254211281 ) ) ;
#9351 = LINE ( 'NONE', #3119, #10808 ) ;
#9352 = EDGE_LOOP ( 'NONE', ( #10022, #4283, #1606, #10419 ) ) ;
#9353 = CARTESIAN_POINT ( 'NONE',  ( -0.02559055118110236879, 0.07443004459219401681, 0.04527559052507874882 ) ) ;
#9354 = AXIS2_PLACEMENT_3D ( 'NONE', #7863, #2554, #5883 ) ;
#9355 = EDGE_CURVE ( 'NONE', #3882, #6908, #6587, .T. ) ;
#9356 = ORIENTED_EDGE ( 'NONE', *, *, #6522, .T. ) ;
#9357 = ORIENTED_EDGE ( 'NONE', *, *, #1942, .T. ) ;
#9358 = CARTESIAN_POINT ( 'NONE',  ( -0.09594951366374016022, -0.004724409448818898440, 0.2125984251968504046 ) ) ;
#9359 = EDGE_CURVE ( 'NONE', #9443, #162, #1454, .T. ) ;
#9360 = CARTESIAN_POINT ( 'NONE',  ( 0.1082677165354330728, -0.06692913385826770867, 0.05118110236220473758 ) ) ;
#9361 = ORIENTED_EDGE ( 'NONE', *, *, #7785, .F. ) ;
#9362 = AXIS2_PLACEMENT_3D ( 'NONE', #2682, #3502, #7052 ) ;
#9363 = DIRECTION ( 'NONE',  ( 1.453678890483372537E-16, 0.000000000000000000, 1.000000000000000000 ) ) ;
#9364 = CARTESIAN_POINT ( 'NONE',  ( -0.05748031496062992740, 0.08464566929133858497, 0.3543307086614174151 ) ) ;
#9365 = CARTESIAN_POINT ( 'NONE',  ( -0.02554239916773513863, 0.09336496607768367262, 0.04126638324221806181 ) ) ;
#9366 = FACE_OUTER_BOUND ( 'NONE', #5073, .T. ) ;
#9367 = EDGE_CURVE ( 'NONE', #4352, #86, #6998, .T. ) ;
#9368 = ORIENTED_EDGE ( 'NONE', *, *, #452, .F. ) ;
#9369 = EDGE_LOOP ( 'NONE', ( #354, #2316, #3684, #5617 ) ) ;
#9370 = VECTOR ( 'NONE', #9164, 39.37007874015748143 ) ;
#9371 = ORIENTED_EDGE ( 'NONE', *, *, #3300, .T. ) ;
#9372 = VERTEX_POINT ( 'NONE', #7161 ) ;
#9373 = CARTESIAN_POINT ( 'NONE',  ( -0.1181102362204724532, -0.05905511811023622659, 0.1023622047244094752 ) ) ;
#9374 = CARTESIAN_POINT ( 'NONE',  ( -0.1181102362204724532, 0.05905511811023622659, 0.3523622047244094890 ) ) ;
#9375 = CARTESIAN_POINT ( 'NONE',  ( 0.1003937007874015630, 0.08070866141732283006, 0.03149606299212598381 ) ) ;
#9376 = AXIS2_PLACEMENT_3D ( 'NONE', #4382, #2633, #1856 ) ;
#9377 = DIRECTION ( 'NONE',  ( 0.000000000000000000, 0.000000000000000000, -1.000000000000000000 ) ) ;
#9378 = PLANE ( 'NONE',  #4245 ) ;
#9379 = DIRECTION ( 'NONE',  ( 0.000000000000000000, 0.000000000000000000, 1.000000000000000000 ) ) ;
#9380 = CARTESIAN_POINT ( 'NONE',  ( -0.1023622047244094613, 0.08858267716535435377, 0.3346456692913385988 ) ) ;
#9381 = EDGE_LOOP ( 'NONE', ( #5413, #4869, #4443, #5286 ) ) ;
#9382 = EDGE_CURVE ( 'NONE', #5331, #1776, #5297, .T. ) ;
#9383 = VERTEX_POINT ( 'NONE', #10665 ) ;
#9384 = CARTESIAN_POINT ( 'NONE',  ( 0.1023622047244094613, 0.09842519685039372024, 0.3838582677165355284 ) ) ;
#9385 = EDGE_CURVE ( 'NONE', #89, #10674, #6239, .T. ) ;
#9386 = EDGE_LOOP ( 'NONE', ( #4793, #9446, #3897, #7553 ) ) ;
#9387 = VERTEX_POINT ( 'NONE', #814 ) ;
#9388 = ORIENTED_EDGE ( 'NONE', *, *, #6989, .T. ) ;
#9389 = VERTEX_POINT ( 'NONE', #7984 ) ;
#9390 = VECTOR ( 'NONE', #4796, 39.37007874015748143 ) ;
#9391 = CARTESIAN_POINT ( 'NONE',  ( 0.1406663324992913355, -0.08858267716535435377, 0.2126060625815354432 ) ) ;
#9392 = DIRECTION ( 'NONE',  ( 0.000000000000000000, 0.000000000000000000, -1.000000000000000000 ) ) ;
#9393 = LINE ( 'NONE', #10500, #7739 ) ;
#9394 = FACE_BOUND ( 'NONE', #2179, .T. ) ;
#9395 = DIRECTION ( 'NONE',  ( -1.000000000000000000, 1.776356839400250465E-15, 0.000000000000000000 ) ) ;
#9396 = LINE ( 'NONE', #7409, #3393 ) ;
#9397 = CARTESIAN_POINT ( 'NONE',  ( 0.1082677165354330728, -0.03937007874015747977, 0.2263779527559055260 ) ) ;
#9398 = AXIS2_PLACEMENT_3D ( 'NONE', #10058, #1248, #8316 ) ;
#9399 = VECTOR ( 'NONE', #1586, 39.37007874015748143 ) ;
#9400 = VERTEX_POINT ( 'NONE', #9678 ) ;
#9401 = EDGE_CURVE ( 'NONE', #11238, #5335, #5349, .T. ) ;
#9402 = DIRECTION ( 'NONE',  ( 0.000000000000000000, 0.000000000000000000, 1.000000000000000000 ) ) ;
#9403 = VERTEX_POINT ( 'NONE', #5401 ) ;
#9404 = FACE_BOUND ( 'NONE', #4885, .T. ) ;
#9405 = AXIS2_PLACEMENT_3D ( 'NONE', #8643, #4208, #3220 ) ;
#9406 = AXIS2_PLACEMENT_3D ( 'NONE', #2916, #4768, #10963 ) ;
#9407 = DIRECTION ( 'NONE',  ( 0.000000000000000000, 1.000000000000000000, 0.000000000000000000 ) ) ;
#9408 = LINE ( 'NONE', #1174, #6065 ) ;
#9409 = FACE_OUTER_BOUND ( 'NONE', #7504, .T. ) ;
#9410 = DIRECTION ( 'NONE',  ( 0.000000000000000000, 0.000000000000000000, 1.000000000000000000 ) ) ;
#9411 = PLANE ( 'NONE',  #9705 ) ;
#9412 = EDGE_CURVE ( 'NONE', #9286, #1719, #2676, .T. ) ;
#9413 = CARTESIAN_POINT ( 'NONE',  ( 0.03682175278869196516, 0.09842519685026181187, 0.3326989406497040669 ) ) ;
#9414 = TOROIDAL_SURFACE ( 'NONE', #1200, 0.01377952755905503465, 0.007874015748031551465 ) ;
#9415 = AXIS2_PLACEMENT_3D ( 'NONE', #2194, #3888, #8204 ) ;
#9416 = VERTEX_POINT ( 'NONE', #9733 ) ;
#9417 = ORIENTED_EDGE ( 'NONE', *, *, #7427, .F. ) ;
#9418 = CARTESIAN_POINT ( 'NONE',  ( -0.1164130221040915458, 0.09089742769705956571, 0.2854330708661417249 ) ) ;
#9419 = CARTESIAN_POINT ( 'NONE',  ( -0.1082677165354330728, -0.02362204724409448092, 0.05314960629921260116 ) ) ;
#9420 = EDGE_LOOP ( 'NONE', ( #1108, #2205, #7871, #10157 ) ) ;
#9421 = DIRECTION ( 'NONE',  ( 1.000000000000000000, 0.000000000000000000, 0.000000000000000000 ) ) ;
#9422 = EDGE_CURVE ( 'NONE', #11522, #8780, #8971, .T. ) ;
#9423 = DIRECTION ( 'NONE',  ( 0.000000000000000000, 0.000000000000000000, 1.000000000000000000 ) ) ;
#9424 = CARTESIAN_POINT ( 'NONE',  ( 0.03149606299212205640, 0.09842519685039370636, 0.1200787401574803098 ) ) ;
#9425 = ADVANCED_FACE ( 'NONE', ( #1795 ), #6184, .F. ) ;
#9426 = DIRECTION ( 'NONE',  ( -1.000000000000000000, 0.000000000000000000, 0.000000000000000000 ) ) ;
#9427 = VERTEX_POINT ( 'NONE', #10722 ) ;
#9428 = AXIS2_PLACEMENT_3D ( 'NONE', #9979, #7124, #9863 ) ;
#9429 = EDGE_LOOP ( 'NONE', ( #6651, #2372, #6191, #7709 ) ) ;
#9430 = ORIENTED_EDGE ( 'NONE', *, *, #4001, .T. ) ;
#9431 = ORIENTED_EDGE ( 'NONE', *, *, #9135, .F. ) ;
#9432 = DIRECTION ( 'NONE',  ( -1.000000000000000000, 0.000000000000000000, 0.000000000000000000 ) ) ;
#9433 = EDGE_CURVE ( 'NONE', #10660, #4213, #6053, .T. ) ;
#9434 = DIRECTION ( 'NONE',  ( -0.5807246816275540846, 0.000000000000000000, 0.8141000209732068837 ) ) ;
#9435 = DIRECTION ( 'NONE',  ( 0.000000000000000000, 0.000000000000000000, -1.000000000000000000 ) ) ;
#9436 = MANIFOLD_SOLID_BREP ( '200-1-solid1', #3152 ) ;
#9437 = PLANE ( 'NONE',  #1885 ) ;
#9438 = PERSON_AND_ORGANIZATION ( #2389, #10845 ) ;
#9439 = LINE ( 'NONE', #6694, #5398 ) ;
#9440 = DIRECTION ( 'NONE',  ( -1.000000000000000000, 0.000000000000000000, 0.000000000000000000 ) ) ;
#9441 = EDGE_CURVE ( 'NONE', #6313, #221, #2780, .T. ) ;
#9442 = ORIENTED_EDGE ( 'NONE', *, *, #9904, .F. ) ;
#9443 = VERTEX_POINT ( 'NONE', #3498 ) ;
#9444 = CARTESIAN_POINT ( 'NONE',  ( 0.02559055160832911235, 0.08887361740895331763, 0.03605070992171281047 ) ) ;
#9445 = ORIENTED_EDGE ( 'NONE', *, *, #1673, .F. ) ;
#9446 = ORIENTED_EDGE ( 'NONE', *, *, #5245, .T. ) ;
#9447 = ORIENTED_EDGE ( 'NONE', *, *, #8086, .F. ) ;
#9448 = ORIENTED_EDGE ( 'NONE', *, *, #7227, .T. ) ;
#9449 = PLANE ( 'NONE',  #3559 ) ;
#9450 = CARTESIAN_POINT ( 'NONE',  ( 0.08336614173228347469, 0.09842519685039370636, 0.01476377952755905665 ) ) ;
#9451 = DIRECTION ( 'NONE',  ( 0.000000000000000000, 0.000000000000000000, 1.000000000000000000 ) ) ;
#9452 = EDGE_CURVE ( 'NONE', #9768, #4092, #2731, .T. ) ;
#9453 = EDGE_CURVE ( 'NONE', #8815, #8720, #3550, .T. ) ;
#9454 = DIRECTION ( 'NONE',  ( 1.000000000000000000, 0.000000000000000000, 0.000000000000000000 ) ) ;
#9455 = CARTESIAN_POINT ( 'NONE',  ( 0.1101770824163559592, -0.08995645655287988485, 0.3129921259842520787 ) ) ;
#9456 = CARTESIAN_POINT ( 'NONE',  ( 0.1131889763779527630, -0.05905511811023622659, 0.2244094488188976555 ) ) ;
#9457 = PLANE ( 'NONE',  #884 ) ;
#9458 = ORIENTED_EDGE ( 'NONE', *, *, #8229, .T. ) ;
#9459 = ORIENTED_EDGE ( 'NONE', *, *, #369, .T. ) ;
#9460 = CARTESIAN_POINT ( 'NONE',  ( 0.1422251440816535428, -0.08858267716535435377, 0.3468957707501969523 ) ) ;
#9461 = VECTOR ( 'NONE', #6521, 39.37007874015748143 ) ;
#9462 = FACE_BOUND ( 'NONE', #7083, .T. ) ;
#9463 = ORIENTED_EDGE ( 'NONE', *, *, #101, .T. ) ;
#9464 = CARTESIAN_POINT ( 'NONE',  ( 0.1417322834645669549, -0.004724409448818898440, 0.2125984251968504046 ) ) ;
#9465 = DIRECTION ( 'NONE',  ( 0.000000000000000000, 0.000000000000000000, -1.000000000000000000 ) ) ;
#9466 = EDGE_CURVE ( 'NONE', #6874, #6314, #8097, .T. ) ;
#9467 = CARTESIAN_POINT ( 'NONE',  ( -0.1082677165354330728, 0.03937007874015484299, 0.05511811023622047861 ) ) ;
#9468 = CARTESIAN_POINT ( 'NONE',  ( 0.1313389175166518597, -0.09842519685040364286, 0.1919037375079931940 ) ) ;
#9469 = LINE ( 'NONE', #8883, #3546 ) ;
#9470 = ORIENTED_EDGE ( 'NONE', *, *, #6107, .T. ) ;
#9471 = DIRECTION ( 'NONE',  ( -0.000000000000000000, -1.000000000000000000, -0.000000000000000000 ) ) ;
#9472 = EDGE_LOOP ( 'NONE', ( #11180, #3196, #3151, #7906, #6177, #4105, #6558, #6924 ) ) ;
#9473 = ORIENTED_EDGE ( 'NONE', *, *, #631, .T. ) ;
#9474 = CARTESIAN_POINT ( 'NONE',  ( -0.1082677165354330728, -0.08070866141732283006, 0.07086614173228347746 ) ) ;
#9475 = CARTESIAN_POINT ( 'NONE',  ( 0.1238066421755118218, -0.09842519685039370636, 0.3562992125984252301 ) ) ;
#9476 = EDGE_CURVE ( 'NONE', #5451, #7735, #1900, .T. ) ;
#9477 = ORIENTED_EDGE ( 'NONE', *, *, #10957, .T. ) ;
#9478 = CARTESIAN_POINT ( 'NONE',  ( -0.1250000000000000000, 0.009842519685039369942, 0.2125984251968504046 ) ) ;
#9479 = DIRECTION ( 'NONE',  ( 0.000000000000000000, 0.000000000000000000, 1.000000000000000000 ) ) ;
#9480 = AXIS2_PLACEMENT_3D ( 'NONE', #1358, #4050, #7487 ) ;
#9481 = LINE ( 'NONE', #5928, #10635 ) ;
#9482 = APPROVAL ( #7690, 'UNSPECIFIED' ) ;
#9483 = ORIENTED_EDGE ( 'NONE', *, *, #892, .F. ) ;
#9484 = EDGE_CURVE ( 'NONE', #2792, #8543, #7832, .T. ) ;
#9485 = ORIENTED_EDGE ( 'NONE', *, *, #7212, .F. ) ;
#9486 = ORIENTED_EDGE ( 'NONE', *, *, #3696, .F. ) ;
#9487 = AXIS2_PLACEMENT_3D ( 'NONE', #8031, #4362, #55 ) ;
#9488 = EDGE_CURVE ( 'NONE', #2820, #5445, #6291, .T. ) ;
#9489 = CARTESIAN_POINT ( 'NONE',  ( -0.1082677165354330728, 0.000000000000000000, 0.4527559055118110520 ) ) ;
#9490 = DIRECTION ( 'NONE',  ( -1.000000000000000000, 0.000000000000000000, 0.000000000000000000 ) ) ;
#9491 = CARTESIAN_POINT ( 'NONE',  ( -0.1417322834645669549, -0.004724409448818895838, 0.3188976377952755792 ) ) ;
#9492 = FACE_OUTER_BOUND ( 'NONE', #1610, .T. ) ;
#9493 = DIRECTION ( 'NONE',  ( 0.000000000000000000, 1.000000000000000000, 0.000000000000000000 ) ) ;
#9494 = LINE ( 'NONE', #5053, #3582 ) ;
#9495 = ORIENTED_EDGE ( 'NONE', *, *, #3149, .F. ) ;
#9496 = AXIS2_PLACEMENT_3D ( 'NONE', #9308, #11120, #3944 ) ;
#9497 = EDGE_LOOP ( 'NONE', ( #8648, #11190, #3267, #5151 ) ) ;
#9498 = DIRECTION ( 'NONE',  ( -1.000000000000000000, 0.000000000000000000, 0.000000000000000000 ) ) ;
#9499 = EDGE_LOOP ( 'NONE', ( #8859, #1835, #7245, #6487 ) ) ;
#9500 = EDGE_CURVE ( 'NONE', #234, #2866, #4582, .T. ) ;
#9501 = ORIENTED_EDGE ( 'NONE', *, *, #6821, .T. ) ;
#9502 = ORIENTED_EDGE ( 'NONE', *, *, #5405, .T. ) ;
#9503 = ORIENTED_EDGE ( 'NONE', *, *, #7674, .F. ) ;
#9504 = DIRECTION ( 'NONE',  ( -1.000000000000000000, 0.000000000000000000, 0.000000000000000000 ) ) ;
#9505 = LINE ( 'NONE', #2452, #2310 ) ;
#9506 = ADVANCED_FACE ( 'NONE', ( #7271 ), #10829, .T. ) ;
#9507 = VECTOR ( 'NONE', #6044, 39.37007874015748143 ) ;
#9508 = CYLINDRICAL_SURFACE ( 'NONE', #6606, 0.04578276980082676695 ) ;
#9509 = VECTOR ( 'NONE', #3505, 39.37007874015748143 ) ;
#9510 = CARTESIAN_POINT ( 'NONE',  ( 0.02547467103805512584, 0.09294957760980317174, 0.04196713585318898043 ) ) ;
#9511 = CARTESIAN_POINT ( 'NONE',  ( 0.04007957045173861366, 0.09788275540699972743, 0.02952755829703998178 ) ) ;
#9512 = FACE_OUTER_BOUND ( 'NONE', #1406, .T. ) ;
#9513 = CARTESIAN_POINT ( 'NONE',  ( 0.1003937007874015630, 0.08070866141732283006, 0.1118110236220472564 ) ) ;
#9514 = CARTESIAN_POINT ( 'NONE',  ( 0.1082677165354330728, 0.000000000000000000, 0.09055118110236221041 ) ) ;
#9515 = ORIENTED_EDGE ( 'NONE', *, *, #7129, .F. ) ;
#9516 = EDGE_LOOP ( 'NONE', ( #5728, #714, #1896, #8938 ) ) ;
#9517 = CIRCLE ( 'NONE', #8205, 0.007874015748031499423 ) ;
#9518 = FACE_OUTER_BOUND ( 'NONE', #11290, .T. ) ;
#9519 = ORIENTED_EDGE ( 'NONE', *, *, #2176, .T. ) ;
#9520 = DIRECTION ( 'NONE',  ( 0.000000000000000000, -0.8354329035163753359, 0.5495924523883115587 ) ) ;
#9521 = DIRECTION ( 'NONE',  ( 0.000000000000000000, 0.000000000000000000, -1.000000000000000000 ) ) ;
#9522 = DIRECTION ( 'NONE',  ( 0.000000000000000000, 1.000000000000000000, 0.000000000000000000 ) ) ;
#9523 = VECTOR ( 'NONE', #8933, 39.37007874015748143 ) ;
#9524 = DIRECTION ( 'NONE',  ( -0.3363363969981561508, 0.000000000000000000, -0.9417419115948373332 ) ) ;
#9525 = VECTOR ( 'NONE', #2495, 39.37007874015748143 ) ;
#9526 = CARTESIAN_POINT ( 'NONE',  ( -0.1181102362204724532, -0.05905511811023622659, 0.3346456692913385988 ) ) ;
#9527 = FACE_OUTER_BOUND ( 'NONE', #8876, .T. ) ;
#9528 = ORIENTED_EDGE ( 'NONE', *, *, #5711, .F. ) ;
#9529 = CYLINDRICAL_SURFACE ( 'NONE', #2963, 0.003856965870551185352 ) ;
#9530 = EDGE_CURVE ( 'NONE', #6907, #6153, #7562, .T. ) ;
#9531 = EDGE_CURVE ( 'NONE', #9591, #2758, #1961, .T. ) ;
#9532 = ORIENTED_EDGE ( 'NONE', *, *, #10405, .F. ) ;
#9533 = ORIENTED_EDGE ( 'NONE', *, *, #11044, .T. ) ;
#9534 = VECTOR ( 'NONE', #9259, 39.37007874015748143 ) ;
#9535 = CARTESIAN_POINT ( 'NONE',  ( -0.02559055118110236879, 0.08700858506059055975, 0.3484251968503936925 ) ) ;
#9536 = CARTESIAN_POINT ( 'NONE',  ( 0.1082677165354330728, -0.06692913385826770867, 0.09842519685039370636 ) ) ;
#9537 = EDGE_LOOP ( 'NONE', ( #6795, #5661, #9688, #4170 ) ) ;
#9538 = FACE_OUTER_BOUND ( 'NONE', #10749, .T. ) ;
#9539 = PLANE ( 'NONE',  #2823 ) ;
#9540 = AXIS2_PLACEMENT_3D ( 'NONE', #3262, #8623, #3373 ) ;
#9541 = ADVANCED_FACE ( 'NONE', ( #1143 ), #8207, .T. ) ;
#9542 = ORIENTED_EDGE ( 'NONE', *, *, #3122, .F. ) ;
#9543 = VERTEX_POINT ( 'NONE', #9137 ) ;
#9544 = ORIENTED_EDGE ( 'NONE', *, *, #6443, .F. ) ;
#9545 = VECTOR ( 'NONE', #9084, 39.37007874015748143 ) ;
#9546 = FACE_OUTER_BOUND ( 'NONE', #8518, .T. ) ;
#9547 = CARTESIAN_POINT ( 'NONE',  ( -0.06318897637795277411, 0.09842519685039370636, 0.2106299212598425064 ) ) ;
#9548 = PLANE ( 'NONE',  #10816 ) ;
#9549 = CARTESIAN_POINT ( 'NONE',  ( -0.1003937007874015630, 0.08070866141732283006, 0.2377952755905511917 ) ) ;
#9550 =( CONVERSION_BASED_UNIT ( 'INCH', #1557 ) LENGTH_UNIT ( ) NAMED_UNIT ( #5427 ) );
#9551 = DIRECTION ( 'NONE',  ( 0.000000000000000000, 0.000000000000000000, 1.000000000000000000 ) ) ;
#9552 = VECTOR ( 'NONE', #6560, 39.37007874015748143 ) ;
#9553 = EDGE_LOOP ( 'NONE', ( #72, #7053, #5633, #7433 ) ) ;
#9554 = ORIENTED_EDGE ( 'NONE', *, *, #5925, .T. ) ;
#9555 = CARTESIAN_POINT ( 'NONE',  ( 0.1417322834645669549, -0.004724409448818898440, 0.1811023622047244208 ) ) ;
#9556 = EDGE_CURVE ( 'NONE', #4110, #54, #7509, .T. ) ;
#9557 = EDGE_LOOP ( 'NONE', ( #9368, #4061, #7684, #7783 ) ) ;
#9558 = ORIENTED_EDGE ( 'NONE', *, *, #196, .T. ) ;
#9559 = EDGE_LOOP ( 'NONE', ( #527, #1907, #3876, #4686 ) ) ;
#9560 = DIRECTION ( 'NONE',  ( 0.000000000000000000, 0.000000000000000000, 1.000000000000000000 ) ) ;
#9561 = CARTESIAN_POINT ( 'NONE',  ( -0.1181102362204724532, -0.05118110236220473758, 0.1653543307086614567 ) ) ;
#9562 = VECTOR ( 'NONE', #8709, 39.37007874015748143 ) ;
#9563 = DIRECTION ( 'NONE',  ( 1.000000000000000000, 0.000000000000000000, 0.000000000000000000 ) ) ;
#9564 = CARTESIAN_POINT ( 'NONE',  ( -0.1082677165354330728, -0.08070866141732283006, 0.3562992125984252301 ) ) ;
#9565 = LINE ( 'NONE', #9511, #9953 ) ;
#9566 = DIRECTION ( 'NONE',  ( 1.000000000000000000, 0.000000000000000000, 0.000000000000000000 ) ) ;
#9567 = EDGE_CURVE ( 'NONE', #8171, #257, #10013, .T. ) ;
#9568 = PLANE ( 'NONE',  #10751 ) ;
#9569 = LINE ( 'NONE', #4376, #4150 ) ;
#9570 = ORIENTED_EDGE ( 'NONE', *, *, #2421, .F. ) ;
#9571 = EDGE_CURVE ( 'NONE', #7316, #5682, #6232, .T. ) ;
#9572 = EDGE_LOOP ( 'NONE', ( #5308, #6618, #9570, #9159 ) ) ;
#9573 = VECTOR ( 'NONE', #10055, 39.37007874015748143 ) ;
#9574 = VERTEX_POINT ( 'NONE', #2015 ) ;
#9575 = PLANE ( 'NONE',  #6033 ) ;
#9576 = CARTESIAN_POINT ( 'NONE',  ( -0.1244494698206299321, -0.09842519685039370636, 0.09055118110236221041 ) ) ;
#9577 = CIRCLE ( 'NONE', #8474, 0.01574803149606299191 ) ;
#9578 = CARTESIAN_POINT ( 'NONE',  ( -0.1082677165354330728, 0.05905511811023622659, 0.07086614173228347746 ) ) ;
#9579 = LINE ( 'NONE', #6842, #10991 ) ;
#9580 = EDGE_CURVE ( 'NONE', #11234, #10140, #6515, .T. ) ;
#9581 = CARTESIAN_POINT ( 'NONE',  ( -0.1059055118110236310, 0.02362204724409448786, 0.1574803149606299191 ) ) ;
#9582 = DIRECTION ( 'NONE',  ( 1.000000000000000000, 0.000000000000000000, 0.000000000000000000 ) ) ;
#9583 = EDGE_LOOP ( 'NONE', ( #2557, #2832, #8010, #5089 ) ) ;
#9584 = DIRECTION ( 'NONE',  ( 0.8285309289384978904, 0.000000000000000000, -0.5599433005156053689 ) ) ;
#9585 = AXIS2_PLACEMENT_3D ( 'NONE', #3890, #7447, #11010 ) ;
#9586 = EDGE_LOOP ( 'NONE', ( #2022, #10969, #8004, #5512, #3097, #6704, #9485, #5606 ) ) ;
#9587 = AXIS2_PLACEMENT_3D ( 'NONE', #2213, #2159, #7346 ) ;
#9588 = ORIENTED_EDGE ( 'NONE', *, *, #5874, .T. ) ;
#9589 = LINE ( 'NONE', #8609, #803 ) ;
#9590 = DIRECTION ( 'NONE',  ( 0.000000000000000000, 0.000000000000000000, -1.000000000000000000 ) ) ;
#9591 = VERTEX_POINT ( 'NONE', #8266 ) ;
#9592 = EDGE_CURVE ( 'NONE', #8076, #661, #4002, .T. ) ;
#9593 = ADVANCED_FACE ( 'NONE', ( #9196 ), #1205, .F. ) ;
#9594 = CIRCLE ( 'NONE', #4931, 0.007874015748031482076 ) ;
#9595 = CARTESIAN_POINT ( 'NONE',  ( 0.02559055034911773482, 0.09340858812917152143, 0.04105305495531192533 ) ) ;
#9596 = VECTOR ( 'NONE', #4371, 39.37007874015748143 ) ;
#9597 = CARTESIAN_POINT ( 'NONE',  ( 0.02559055112849212624, 0.07448961251688976382, 0.05866861494129921306 ) ) ;
#9598 = VERTEX_POINT ( 'NONE', #8329 ) ;
#9599 = DIRECTION ( 'NONE',  ( 0.000000000000000000, 0.000000000000000000, -1.000000000000000000 ) ) ;
#9600 = ORIENTED_EDGE ( 'NONE', *, *, #667, .F. ) ;
#9601 = CIRCLE ( 'NONE', #7754, 0.007874015748031482076 ) ;
#9602 = ORIENTED_EDGE ( 'NONE', *, *, #9019, .F. ) ;
#9603 = VECTOR ( 'NONE', #9750, 39.37007874015748143 ) ;
#9604 = ORIENTED_EDGE ( 'NONE', *, *, #6145, .T. ) ;
#9605 = CARTESIAN_POINT ( 'NONE',  ( 0.1082677165354330728, 0.09842519685039370636, 0.2263779527559055260 ) ) ;
#9606 = ADVANCED_FACE ( 'NONE', ( #345 ), #3084, .F. ) ;
#9607 = LINE ( 'NONE', #7800, #7370 ) ;
#9608 = CARTESIAN_POINT ( 'NONE',  ( -0.02742673486641881292, 0.09754363747817446084, 0.1636077726205295568 ) ) ;
#9609 = FACE_OUTER_BOUND ( 'NONE', #4866, .T. ) ;
#9610 = APPROVAL_DATE_TIME ( #1496, #5483 ) ;
#9611 = CARTESIAN_POINT ( 'NONE',  ( -0.09704724409448818589, 0.02362204724409448786, 0.1102362204724409434 ) ) ;
#9612 = AXIS2_PLACEMENT_3D ( 'NONE', #3118, #9289, #547 ) ;
#9613 = ORIENTED_EDGE ( 'NONE', *, *, #11309, .F. ) ;
#9614 = ORIENTED_EDGE ( 'NONE', *, *, #4523, .T. ) ;
#9615 = CARTESIAN_POINT ( 'NONE',  ( -0.1181102362204724532, -0.05905511811023622659, 0.03937007874015747977 ) ) ;
#9616 = VERTEX_POINT ( 'NONE', #10134 ) ;
#9617 = ORIENTED_EDGE ( 'NONE', *, *, #2765, .T. ) ;
#9618 = ORIENTED_EDGE ( 'NONE', *, *, #11510, .F. ) ;
#9619 = DIRECTION ( 'NONE',  ( 0.7071052813952098948, 8.659542195208322579E-17, -0.7071082809747040177 ) ) ;
#9620 = CARTESIAN_POINT ( 'NONE',  ( -0.1259842519685039353, -0.08070866141732283006, 0.3571653543307087286 ) ) ;
#9621 = LINE ( 'NONE', #11200, #1585 ) ;
#9622 = EDGE_CURVE ( 'NONE', #5248, #9831, #4812, .T. ) ;
#9623 = CARTESIAN_POINT ( 'NONE',  ( 0.04303773614645669404, 0.09139200980653543194, 0.02959935200043306916 ) ) ;
#9624 = CARTESIAN_POINT ( 'NONE',  ( 0.1082677165354331006, -0.08534683954761614066, 0.3129921259842520231 ) ) ;
#9625 = CARTESIAN_POINT ( 'NONE',  ( -0.05682104683267790585, 0.09888014426657480704, 0.04169289487555102175 ) ) ;
#9626 = B_SPLINE_CURVE_WITH_KNOTS ( 'NONE', 3,
 ( #877, #7998, #25, #6257, #1807, #243, #11091, #9335, #7528, #8404, #10152, #10270, #7407, #2974, #2160 ),
 .UNSPECIFIED., .F., .F.,
 ( 4, 2, 2, 2, 1, 2, 2, 4 ),
 ( 0.000000000000000000, 0.2499999999999988343, 0.3749999999999982236, 0.4999999999999976685, 0.6249999999999971134, 0.6874999999999970024, 0.7499999999999968914, 1.000000000000000000 ),
 .UNSPECIFIED. ) ;
#9627 = CARTESIAN_POINT ( 'NONE',  ( 0.1082677165354331006, 0.09842519685039370636, 0.1122047244094488277 ) ) ;
#9628 = FACE_OUTER_BOUND ( 'NONE', #11002, .T. ) ;
#9629 = VERTEX_POINT ( 'NONE', #10193 ) ;
#9630 = VERTEX_POINT ( 'NONE', #3951 ) ;
#9631 = DIRECTION ( 'NONE',  ( 0.000000000000000000, 0.000000000000000000, 1.000000000000000000 ) ) ;
#9632 = CARTESIAN_POINT ( 'NONE',  ( 0.1122384656495275523, -0.09418142458551181928, 0.2165358261970078690 ) ) ;
#9633 = ORIENTED_EDGE ( 'NONE', *, *, #10852, .F. ) ;
#9634 = EDGE_CURVE ( 'NONE', #7172, #7197, #3066, .T. ) ;
#9635 = LINE ( 'NONE', #5195, #8257 ) ;
#9636 = CARTESIAN_POINT ( 'NONE',  ( 0.1417322834645669549, -0.01220472440944881873, 0.3346456692913385988 ) ) ;
#9637 = EDGE_CURVE ( 'NONE', #703, #8307, #8300, .T. ) ;
#9638 = CYLINDRICAL_SURFACE ( 'NONE', #1584, 0.005142621160748004315 ) ;
#9639 = CARTESIAN_POINT ( 'NONE',  ( 0.05212029237376865354, 0.09842519685039370636, 0.3365493539170387738 ) ) ;
#9640 = DIRECTION ( 'NONE',  ( 0.000000000000000000, -1.000000000000000000, 0.000000000000000000 ) ) ;
#9641 = B_SPLINE_CURVE_WITH_KNOTS ( 'NONE', 3,
 ( #168, #7270, #6238, #1030, #969, #2621, #3604, #9791, #2837, #3497, #6183, #9732, #6345, #8865, #1899, #9844, #8913, #7105, #9899, #3659, #1837, #7215 ),
 .UNSPECIFIED., .F., .F.,
 ( 4, 2, 2, 2, 2, 2, 2, 2, 2, 2, 4 ),
 ( 0.006219119749282428153, 0.1304417297806221288, 0.2546643398119617929, 0.3788869498433014571, 0.5031095598746412323, 0.6273321699059809520, 0.7515547799373205606, 0.8136660849529904205, 0.8757773899686602803, 0.9378886949843301402, 1.000000000000000000 ),
 .UNSPECIFIED. ) ;
#9642 = CARTESIAN_POINT ( 'NONE',  ( 0.1059055118110236310, 0.09842519685039370636, 0.03149606299212598381 ) ) ;
#9643 = CARTESIAN_POINT ( 'NONE',  ( 0.000000000000000000, 0.09842519685039370636, 0.4035433070866141780 ) ) ;
#9644 = ORIENTED_EDGE ( 'NONE', *, *, #3883, .T. ) ;
#9645 = CARTESIAN_POINT ( 'NONE',  ( 0.1417322834645669549, -0.01968503937007873988, 0.1811023622047244208 ) ) ;
#9646 = ORIENTED_EDGE ( 'NONE', *, *, #528, .T. ) ;
#9647 = EDGE_LOOP ( 'NONE', ( #1761, #6095, #8789, #2763, #2813, #1869 ) ) ;
#9648 = EDGE_CURVE ( 'NONE', #889, #8705, #7539, .T. ) ;
#9649 = FACE_OUTER_BOUND ( 'NONE', #1317, .T. ) ;
#9650 = CARTESIAN_POINT ( 'NONE',  ( 0.1259842519685039353, -0.08858267716535433989, 0.2173228346456692883 ) ) ;
#9651 = ORIENTED_EDGE ( 'NONE', *, *, #6145, .F. ) ;
#9652 = EDGE_CURVE ( 'NONE', #8632, #5649, #6665, .T. ) ;
#9653 = CARTESIAN_POINT ( 'NONE',  ( -0.1189588432786628930, -0.08481879258868725568, 0.3129921259842520787 ) ) ;
#9654 = CARTESIAN_POINT ( 'NONE',  ( -0.1393455678156299282, -0.09842519685039370636, 0.3129921259842520231 ) ) ;
#9655 = ORIENTED_EDGE ( 'NONE', *, *, #6216, .T. ) ;
#9656 = CARTESIAN_POINT ( 'NONE',  ( 0.000000000000000000, 0.04527559055118110520, 0.2256302287515748461 ) ) ;
#9657 = EDGE_CURVE ( 'NONE', #2328, #4432, #4967, .T. ) ;
#9658 = VERTEX_POINT ( 'NONE', #3171 ) ;
#9659 = ORIENTED_EDGE ( 'NONE', *, *, #9531, .F. ) ;
#9660 = FACE_OUTER_BOUND ( 'NONE', #1290, .T. ) ;
#9661 = CARTESIAN_POINT ( 'NONE',  ( 0.1218711358562040437, -0.08773002285422162871, 0.2165367702771847092 ) ) ;
#9662 = LINE ( 'NONE', #8685, #8028 ) ;
#9663 = LINE ( 'NONE', #2437, #8976 ) ;
#9664 = APPROVAL_STATUS ( 'not_yet_approved' ) ;
#9665 = CARTESIAN_POINT ( 'NONE',  ( 0.000000000000000000, 0.08858267716535435377, 0.1555118110651968755 ) ) ;
#9666 = ORIENTED_EDGE ( 'NONE', *, *, #882, .T. ) ;
#9667 = CARTESIAN_POINT ( 'NONE',  ( 0.03717671792457508811, 0.09651742006453449541, 0.02952755235597231964 ) ) ;
#9668 = VERTEX_POINT ( 'NONE', #2171 ) ;
#9669 = ADVANCED_FACE ( 'NONE', ( #10285 ), #9348, .F. ) ;
#9670 = VECTOR ( 'NONE', #1469, 39.37007874015748143 ) ;
#9671 = EDGE_CURVE ( 'NONE', #1781, #10919, #3368, .T. ) ;
#9672 = ORIENTED_EDGE ( 'NONE', *, *, #10697, .F. ) ;
#9673 = VERTEX_POINT ( 'NONE', #5671 ) ;
#9674 = LINE ( 'NONE', #8804, #10265 ) ;
#9675 = DIRECTION ( 'NONE',  ( 0.000000000000000000, 0.000000000000000000, -1.000000000000000000 ) ) ;
#9676 = LINE ( 'NONE', #1680, #9596 ) ;
#9677 = CARTESIAN_POINT ( 'NONE',  ( -0.09055118110236221041, 0.02362204724409448786, 0.1574803149606299191 ) ) ;
#9678 = CARTESIAN_POINT ( 'NONE',  ( 0.1082677165354330728, -0.06692913385826770867, 0.1771653543307087075 ) ) ;
#9679 = DIRECTION ( 'NONE',  ( -1.000000000000000000, 0.000000000000000000, 0.000000000000000000 ) ) ;
#9680 = AXIS2_PLACEMENT_3D ( 'NONE', #3843, #5580, #2642 ) ;
#9681 = CARTESIAN_POINT ( 'NONE',  ( -0.1370726364729134006, -0.09350393700787401619, 0.1880287373064961076 ) ) ;
#9682 = PLANE ( 'NONE',  #9362 ) ;
#9683 = ORIENTED_EDGE ( 'NONE', *, *, #3110, .T. ) ;
#9684 = ORIENTED_EDGE ( 'NONE', *, *, #5074, .F. ) ;
#9685 = CARTESIAN_POINT ( 'NONE',  ( -0.1259842519685039353, -0.08070866141732283006, 0.1763801030361417665 ) ) ;
#9686 = EDGE_CURVE ( 'NONE', #3290, #2490, #546, .T. ) ;
#9687 = LINE ( 'NONE', #5307, #8012 ) ;
#9688 = ORIENTED_EDGE ( 'NONE', *, *, #8443, .F. ) ;
#9689 = CIRCLE ( 'NONE', #3911, 0.02559055118110237920 ) ;
#9690 = AXIS2_PLACEMENT_3D ( 'NONE', #7481, #4727, #5672 ) ;
#9691 = CARTESIAN_POINT ( 'NONE',  ( -0.1346456692913385877, -0.08858267716535435377, 0.1967966366946456713 ) ) ;
#9692 = LINE ( 'NONE', #4385, #8287 ) ;
#9693 = LINE ( 'NONE', #2410, #7745 ) ;
#9694 = DIRECTION ( 'NONE',  ( 0.000000000000000000, 1.000000000000000000, 0.000000000000000000 ) ) ;
#9695 = CARTESIAN_POINT ( 'NONE',  ( 0.09842519685039370636, 0.1007874015748031621, 0.4330708661417322913 ) ) ;
#9696 = DIRECTION ( 'NONE',  ( 0.000000000000000000, 0.000000000000000000, -1.000000000000000000 ) ) ;
#9697 = DIRECTION ( 'NONE',  ( -1.000000000000000000, 0.000000000000000000, 0.000000000000000000 ) ) ;
#9698 = ORIENTED_EDGE ( 'NONE', *, *, #702, .F. ) ;
#9699 = AXIS2_PLACEMENT_3D ( 'NONE', #9100, #2042, #8477 ) ;
#9700 = LINE ( 'NONE', #1704, #906 ) ;
#9701 = EDGE_CURVE ( 'NONE', #1969, #4290, #7659, .T. ) ;
#9702 = ORIENTED_EDGE ( 'NONE', *, *, #5178, .F. ) ;
#9703 = EDGE_LOOP ( 'NONE', ( #474, #7375, #5960, #1448 ) ) ;
#9704 = LINE ( 'NONE', #7075, #1728 ) ;
#9705 = AXIS2_PLACEMENT_3D ( 'NONE', #1416, #8542, #3235 ) ;
#9706 = DIRECTION ( 'NONE',  ( 0.000000000000000000, 0.000000000000000000, 1.000000000000000000 ) ) ;
#9707 = VECTOR ( 'NONE', #9826, 39.37007874015748143 ) ;
#9708 = VERTEX_POINT ( 'NONE', #2292 ) ;
#9709 = DIRECTION ( 'NONE',  ( 0.000000000000000000, 0.000000000000000000, -1.000000000000000000 ) ) ;
#9710 = CARTESIAN_POINT ( 'NONE',  ( 0.02545511050283464499, 0.09466476969897635874, 0.04007907018673226990 ) ) ;
#9711 = EDGE_CURVE ( 'NONE', #5543, #9189, #9408, .T. ) ;
#9712 = VECTOR ( 'NONE', #4411, 39.37007874015748143 ) ;
#9713 = ADVANCED_FACE ( 'NONE', ( #6488 ), #11154, .T. ) ;
#9714 = ORIENTED_EDGE ( 'NONE', *, *, #11158, .T. ) ;
#9715 = ORIENTED_EDGE ( 'NONE', *, *, #8473, .F. ) ;
#9716 = VERTEX_POINT ( 'NONE', #8357 ) ;
#9717 = CARTESIAN_POINT ( 'NONE',  ( 0.1082677165354330728, -0.05118110236220473758, 0.1102362204724409572 ) ) ;
#9718 = CARTESIAN_POINT ( 'NONE',  ( -0.1181102362204724532, -0.05905511811023622659, 0.1653543307086614567 ) ) ;
#9719 = DIRECTION ( 'NONE',  ( 1.000000000000000000, 0.000000000000000000, 0.000000000000000000 ) ) ;
#9720 = EDGE_CURVE ( 'NONE', #3167, #9427, #3631, .T. ) ;
#9721 = FACE_OUTER_BOUND ( 'NONE', #1371, .T. ) ;
#9722 = ORIENTED_EDGE ( 'NONE', *, *, #393, .T. ) ;
#9723 = CARTESIAN_POINT ( 'NONE',  ( 0.05413385826771653642, -0.06889763779527559306, 0.02952755905511811330 ) ) ;
#9724 = VERTEX_POINT ( 'NONE', #1291 ) ;
#9725 = VECTOR ( 'NONE', #2402, 39.37007874015748143 ) ;
#9726 = EDGE_LOOP ( 'NONE', ( #8829, #8127, #850, #10350, #9532, #7622 ) ) ;
#9727 = VERTEX_POINT ( 'NONE', #7480 ) ;
#9728 = CARTESIAN_POINT ( 'NONE',  ( 0.02661417322834646118, 0.05905511811023622659, 0.2170084889991732435 ) ) ;
#9729 = DIRECTION ( 'NONE',  ( -0.2275011753997955577, 0.000000000000000000, 0.9737778058631811895 ) ) ;
#9730 = LINE ( 'NONE', #10718, #9217 ) ;
#9731 = LOCAL_TIME ( 21, 5, 28.00000000000000000, #2380 ) ;
#9732 = CARTESIAN_POINT ( 'NONE',  ( 0.003816797469934639191, 0.09158298814009754873, -0.09842518975264212544 ) ) ;
#9733 = CARTESIAN_POINT ( 'NONE',  ( 0.1181102362204724671, -0.05905511811023623353, 0.2854330708661417804 ) ) ;
#9734 = VECTOR ( 'NONE', #11, 39.37007874015748143 ) ;
#9735 = CARTESIAN_POINT ( 'NONE',  ( 0.000000000000000000, 0.04607261923494826439, 0.1972738534830127399 ) ) ;
#9736 = ADVANCED_FACE ( 'NONE', ( #433 ), #11103, .F. ) ;
#9737 = FACE_OUTER_BOUND ( 'NONE', #3456, .T. ) ;
#9738 = ADVANCED_FACE ( 'NONE', ( #7421, #10977, #2987 ), #4903, .T. ) ;
#9739 = CARTESIAN_POINT ( 'NONE',  ( 0.02559055118110236879, 0.07443004456416028869, 0.04527559055118110520 ) ) ;
#9740 = ORIENTED_EDGE ( 'NONE', *, *, #11345, .F. ) ;
#9741 = VERTEX_POINT ( 'NONE', #8418 ) ;
#9742 = CARTESIAN_POINT ( 'NONE',  ( -0.1082677165354330728, 0.03937007874015747977, 0.2263779527559055260 ) ) ;
#9743 = ORIENTED_EDGE ( 'NONE', *, *, #11451, .F. ) ;
#9744 = DIRECTION ( 'NONE',  ( 0.000000000000000000, 0.000000000000000000, -1.000000000000000000 ) ) ;
#9745 = ORIENTED_EDGE ( 'NONE', *, *, #8625, .F. ) ;
#9746 = VECTOR ( 'NONE', #10633, 39.37007874015748143 ) ;
#9747 = DIRECTION ( 'NONE',  ( -1.000000000000000000, 0.000000000000000000, 0.000000000000000000 ) ) ;
#9748 = CARTESIAN_POINT ( 'NONE',  ( 0.07873982347860858377, 9.642847278850561217E-18, -0.09842519685254211281 ) ) ;
#9749 = PLANE ( 'NONE',  #5877 ) ;
#9750 = DIRECTION ( 'NONE',  ( 0.000000000000000000, -1.000000000000000000, 0.000000000000000000 ) ) ;
#9751 = CARTESIAN_POINT ( 'NONE',  ( 0.1082677165354330728, 0.01968503937007873988, 0.2854330708661417804 ) ) ;
#9752 = DIRECTION ( 'NONE',  ( 0.000000000000000000, -1.000000000000000000, 0.000000000000000000 ) ) ;
#9753 = ADVANCED_FACE ( 'NONE', ( #9287 ), #11041, .T. ) ;
#9754 = CARTESIAN_POINT ( 'NONE',  ( 0.1406312231058267637, -0.08858267716535435377, 0.05503806823275591426 ) ) ;
#9755 = AXIS2_PLACEMENT_3D ( 'NONE', #6839, #4218, #7776 ) ;
#9756 = ORIENTED_EDGE ( 'NONE', *, *, #5271, .F. ) ;
#9757 = CARTESIAN_POINT ( 'NONE',  ( -0.02559055118110236879, 0.06509274518409448318, 0.07649364125444883811 ) ) ;
#9758 = ORIENTED_EDGE ( 'NONE', *, *, #10589, .T. ) ;
#9759 = FACE_OUTER_BOUND ( 'NONE', #9381, .T. ) ;
#9760 = VECTOR ( 'NONE', #7045, 39.37007874015748143 ) ;
#9761 = LINE ( 'NONE', #3634, #5291 ) ;
#9762 = ORIENTED_EDGE ( 'NONE', *, *, #8886, .F. ) ;
#9763 = EDGE_CURVE ( 'NONE', #10859, #8815, #10572, .T. ) ;
#9764 = CARTESIAN_POINT ( 'NONE',  ( -0.1131889763779527630, -0.01771653543307086937, 0.3169291338582677642 ) ) ;
#9765 = CARTESIAN_POINT ( 'NONE',  ( 0.02548569428123229064, 0.09321545917696850980, 0.04163490059031496604 ) ) ;
#9766 = CIRCLE ( 'NONE', #9946, 0.09842519685039370636 ) ;
#9767 = VERTEX_POINT ( 'NONE', #7778 ) ;
#9768 = VERTEX_POINT ( 'NONE', #8597 ) ;
#9769 = ADVANCED_FACE ( 'NONE', ( #10346 ), #3277, .F. ) ;
#9770 = PLANE ( 'NONE',  #8983 ) ;
#9771 = ORIENTED_EDGE ( 'NONE', *, *, #8146, .F. ) ;
#9772 = EDGE_CURVE ( 'NONE', #1387, #10538, #9783, .T. ) ;
#9773 = ORIENTED_EDGE ( 'NONE', *, *, #3822, .T. ) ;
#9774 = AXIS2_PLACEMENT_3D ( 'NONE', #10389, #7817, #652 ) ;
#9775 = VECTOR ( 'NONE', #9807, 39.37007874015748143 ) ;
#9776 = DIRECTION ( 'NONE',  ( 0.000000000000000000, 1.000000000000000000, 0.000000000000000000 ) ) ;
#9777 = EDGE_CURVE ( 'NONE', #5798, #8356, #1640, .T. ) ;
#9778 = CARTESIAN_POINT ( 'NONE',  ( -0.1181102362204724254, -0.08285592503925580388, 0.3562992125984252856 ) ) ;
#9779 = CARTESIAN_POINT ( 'NONE',  ( -0.07086614173228338032, 0.09842519685039370636, 0.003937007874015802621 ) ) ;
#9780 = LINE ( 'NONE', #9069, #5987 ) ;
#9781 = VERTEX_POINT ( 'NONE', #827 ) ;
#9782 = FACE_OUTER_BOUND ( 'NONE', #10962, .T. ) ;
#9783 = CIRCLE ( 'NONE', #291, 0.007874015748031482076 ) ;
#9784 = AXIS2_PLACEMENT_3D ( 'NONE', #4580, #8145, #167 ) ;
#9785 = ORIENTED_EDGE ( 'NONE', *, *, #9836, .F. ) ;
#9786 = ORIENTED_EDGE ( 'NONE', *, *, #3791, .F. ) ;
#9787 = EDGE_CURVE ( 'NONE', #2896, #8798, #3461, .T. ) ;
#9788 = FACE_OUTER_BOUND ( 'NONE', #4718, .T. ) ;
#9789 = CARTESIAN_POINT ( 'NONE',  ( 0.1250000000000000000, -0.01968503937007873988, 0.3346456692913385988 ) ) ;
#9790 = VECTOR ( 'NONE', #1117, 39.37007874015748143 ) ;
#9791 = CARTESIAN_POINT ( 'NONE',  ( 0.06972574960309764480, 0.05854335705761232189, -0.09842518551344606181 ) ) ;
#9792 = DIRECTION ( 'NONE',  ( 0.000000000000000000, -1.000000000000000000, 0.000000000000000000 ) ) ;
#9793 = EDGE_CURVE ( 'NONE', #5725, #88, #3458, .T. ) ;
#9794 = FACE_OUTER_BOUND ( 'NONE', #4736, .T. ) ;
#9795 = DIRECTION ( 'NONE',  ( 0.000000000000000000, -1.000000000000000000, 0.000000000000000000 ) ) ;
#9796 = CARTESIAN_POINT ( 'NONE',  ( 0.1287401574803158921, -0.09842519685039372024, 0.3365678719726895030 ) ) ;
#9797 = PLANE ( 'NONE',  #6016 ) ;
#9798 = VERTEX_POINT ( 'NONE', #6089 ) ;
#9799 = ORIENTED_EDGE ( 'NONE', *, *, #10805, .T. ) ;
#9800 = EDGE_LOOP ( 'NONE', ( #2224, #2287, #10612, #1165 ) ) ;
#9801 = CARTESIAN_POINT ( 'NONE',  ( 0.1406312231057874063, -0.09842519685039370636, 0.05118110236220473758 ) ) ;
#9802 = VECTOR ( 'NONE', #1531, 39.37007874015748143 ) ;
#9803 = ORIENTED_EDGE ( 'NONE', *, *, #5311, .F. ) ;
#9804 = ADVANCED_FACE ( 'NONE', ( #2580 ), #9638, .T. ) ;
#9805 = DIRECTION ( 'NONE',  ( 0.000000000000000000, 1.000000000000000000, 0.000000000000000000 ) ) ;
#9806 = ADVANCED_FACE ( 'NONE', ( #10402 ), #8712, .T. ) ;
#9807 = DIRECTION ( 'NONE',  ( 0.000000000000000000, 1.000000000000000000, 0.000000000000000000 ) ) ;
#9808 = CARTESIAN_POINT ( 'NONE',  ( -1.325897125061110399E-18, -0.1141732283464566844, 0.3346456692913385988 ) ) ;
#9809 = LINE ( 'NONE', #9216, #4562 ) ;
#9810 = CARTESIAN_POINT ( 'NONE',  ( -0.1131889763779527630, 0.05905511811023622659, 0.1968503937007874127 ) ) ;
#9811 = DIRECTION ( 'NONE',  ( 0.000000000000000000, -1.000000000000000000, 0.000000000000000000 ) ) ;
#9812 = DIRECTION ( 'NONE',  ( 1.000000000000000000, 0.000000000000000000, 0.000000000000000000 ) ) ;
#9813 = DIRECTION ( 'NONE',  ( 0.000000000000000000, 0.000000000000000000, 1.000000000000000000 ) ) ;
#9814 = ORIENTED_EDGE ( 'NONE', *, *, #10277, .F. ) ;
#9815 = VERTEX_POINT ( 'NONE', #4162 ) ;
#9816 = EDGE_CURVE ( 'NONE', #10188, #9781, #6252, .T. ) ;
#9817 = CARTESIAN_POINT ( 'NONE',  ( -0.1082677165354330728, 0.000000000000000000, 0.1968503937007874127 ) ) ;
#9818 = EDGE_CURVE ( 'NONE', #1409, #156, #7720, .T. ) ;
#9819 = DIRECTION ( 'NONE',  ( 0.000000000000000000, 0.000000000000000000, 1.000000000000000000 ) ) ;
#9820 = ORIENTED_EDGE ( 'NONE', *, *, #9841, .T. ) ;
#9821 =( BOUNDED_SURFACE ( )  B_SPLINE_SURFACE ( 3, 3, ( 
 ( #8139, #160, #3701, #215, #2826, #9947, #5509, #853, #9067, #11520, #3534, #5284, #2662, #1072, #7091, #5338, #8851, #4624, #8191, #3761 ),
 ( #7319, #10653, #6226, #8902, #1252, #11117, #7498, #3069, #390, #10061, #8320, #2004, #451, #7385, #6568, #8373, #10120, #2129, #5561, #2891 ),
 ( #4862, #6504, #4744, #4005, #508, #2186, #2069, #275, #5691, #6628, #7561, #4802, #5625, #9248, #2249, #6450, #10882, #10003, #3939, #11059 ),
 ( #9123, #10183, #4684, #3824, #1131, #10938, #5747, #8255, #9184, #2946, #3131, #6681, #1193, #9305, #10238, #334, #3879, #5807, #9365, #8437 ) ),
 .UNSPECIFIED., .F., .F., .T. ) 
 B_SPLINE_SURFACE_WITH_KNOTS ( ( 4, 4 ),
 ( 4, 3, 1, 1, 1, 1, 1, 1, 1, 1, 1, 1, 1, 1, 1, 4 ),
 ( 0.02055429130899074155, 0.9830903554307933723 ),
 ( 0.05832018441559694288, 0.1457468027113773268, 0.1781249058152999942, 0.2384507624664999881, 0.2995726115476000095, 0.3616620957532000191, 0.4249421773063000174, 0.4896745401424000277, 0.5562547047803000355, 0.6251217625170000236, 0.6966844371521999646, 0.7711094125615000072, 0.8473956208341999474, 0.9241530179363000030, 1.000000000000000000, 1.002382690301257151 ),
 .UNSPECIFIED. ) 
 GEOMETRIC_REPRESENTATION_ITEM ( )  RATIONAL_B_SPLINE_SURFACE ( (
 ( 1.116204333114829694, 1.116204333114829694, 1.116204333114829694, 1.116204333114829694, 1.116204333114829694, 1.116204333114829694, 1.116204333114829694, 1.116204333114829694, 1.116204333114829694, 1.116204333114825031, 1.116204333114829694, 1.116204333114829694, 1.116204333114825031, 1.116204333114829694, 1.116204333114829694, 1.116204333114825031, 1.116204333114825031, 1.116204333114829250, 1.116204333114829916, 1.116204333114830138),
 ( 0.9606763148185456513, 0.9606763148185456513, 0.9606763148185456513, 0.9606763148185456513, 0.9606763148185456513, 0.9606763148185455403, 0.9606763148185455403, 0.9606763148185455403, 0.9606763148185455403, 0.9606763148184467305, 0.9606763148185455403, 0.9606763148185455403, 0.9606763148184467305, 0.9606763148185455403, 0.9606763148185455403, 0.9606763148184467305, 0.9606763148184467305, 0.9606763148185337720, 0.9606763148185488710, 0.9606763148185494261),
 ( 0.9612674606715891912, 0.9612674606715891912, 0.9612674606715891912, 0.9612674606715891912, 0.9612674606715890802, 0.9612674606715889691, 0.9612674606715890802, 0.9612674606715890802, 0.9612674606715890802, 0.9612674606714904924, 0.9612674606715890802, 0.9612674606715890802, 0.9612674606714904924, 0.9612674606715890802, 0.9612674606715890802, 0.9612674606714904924, 0.9612674606714904924, 0.9612674606715772008, 0.9612674606715847503, 0.9612674606715849723),
 ( 1.117977770672492710, 1.117977770672492710, 1.117977770672492710, 1.117977770672492710, 1.117977770672492710, 1.117977770672492710, 1.117977770672492710, 1.117977770672492710, 1.117977770672492710, 1.117977770672489157, 1.117977770672492710, 1.117977770672492710, 1.117977770672489157, 1.117977770672492710, 1.117977770672492710, 1.117977770672489157, 1.117977770672489157, 1.117977770672492266, 1.117977770672492488, 1.117977770672492488) ) ) 
 REPRESENTATION_ITEM ( '' )  SURFACE ( )  );
#9822 = PLANE ( 'NONE',  #4638 ) ;
#9823 = CARTESIAN_POINT ( 'NONE',  ( -0.1417322834645669549, -0.004724409448818895838, 0.1811023622047244208 ) ) ;
#9824 = ORIENTED_EDGE ( 'NONE', *, *, #4297, .F. ) ;
#9825 = EDGE_LOOP ( 'NONE', ( #1769, #9009, #3074, #6484 ) ) ;
#9826 = DIRECTION ( 'NONE',  ( 0.000000000000000000, 0.000000000000000000, 1.000000000000000000 ) ) ;
#9827 = AXIS2_PLACEMENT_3D ( 'NONE', #1228, #5595, #4038 ) ;
#9828 = CARTESIAN_POINT ( 'NONE',  ( -0.1313389175166535527, -0.08858267716535435377, 0.2016895358812992034 ) ) ;
#9829 = EDGE_CURVE ( 'NONE', #3526, #2501, #1587, .T. ) ;
#9830 = EDGE_LOOP ( 'NONE', ( #9866, #4659, #3432, #2978 ) ) ;
#9831 = VERTEX_POINT ( 'NONE', #7833 ) ;
#9832 = DIRECTION ( 'NONE',  ( 0.000000000000000000, 1.000000000000000000, 0.000000000000000000 ) ) ;
#9833 = LINE ( 'NONE', #5447, #3183 ) ;
#9834 = LINE ( 'NONE', #1829, #422 ) ;
#9835 = DIRECTION ( 'NONE',  ( 0.000000000000000000, 0.000000000000000000, -1.000000000000000000 ) ) ;
#9836 = EDGE_CURVE ( 'NONE', #3672, #7756, #8766, .T. ) ;
#9837 = EDGE_LOOP ( 'NONE', ( #9951, #3395, #9588, #9519 ) ) ;
#9838 = DIRECTION ( 'NONE',  ( 0.000000000000000000, 0.000000000000000000, -1.000000000000000000 ) ) ;
#9839 = ORIENTED_EDGE ( 'NONE', *, *, #10391, .T. ) ;
#9840 = ORIENTED_EDGE ( 'NONE', *, *, #1495, .F. ) ;
#9841 = EDGE_CURVE ( 'NONE', #9630, #8720, #4334, .T. ) ;
#9842 = ORIENTED_EDGE ( 'NONE', *, *, #621, .T. ) ;
#9843 = CARTESIAN_POINT ( 'NONE',  ( 0.02559055118110236879, 0.07808474771212364773, 0.3647021164824359452 ) ) ;
#9844 = CARTESIAN_POINT ( 'NONE',  ( -0.05826100762694180063, 0.06989551677538760610, -0.09842519439450506114 ) ) ;
#9845 = CARTESIAN_POINT ( 'NONE',  ( -0.02559055118110236879, 0.08932856415515748327, 0.04527559049897637855 ) ) ;
#9846 = CARTESIAN_POINT ( 'NONE',  ( 0.1406663324992913355, -0.08813603796283467351, 0.1809872108077953123 ) ) ;
#9847 = CARTESIAN_POINT ( 'NONE',  ( -0.1417322834645669549, -0.01968503937007873988, 0.08661417322834646937 ) ) ;
#9848 = PLANE ( 'NONE',  #6113 ) ;
#9849 = CARTESIAN_POINT ( 'NONE',  ( 0.03149606299212598381, 0.08095377066255905751, 0.1102362204724409434 ) ) ;
#9850 = EDGE_CURVE ( 'NONE', #4629, #9673, #3232, .T. ) ;
#9851 = VERTEX_POINT ( 'NONE', #5912 ) ;
#9852 = AXIS2_PLACEMENT_3D ( 'NONE', #8309, #2116, #324 ) ;
#9853 = ORIENTED_EDGE ( 'NONE', *, *, #552, .F. ) ;
#9854 = CARTESIAN_POINT ( 'NONE',  ( 0.1082677165354330728, 0.09153543307086615954, 0.2834645669291339098 ) ) ;
#9855 = ORIENTED_EDGE ( 'NONE', *, *, #7414, .T. ) ;
#9856 = VERTEX_POINT ( 'NONE', #7892 ) ;
#9857 = LINE ( 'NONE', #8877, #9186 ) ;
#9858 = DIRECTION ( 'NONE',  ( -1.000000000000000000, 0.000000000000000000, 0.000000000000000000 ) ) ;
#9859 = DIRECTION ( 'NONE',  ( 0.000000000000000000, 0.000000000000000000, -1.000000000000000000 ) ) ;
#9860 = CARTESIAN_POINT ( 'NONE',  ( 2.651794250122221954E-18, -0.09842519685039370636, 0.1200787401574803237 ) ) ;
#9861 = LINE ( 'NONE', #1860, #5420 ) ;
#9862 = CARTESIAN_POINT ( 'NONE',  ( 0.09055118110236221041, 0.08858267716535435377, 0.03149606299212598381 ) ) ;
#9863 = DIRECTION ( 'NONE',  ( -1.000000000000000000, 0.000000000000000000, 0.000000000000000000 ) ) ;
#9864 = CARTESIAN_POINT ( 'NONE',  ( -0.07342519685039371191, 0.09153543307086615954, 0.3858267716535433989 ) ) ;
#9865 = EDGE_CURVE ( 'NONE', #11121, #3180, #9693, .T. ) ;
#9866 = ORIENTED_EDGE ( 'NONE', *, *, #8327, .F. ) ;
#9867 = VECTOR ( 'NONE', #3713, 39.37007874015748143 ) ;
#9868 = AXIS2_PLACEMENT_3D ( 'NONE', #10124, #4805, #456 ) ;
#9869 = VERTEX_POINT ( 'NONE', #9467 ) ;
#9870 = DIRECTION ( 'NONE',  ( 0.000000000000000000, 0.000000000000000000, 1.000000000000000000 ) ) ;
#9871 = LINE ( 'NONE', #8126, #3801 ) ;
#9872 = ORIENTED_EDGE ( 'NONE', *, *, #6401, .T. ) ;
#9873 = VECTOR ( 'NONE', #1017, 39.37007874015748143 ) ;
#9874 = AXIS2_PLACEMENT_3D ( 'NONE', #8279, #10024, #10958 ) ;
#9875 = CARTESIAN_POINT ( 'NONE',  ( -0.1082677165354330728, 0.000000000000000000, 0.3503937007874015630 ) ) ;
#9876 = DIRECTION ( 'NONE',  ( 0.000000000000000000, 0.000000000000000000, 1.000000000000000000 ) ) ;
#9877 = DIRECTION ( 'NONE',  ( 1.000000000000000000, 0.000000000000000000, 0.000000000000000000 ) ) ;
#9878 = ADVANCED_FACE ( 'NONE', ( #1466 ), #3293, .T. ) ;
#9879 = EDGE_CURVE ( 'NONE', #6633, #2273, #1014, .T. ) ;
#9880 = ORIENTED_EDGE ( 'NONE', *, *, #4649, .F. ) ;
#9881 = ORIENTED_EDGE ( 'NONE', *, *, #9484, .T. ) ;
#9882 = AXIS2_PLACEMENT_3D ( 'NONE', #321, #1994, #7546 ) ;
#9883 = VECTOR ( 'NONE', #9744, 39.37007874015748143 ) ;
#9884 = CARTESIAN_POINT ( 'NONE',  ( -0.1422251440816939827, -0.09842519685039370636, 0.3468957707501952870 ) ) ;
#9885 = ORIENTED_EDGE ( 'NONE', *, *, #1315, .T. ) ;
#9886 = CARTESIAN_POINT ( 'NONE',  ( 0.06820866141732283283, 0.09153543307086615954, 0.2244094488188976555 ) ) ;
#9887 = CARTESIAN_POINT ( 'NONE',  ( 0.1360398176638582812, -0.09922749052996061858, 0.2164622918157874387 ) ) ;
#9888 = DIRECTION ( 'NONE',  ( 1.000000000000000000, 0.000000000000000000, 0.000000000000000000 ) ) ;
#9889 = AXIS2_PLACEMENT_3D ( 'NONE', #7386, #2828, #2665 ) ;
#9890 = VECTOR ( 'NONE', #7448, 39.37007874015748143 ) ;
#9891 = ADVANCED_FACE ( 'NONE', ( #5475 ), #9414, .T. ) ;
#9892 = CARTESIAN_POINT ( 'NONE',  ( -0.03302100700509975895, 0.09540230173231066535, 0.02952756421646148682 ) ) ;
#9893 = ORIENTED_EDGE ( 'NONE', *, *, #4282, .F. ) ;
#9894 = CARTESIAN_POINT ( 'NONE',  ( -0.05413385826771653642, -0.03937007874015747977, 0.02952755905511811330 ) ) ;
#9895 = ORIENTED_EDGE ( 'NONE', *, *, #2199, .F. ) ;
#9896 = ORIENTED_EDGE ( 'NONE', *, *, #7974, .F. ) ;
#9897 = AXIS2_PLACEMENT_3D ( 'NONE', #9155, #4713, #5421 ) ;
#9898 = DIRECTION ( 'NONE',  ( 0.000000000000000000, 0.7318681006977934000, -0.6814463171673939001 ) ) ;
#9899 = CARTESIAN_POINT ( 'NONE',  ( -0.08181836967778995107, 0.04009851912942079266, -0.09842519617361324136 ) ) ;
#9900 = CARTESIAN_POINT ( 'NONE',  ( 0.000000000000000000, 0.09842519685039370636, 0.1122047244094488277 ) ) ;
#9901 = DIRECTION ( 'NONE',  ( 0.000000000000000000, 1.000000000000000000, 0.000000000000000000 ) ) ;
#9902 = DIRECTION ( 'NONE',  ( 0.000000000000000000, -1.000000000000000000, 0.000000000000000000 ) ) ;
#9903 = DIRECTION ( 'NONE',  ( -1.000000000000000000, 0.000000000000000000, 0.000000000000000000 ) ) ;
#9904 = EDGE_CURVE ( 'NONE', #8093, #8076, #7923, .T. ) ;
#9905 = LINE ( 'NONE', #9031, #241 ) ;
#9906 = VECTOR ( 'NONE', #6973, 39.37007874015748143 ) ;
#9907 = VERTEX_POINT ( 'NONE', #1858 ) ;
#9908 = ORIENTED_EDGE ( 'NONE', *, *, #689, .F. ) ;
#9909 = ORIENTED_EDGE ( 'NONE', *, *, #3316, .F. ) ;
#9910 = ORIENTED_EDGE ( 'NONE', *, *, #8427, .F. ) ;
#9911 = EDGE_CURVE ( 'NONE', #5062, #1765, #10784, .T. ) ;
#9912 = CARTESIAN_POINT ( 'NONE',  ( 0.1082677165354330728, 0.000000000000000000, 0.3503937007874015630 ) ) ;
#9913 = LOCAL_TIME ( 21, 5, 28.00000000000000000, #2323 ) ;
#9914 = AXIS2_PLACEMENT_3D ( 'NONE', #10563, #8703, #6949 ) ;
#9915 = PLANE ( 'NONE',  #5467 ) ;
#9916 = ADVANCED_FACE ( 'NONE', ( #2797 ), #5315, .T. ) ;
#9917 = DIRECTION ( 'NONE',  ( 0.000000000000000000, 0.000000000000000000, -1.000000000000000000 ) ) ;
#9918 = CARTESIAN_POINT ( 'NONE',  ( 0.000000000000000000, 0.000000000000000000, 0.4527559055118110520 ) ) ;
#9919 = CARTESIAN_POINT ( 'NONE',  ( -0.1244670245173621903, -0.08858267716535435377, 0.1771653543307087075 ) ) ;
#9920 = CARTESIAN_POINT ( 'NONE',  ( 0.02559055118110236879, 0.04906316780076148271, 0.3915280050971950421 ) ) ;
#9921 = DIRECTION ( 'NONE',  ( 0.000000000000000000, 0.000000000000000000, 1.000000000000000000 ) ) ;
#9922 = EDGE_CURVE ( 'NONE', #1335, #1925, #9594, .T. ) ;
#9923 = CARTESIAN_POINT ( 'NONE',  ( 0.02836397859498169388, 0.08777512598474492000, 0.1620845066034096449 ) ) ;
#9924 = ORIENTED_EDGE ( 'NONE', *, *, #10634, .F. ) ;
#9925 = VECTOR ( 'NONE', #8833, 39.37007874015748143 ) ;
#9926 = VERTEX_POINT ( 'NONE', #7121 ) ;
#9927 = ORIENTED_EDGE ( 'NONE', *, *, #8009, .F. ) ;
#9928 = LINE ( 'NONE', #8174, #9746 ) ;
#9929 = DIRECTION ( 'NONE',  ( 0.000000000000000000, 0.000000000000000000, -1.000000000000000000 ) ) ;
#9930 = EDGE_CURVE ( 'NONE', #9856, #10671, #6363, .T. ) ;
#9931 = ORIENTED_EDGE ( 'NONE', *, *, #11371, .T. ) ;
#9932 = AXIS2_PLACEMENT_3D ( 'NONE', #5005, #1337, #1569 ) ;
#9933 = LINE ( 'NONE', #9170, #3828 ) ;
#9934 = DIRECTION ( 'NONE',  ( 1.000000000000000000, 0.000000000000000000, 0.000000000000000000 ) ) ;
#9935 = CARTESIAN_POINT ( 'NONE',  ( 0.02558236523334645948, 0.09609903709708661479, 0.03778910178367322903 ) ) ;
#9936 = DIRECTION ( 'NONE',  ( 0.000000000000000000, 0.000000000000000000, 1.000000000000000000 ) ) ;
#9937 = ORIENTED_EDGE ( 'NONE', *, *, #7773, .T. ) ;
#9938 = AXIS2_PLACEMENT_3D ( 'NONE', #10530, #4344, #8723 ) ;
#9939 = ORIENTED_EDGE ( 'NONE', *, *, #7064, .F. ) ;
#9940 = CARTESIAN_POINT ( 'NONE',  ( -0.02559006231634777806, 0.07083883523825547368, 0.3681051694467866175 ) ) ;
#9941 = EDGE_CURVE ( 'NONE', #11466, #8633, #9975, .T. ) ;
#9942 = EDGE_CURVE ( 'NONE', #7021, #9856, #8986, .T. ) ;
#9943 = ORIENTED_EDGE ( 'NONE', *, *, #3612, .T. ) ;
#9944 = CARTESIAN_POINT ( 'NONE',  ( 0.1417322834645669549, 0.009842519685039369942, 0.3188976377952755792 ) ) ;
#9945 = CARTESIAN_POINT ( 'NONE',  ( 0.1262088640623228453, -0.09541178818188979227, 0.2165273177230315205 ) ) ;
#9946 = AXIS2_PLACEMENT_3D ( 'NONE', #4667, #8236, #10922 ) ;
#9947 = CARTESIAN_POINT ( 'NONE',  ( -0.03177868154888357360, 0.1126644719829935914, 0.02999922310026954461 ) ) ;
#9948 = DIRECTION ( 'NONE',  ( -0.4493189986157944404, 0.000000000000000000, 0.8933713883278888712 ) ) ;
#9949 = ORIENTED_EDGE ( 'NONE', *, *, #9986, .T. ) ;
#9950 = CARTESIAN_POINT ( 'NONE',  ( 0.000000000000000000, 0.09842519685039370636, 0.3858267716535433989 ) ) ;
#9951 = ORIENTED_EDGE ( 'NONE', *, *, #6034, .T. ) ;
#9952 = ORIENTED_EDGE ( 'NONE', *, *, #5245, .F. ) ;
#9953 = VECTOR ( 'NONE', #6883, 39.37007874015748854 ) ;
#9954 = VERTEX_POINT ( 'NONE', #930 ) ;
#9955 = CIRCLE ( 'NONE', #8481, 0.09842519685039370636 ) ;
#9956 = FACE_OUTER_BOUND ( 'NONE', #44, .T. ) ;
#9957 = CARTESIAN_POINT ( 'NONE',  ( 0.1311175276230314990, -0.08783455885066931978, 0.2164776690705512152 ) ) ;
#9958 = DIRECTION ( 'NONE',  ( 0.000000000000000000, 0.000000000000000000, 1.000000000000000000 ) ) ;
#9959 = FACE_OUTER_BOUND ( 'NONE', #946, .T. ) ;
#9960 = CARTESIAN_POINT ( 'NONE',  ( 0.1259842519685039353, -0.08070866141732283006, 0.2165354332608268040 ) ) ;
#9961 = CARTESIAN_POINT ( 'NONE',  ( -0.09020818297157325028, -0.03937007874015747977, 0.4133858267716535861 ) ) ;
#9962 = AXIS2_PLACEMENT_3D ( 'NONE', #7065, #1975, #2856 ) ;
#9963 = FACE_OUTER_BOUND ( 'NONE', #6871, .T. ) ;
#9964 = AXIS2_PLACEMENT_3D ( 'NONE', #6688, #11181, #7685 ) ;
#9965 = ORIENTED_EDGE ( 'NONE', *, *, #10299, .F. ) ;
#9966 = LINE ( 'NONE', #6525, #2416 ) ;
#9967 = ORIENTED_EDGE ( 'NONE', *, *, #6047, .T. ) ;
#9968 = VERTEX_POINT ( 'NONE', #8931 ) ;
#9969 = ORIENTED_EDGE ( 'NONE', *, *, #5503, .F. ) ;
#9970 = CARTESIAN_POINT ( 'NONE',  ( 0.1149548105516250279, 0.09214445300953766349, 0.3838582677165355284 ) ) ;
#9971 = LINE ( 'NONE', #9090, #10316 ) ;
#9972 = ADVANCED_FACE ( 'NONE', ( #8054 ), #9749, .F. ) ;
#9973 = VECTOR ( 'NONE', #4068, 39.37007874015748143 ) ;
#9974 = DIRECTION ( 'NONE',  ( 0.000000000000000000, 0.000000000000000000, 1.000000000000000000 ) ) ;
#9975 = LINE ( 'NONE', #6199, #7737 ) ;
#9976 = CARTESIAN_POINT ( 'NONE',  ( 0.1181102362204724532, 0.01771653543307086937, 0.2145669291338582751 ) ) ;
#9977 = LINE ( 'NONE', #8988, #2449 ) ;
#9978 = CARTESIAN_POINT ( 'NONE',  ( 0.02559055118110236532, 0.04818656675332650546, 0.3849718766797083913 ) ) ;
#9979 = CARTESIAN_POINT ( 'NONE',  ( -0.1003937007874015630, 0.08070866141732283006, 0.2362204724409449064 ) ) ;
#9980 = LINE ( 'NONE', #7577, #1319 ) ;
#9981 = ORIENTED_EDGE ( 'NONE', *, *, #2257, .F. ) ;
#9982 = VECTOR ( 'NONE', #1700, 39.37007874015748143 ) ;
#9983 = EDGE_CURVE ( 'NONE', #1909, #4352, #6250, .T. ) ;
#9984 = ORIENTED_EDGE ( 'NONE', *, *, #9637, .T. ) ;
#9985 = CARTESIAN_POINT ( 'NONE',  ( -0.1250000000000000000, 0.009842519685039369942, 0.3503937007874015630 ) ) ;
#9986 = EDGE_CURVE ( 'NONE', #3737, #312, #3730, .T. ) ;
#9987 = PLANE ( 'NONE',  #2128 ) ;
#9988 = ORIENTED_EDGE ( 'NONE', *, *, #3572, .F. ) ;
#9989 = DIRECTION ( 'NONE',  ( 0.000000000000000000, 0.000000000000000000, -1.000000000000000000 ) ) ;
#9990 = DIRECTION ( 'NONE',  ( 0.000000000000000000, 0.000000000000000000, 1.000000000000000000 ) ) ;
#9991 = FACE_OUTER_BOUND ( 'NONE', #11193, .T. ) ;
#9992 = CARTESIAN_POINT ( 'NONE',  ( 0.04042232911464567480, 0.1022308705429133824, 0.02963875658143307057 ) ) ;
#9993 = DIRECTION ( 'NONE',  ( 0.000000000000000000, 1.000000000000000000, 0.000000000000000000 ) ) ;
#9994 = EDGE_CURVE ( 'NONE', #8620, #10162, #6421, .T. ) ;
#9995 = VERTEX_POINT ( 'NONE', #4544 ) ;
#9996 = FACE_OUTER_BOUND ( 'NONE', #8708, .T. ) ;
#9997 = EDGE_CURVE ( 'NONE', #3308, #9629, #1100, .T. ) ;
#9998 = EDGE_CURVE ( 'NONE', #6117, #9202, #7949, .T. ) ;
#9999 = DIRECTION ( 'NONE',  ( -1.000000000000000000, -0.000000000000000000, -0.000000000000000000 ) ) ;
#10000 = ORIENTED_EDGE ( 'NONE', *, *, #3252, .T. ) ;
#10001 = LINE ( 'NONE', #6329, #1376 ) ;
#10002 = CARTESIAN_POINT ( 'NONE',  ( -0.05022579063847062986, 0.08464566929133858497, 0.000000000000000000 ) ) ;
#10003 = CARTESIAN_POINT ( 'NONE',  ( -0.02745026241399811315, 0.09409688299835090863, 0.03388541812043212309 ) ) ;
#10004 = DIRECTION ( 'NONE',  ( 1.000000000000000000, 0.000000000000000000, 0.000000000000000000 ) ) ;
#10005 = EDGE_CURVE ( 'NONE', #8336, #6429, #9626, .T. ) ;
#10006 = VERTEX_POINT ( 'NONE', #4830 ) ;
#10007 = DIRECTION ( 'NONE',  ( -0.000000000000000000, -1.000000000000000000, -0.000000000000000000 ) ) ;
#10008 = VERTEX_POINT ( 'NONE', #6655 ) ;
#10009 = ORIENTED_EDGE ( 'NONE', *, *, #9592, .F. ) ;
#10010 = ORIENTED_EDGE ( 'NONE', *, *, #3687, .T. ) ;
#10011 = FACE_OUTER_BOUND ( 'NONE', #2256, .T. ) ;
#10012 = CARTESIAN_POINT ( 'NONE',  ( 0.1234170897304330689, -0.09122869659370080875, 0.2165196991290157524 ) ) ;
#10013 = LINE ( 'NONE', #10075, #11265 ) ;
#10014 = CARTESIAN_POINT ( 'NONE',  ( 0.1003937007874015630, 0.08070866141732283006, 0.2377952755905511917 ) ) ;
#10015 = DIRECTION ( 'NONE',  ( 0.000000000000000000, 0.000000000000000000, -1.000000000000000000 ) ) ;
#10016 = DIRECTION ( 'NONE',  ( 0.000000000000000000, 0.000000000000000000, -1.000000000000000000 ) ) ;
#10017 = DIRECTION ( 'NONE',  ( 0.000000000000000000, 1.000000000000000000, 0.000000000000000000 ) ) ;
#10018 = ORIENTED_EDGE ( 'NONE', *, *, #10477, .F. ) ;
#10019 = EDGE_CURVE ( 'NONE', #10430, #2896, #5656, .T. ) ;
#10020 = CARTESIAN_POINT ( 'NONE',  ( -0.1393455678156299282, -0.08813714464149606520, 0.3511565914376772457 ) ) ;
#10021 = EDGE_CURVE ( 'NONE', #11297, #408, #2340, .T. ) ;
#10022 = ORIENTED_EDGE ( 'NONE', *, *, #1461, .F. ) ;
#10023 = ORIENTED_EDGE ( 'NONE', *, *, #8654, .T. ) ;
#10024 = DIRECTION ( 'NONE',  ( 0.8933713883278889822, 0.000000000000000000, 0.4493189986157944960 ) ) ;
#10025 = VERTEX_POINT ( 'NONE', #3852 ) ;
#10026 = CARTESIAN_POINT ( 'NONE',  ( 0.03390117327160897809, 0.08852130420764095509, 0.3345023625862260097 ) ) ;
#10027 = LINE ( 'NONE', #239, #3042 ) ;
#10028 = DIRECTION ( 'NONE',  ( 0.000000000000000000, 0.000000000000000000, 1.000000000000000000 ) ) ;
#10029 = CARTESIAN_POINT ( 'NONE',  ( 0.09055099591333559683, 1.901072816721691152E-10, -0.09842519684945912062 ) ) ;
#10030 = LINE ( 'NONE', #4831, #1004 ) ;
#10031 = CARTESIAN_POINT ( 'NONE',  ( 4.310096162416391336E-44, -0.09842519685039370636, 0.3129921259842520231 ) ) ;
#10032 = FACE_OUTER_BOUND ( 'NONE', #10432, .T. ) ;
#10033 = FACE_OUTER_BOUND ( 'NONE', #1151, .T. ) ;
#10034 = EDGE_LOOP ( 'NONE', ( #10923, #5932, #3999, #1306, #1621, #6282, #10417, #1154 ) ) ;
#10035 = EDGE_CURVE ( 'NONE', #8977, #11466, #10210, .T. ) ;
#10036 = CARTESIAN_POINT ( 'NONE',  ( 0.1202660174032283424, -0.08644647506901576017, 0.2165299439489370148 ) ) ;
#10037 = VERTEX_POINT ( 'NONE', #359 ) ;
#10038 = AXIS2_PLACEMENT_3D ( 'NONE', #4590, #9143, #7071 ) ;
#10039 = DIRECTION ( 'NONE',  ( 1.000000000000000000, 0.000000000000000000, 0.000000000000000000 ) ) ;
#10040 = LINE ( 'NONE', #2045, #1757 ) ;
#10041 = VERTEX_POINT ( 'NONE', #3787 ) ;
#10042 = DIRECTION ( 'NONE',  ( 0.000000000000000000, 1.000000000000000000, 0.000000000000000000 ) ) ;
#10043 = DIRECTION ( 'NONE',  ( 0.000000000000000000, 1.000000000000000000, 0.000000000000000000 ) ) ;
#10044 = CARTESIAN_POINT ( 'NONE',  ( 0.1023622047244094613, 0.08858267716535435377, 0.2854330708661417804 ) ) ;
#10045 = FACE_OUTER_BOUND ( 'NONE', #7994, .T. ) ;
#10046 = CARTESIAN_POINT ( 'NONE',  ( 0.03250415181716929947, 0.1027782116957480230, 0.02826834952974804221 ) ) ;
#10047 = ORIENTED_EDGE ( 'NONE', *, *, #7240, .F. ) ;
#10048 = VECTOR ( 'NONE', #8825, 39.37007874015748143 ) ;
#10049 = EDGE_CURVE ( 'NONE', #740, #9173, #305, .T. ) ;
#10050 = CARTESIAN_POINT ( 'NONE',  ( 0.1082677165354330728, -0.05118110236220473758, 0.03937007874015747977 ) ) ;
#10051 = VERTEX_POINT ( 'NONE', #6475 ) ;
#10052 = VERTEX_POINT ( 'NONE', #420 ) ;
#10053 = DIRECTION ( 'NONE',  ( 0.000000000000000000, 0.000000000000000000, 1.000000000000000000 ) ) ;
#10054 = AXIS2_PLACEMENT_3D ( 'NONE', #2068, #3938, #4861 ) ;
#10055 = DIRECTION ( 'NONE',  ( -1.000000000000000000, 0.000000000000000000, 0.000000000000000000 ) ) ;
#10056 = VECTOR ( 'NONE', #2686, 39.37007874015748143 ) ;
#10057 = ORIENTED_EDGE ( 'NONE', *, *, #7034, .T. ) ;
#10058 = CARTESIAN_POINT ( 'NONE',  ( 0.1181102362204724532, -0.05118110236220473758, 0.1653543307086614567 ) ) ;
#10059 = EDGE_CURVE ( 'NONE', #9372, #4896, #7466, .T. ) ;
#10060 = DIRECTION ( 'NONE',  ( 0.000000000000000000, 0.000000000000000000, 1.000000000000000000 ) ) ;
#10061 = CARTESIAN_POINT ( 'NONE',  ( -0.03191412742903373956, 0.1035189755289043223, 0.02833519580400756591 ) ) ;
#10062 = CARTESIAN_POINT ( 'NONE',  ( 0.000000000000000000, 0.08464566929133858497, 0.3267716535433071168 ) ) ;
#10063 = AXIS2_PLACEMENT_3D ( 'NONE', #3628, #4495, #9813 ) ;
#10064 = VECTOR ( 'NONE', #3454, 39.37007874015748143 ) ;
#10065 = VERTEX_POINT ( 'NONE', #2096 ) ;
#10066 = DIRECTION ( 'NONE',  ( 0.000000000000000000, 0.000000000000000000, 1.000000000000000000 ) ) ;
#10067 = EDGE_LOOP ( 'NONE', ( #5202, #2043, #180, #11433 ) ) ;
#10068 = ORIENTED_EDGE ( 'NONE', *, *, #6100, .F. ) ;
#10069 = VECTOR ( 'NONE', #9835, 39.37007874015748143 ) ;
#10070 = CARTESIAN_POINT ( 'NONE',  ( -0.02661417322834646118, 0.06220472440944882497, 0.3873837476665354385 ) ) ;
#10071 = EDGE_CURVE ( 'NONE', #86, #4948, #5837, .T. ) ;
#10072 = VECTOR ( 'NONE', #1395, 39.37007874015748143 ) ;
#10073 = B_SPLINE_CURVE_WITH_KNOTS ( 'NONE', 3,
 ( #6057, #1554, #1613, #3424, #9608, #695, #5224, #10543 ),
 .UNSPECIFIED., .F., .F.,
 ( 4, 2, 2, 4 ),
 ( 0.000000000000000000, 0.0003193386866392157117, 0.0004790080299588234591, 0.0006386773732784313149 ),
 .UNSPECIFIED. ) ;
#10074 = CARTESIAN_POINT ( 'NONE',  ( 0.1274619495216535447, -0.08785387894736221281, 0.2164998660952755782 ) ) ;
#10075 = CARTESIAN_POINT ( 'NONE',  ( 0.07283464566929134798, 0.000000000000000000, 0.000000000000000000 ) ) ;
#10076 = CARTESIAN_POINT ( 'NONE',  ( 0.000000000000000000, 0.09842519685039370636, 0.1574803149606299191 ) ) ;
#10077 = DIRECTION ( 'NONE',  ( 0.000000000000000000, 0.000000000000000000, -1.000000000000000000 ) ) ;
#10078 = CARTESIAN_POINT ( 'NONE',  ( 0.000000000000000000, 0.000000000000000000, 0.03149606299211026028 ) ) ;
#10079 = ORIENTED_EDGE ( 'NONE', *, *, #8969, .T. ) ;
#10080 = FACE_OUTER_BOUND ( 'NONE', #6248, .T. ) ;
#10081 = VERTEX_POINT ( 'NONE', #2215 ) ;
#10082 = VECTOR ( 'NONE', #4088, 39.37007874015748143 ) ;
#10083 = VERTEX_POINT ( 'NONE', #6711 ) ;
#10084 = ORIENTED_EDGE ( 'NONE', *, *, #6322, .F. ) ;
#10085 = DIRECTION ( 'NONE',  ( 0.000000000000000000, 0.000000000000000000, -1.000000000000000000 ) ) ;
#10086 = FACE_OUTER_BOUND ( 'NONE', #1709, .T. ) ;
#10087 = CARTESIAN_POINT ( 'NONE',  ( 0.000000000000000000, 0.09842519685039370636, 0.3858267716535433989 ) ) ;
#10088 = EDGE_CURVE ( 'NONE', #9443, #7586, #9152, .T. ) ;
#10089 = ADVANCED_FACE ( 'NONE', ( #9394, #482 ), #1160, .F. ) ;
#10090 = DIRECTION ( 'NONE',  ( 1.000000000000000000, 0.000000000000000000, 0.000000000000000000 ) ) ;
#10091 = CARTESIAN_POINT ( 'NONE',  ( 0.000000000000000000, -0.1141732283464566844, 0.09842519685039370636 ) ) ;
#10092 = CIRCLE ( 'NONE', #7111, 0.06102362204535349138 ) ;
#10093 = CARTESIAN_POINT ( 'NONE',  ( 0.1107428793719439225, -0.08989199092863202345, 0.3562992125984252856 ) ) ;
#10094 = CARTESIAN_POINT ( 'NONE',  ( -0.1118294923796182144, 0.09526977118154478230, 0.3838582677165355284 ) ) ;
#10095 = ORIENTED_EDGE ( 'NONE', *, *, #57, .F. ) ;
#10096 = CARTESIAN_POINT ( 'NONE',  ( 0.1199921592961023659, -0.09435598655429133785, 0.2165378941710630056 ) ) ;
#10097 = ORIENTED_EDGE ( 'NONE', *, *, #426, .T. ) ;
#10098 = VECTOR ( 'NONE', #11249, 39.37007874015748143 ) ;
#10099 = CARTESIAN_POINT ( 'NONE',  ( -0.1440340579563229861, -0.08858267716535433989, 0.3211730555882963967 ) ) ;
#10100 = DIRECTION ( 'NONE',  ( 0.5599433005138769737, 0.000000000000000000, 0.8285309289396661780 ) ) ;
#10101 = EDGE_CURVE ( 'NONE', #2671, #9968, #1278, .T. ) ;
#10102 = ORIENTED_EDGE ( 'NONE', *, *, #7310, .F. ) ;
#10103 = DIRECTION ( 'NONE',  ( 0.000000000000000000, 1.000000000000000000, 0.000000000000000000 ) ) ;
#10104 = DIRECTION ( 'NONE',  ( 0.8921856025540174651, 0.000000000000000000, -0.4516689612928088682 ) ) ;
#10105 = FACE_OUTER_BOUND ( 'NONE', #1508, .T. ) ;
#10106 = DIRECTION ( 'NONE',  ( 1.000000000000000000, 0.000000000000000000, 0.000000000000000000 ) ) ;
#10107 = CARTESIAN_POINT ( 'NONE',  ( 0.03198164495316142136, 0.1036043545291338575, 0.02820386968858661428 ) ) ;
#10108 = VECTOR ( 'NONE', #2226, 39.37007874015748143 ) ;
#10109 = ORIENTED_EDGE ( 'NONE', *, *, #10149, .F. ) ;
#10110 = CARTESIAN_POINT ( 'NONE',  ( 0.1082677165354330728, -0.02362204724409448786, 0.1968503937007874127 ) ) ;
#10111 = VERTEX_POINT ( 'NONE', #4892 ) ;
#10112 = VERTEX_POINT ( 'NONE', #8468 ) ;
#10113 = DIRECTION ( 'NONE',  ( 0.000000000000000000, 0.000000000000000000, 1.000000000000000000 ) ) ;
#10114 = AXIS2_PLACEMENT_3D ( 'NONE', #5652, #9212, #5716 ) ;
#10115 = DIRECTION ( 'NONE',  ( 0.5599433005135097119, 0.000000000000000000, 0.8285309289399144239 ) ) ;
#10116 = EDGE_CURVE ( 'NONE', #1813, #1866, #2033, .T. ) ;
#10117 = ORIENTED_EDGE ( 'NONE', *, *, #7571, .F. ) ;
#10118 = CARTESIAN_POINT ( 'NONE',  ( -0.1082677165354331006, -0.01968503937007873988, 0.08661417322834646937 ) ) ;
#10119 = DIRECTION ( 'NONE',  ( 3.673940397442060115E-17, 0.000000000000000000, -1.000000000000000000 ) ) ;
#10120 = CARTESIAN_POINT ( 'NONE',  ( -0.03335223572048834351, 0.09649315663948683508, 0.02924402731995164734 ) ) ;
#10121 = CARTESIAN_POINT ( 'NONE',  ( 0.1082677165354331006, -0.05905511811023623353, 0.3562992125984252301 ) ) ;
#10122 = VECTOR ( 'NONE', #4952, 39.37007874015748143 ) ;
#10123 = DIRECTION ( 'NONE',  ( 0.000000000000000000, 0.000000000000000000, 1.000000000000000000 ) ) ;
#10124 = CARTESIAN_POINT ( 'NONE',  ( -0.06820866141732283283, 0.09153543307086615954, 0.2244094488188976555 ) ) ;
#10125 = ORIENTED_EDGE ( 'NONE', *, *, #1435, .T. ) ;
#10126 = EDGE_CURVE ( 'NONE', #3381, #9403, #2222, .T. ) ;
#10127 = ORIENTED_EDGE ( 'NONE', *, *, #10277, .T. ) ;
#10128 = ORIENTED_EDGE ( 'NONE', *, *, #7060, .T. ) ;
#10129 = ADVANCED_FACE ( 'NONE', ( #7591, #5591 ), #4711, .F. ) ;
#10130 = VECTOR ( 'NONE', #4979, 39.37007874015748854 ) ;
#10131 = AXIS2_PLACEMENT_3D ( 'NONE', #10582, #11225, #7671 ) ;
#10132 = DIRECTION ( 'NONE',  ( 0.000000000000000000, 1.000000000000000000, 0.000000000000000000 ) ) ;
#10133 = CARTESIAN_POINT ( 'NONE',  ( -0.04133816631444882372, 0.09350387691515750499, 0.02952755905511811330 ) ) ;
#10134 = CARTESIAN_POINT ( 'NONE',  ( -0.1082677165354330728, -0.06692913385826770867, 0.09055118110236221041 ) ) ;
#10135 = DIRECTION ( 'NONE',  ( 0.000000000000000000, -1.000000000000000000, 0.000000000000000000 ) ) ;
#10136 = DIRECTION ( 'NONE',  ( 1.000000000000000000, 0.000000000000000000, 0.000000000000000000 ) ) ;
#10137 = CARTESIAN_POINT ( 'NONE',  ( -1.707404996040164512E-17, -1.280553747030123384E-17, -0.09055118110236216877 ) ) ;
#10138 = CARTESIAN_POINT ( 'NONE',  ( -0.02558985919357481195, 0.07390066619857990626, 0.3557932077031044082 ) ) ;
#10139 = ORIENTED_EDGE ( 'NONE', *, *, #4183, .T. ) ;
#10140 = VERTEX_POINT ( 'NONE', #8642 ) ;
#10141 = AXIS2_PLACEMENT_3D ( 'NONE', #10893, #5572, #1083 ) ;
#10142 = VERTEX_POINT ( 'NONE', #1571 ) ;
#10143 = VECTOR ( 'NONE', #7133, 39.37007874015748143 ) ;
#10144 = EDGE_CURVE ( 'NONE', #10407, #5115, #5066, .T. ) ;
#10145 = ORIENTED_EDGE ( 'NONE', *, *, #10891, .T. ) ;
#10146 = ORIENTED_EDGE ( 'NONE', *, *, #10794, .F. ) ;
#10147 = CARTESIAN_POINT ( 'NONE',  ( 0.000000000000000000, 0.1031496062992126317, 0.4330708661417322913 ) ) ;
#10148 = CARTESIAN_POINT ( 'NONE',  ( 0.000000000000000000, 0.05694600674917324468, 0.1032652947977559382 ) ) ;
#10149 = EDGE_CURVE ( 'NONE', #6297, #5714, #6264, .T. ) ;
#10150 = CARTESIAN_POINT ( 'NONE',  ( -0.01130208868571882033, -0.09785868637796152347, 0.1177501120727227485 ) ) ;
#10151 = VECTOR ( 'NONE', #2354, 39.37007874015748143 ) ;
#10152 = CARTESIAN_POINT ( 'NONE',  ( 0.02559055118110236879, 0.04444833863166588322, 0.3717929717057284478 ) ) ;
#10153 = LINE ( 'NONE', #306, #2117 ) ;
#10154 = AXIS2_PLACEMENT_3D ( 'NONE', #1694, #9040, #4542 ) ;
#10155 = CARTESIAN_POINT ( 'NONE',  ( 0.1215019659384249523, -0.09801056083304547639, 0.3562992125984252856 ) ) ;
#10156 = CARTESIAN_POINT ( 'NONE',  ( -0.1062174336461720880, 0.09806932851697212905, 0.3838582677165355839 ) ) ;
#10157 = ORIENTED_EDGE ( 'NONE', *, *, #5028, .T. ) ;
#10158 = ADVANCED_FACE ( 'NONE', ( #708 ), #4207, .F. ) ;
#10159 = EDGE_CURVE ( 'NONE', #457, #11270, #6997, .T. ) ;
#10160 = PLANE ( 'NONE',  #7086 ) ;
#10161 = AXIS2_PLACEMENT_3D ( 'NONE', #11301, #10481, #5609 ) ;
#10162 = VERTEX_POINT ( 'NONE', #9564 ) ;
#10163 = CARTESIAN_POINT ( 'NONE',  ( -0.04132303292562992947, 0.08858267716535435377, 0.3484251968503936925 ) ) ;
#10164 = CARTESIAN_POINT ( 'NONE',  ( 0.02165833399816503857, -0.09601268649329071370, 0.3289970120932699249 ) ) ;
#10165 = ORIENTED_EDGE ( 'NONE', *, *, #5096, .F. ) ;
#10166 = DIRECTION ( 'NONE',  ( -1.000000000000000000, 0.000000000000000000, 0.000000000000000000 ) ) ;
#10167 = LINE ( 'NONE', #2172, #8591 ) ;
#10168 = CARTESIAN_POINT ( 'NONE',  ( -0.02669982197898312579, 0.08739623513973733548, 0.3410612519366515438 ) ) ;
#10169 = AXIS2_PLACEMENT_3D ( 'NONE', #9338, #2163, #5777 ) ;
#10170 = CARTESIAN_POINT ( 'NONE',  ( -0.1082677165354330728, 0.000000000000000000, 0.3858267716535433989 ) ) ;
#10171 = CARTESIAN_POINT ( 'NONE',  ( 0.04061344825940945563, 0.09698628700763782529, 0.02952979332789369693 ) ) ;
#10172 = ORIENTED_EDGE ( 'NONE', *, *, #5492, .T. ) ;
#10173 = CARTESIAN_POINT ( 'NONE',  ( 0.1181102362204724532, -0.08070866141732283006, 0.3129921259842520231 ) ) ;
#10174 = ADVANCED_FACE ( 'NONE', ( #4258 ), #6622, .F. ) ;
#10175 = EDGE_CURVE ( 'NONE', #3526, #9383, #8750, .T. ) ;
#10176 = VERTEX_POINT ( 'NONE', #8528 ) ;
#10177 = VERTEX_POINT ( 'NONE', #5954 ) ;
#10178 = DIRECTION ( 'NONE',  ( -1.000000000000000000, 0.000000000000000000, 0.000000000000000000 ) ) ;
#10179 = CARTESIAN_POINT ( 'NONE',  ( 0.1131889763779527630, 0.05905511811023622659, 0.2145669291338582751 ) ) ;
#10180 = ORIENTED_EDGE ( 'NONE', *, *, #5980, .T. ) ;
#10181 = DIRECTION ( 'NONE',  ( -1.000000000000000000, 0.000000000000000000, 0.000000000000000000 ) ) ;
#10182 = CARTESIAN_POINT ( 'NONE',  ( 0.02559055118110236879, 0.07443004456416028869, 0.04527559055118110520 ) ) ;
#10183 = CARTESIAN_POINT ( 'NONE',  ( -0.02557033930802236205, 0.09619022118167189217, 0.03762571846250634122 ) ) ;
#10184 = FACE_OUTER_BOUND ( 'NONE', #10686, .T. ) ;
#10185 = ORIENTED_EDGE ( 'NONE', *, *, #3123, .T. ) ;
#10186 = DIRECTION ( 'NONE',  ( 1.000000000000000000, 0.000000000000000000, 0.000000000000000000 ) ) ;
#10187 = EDGE_CURVE ( 'NONE', #10600, #10632, #11428, .T. ) ;
#10188 = VERTEX_POINT ( 'NONE', #3219 ) ;
#10189 = EDGE_LOOP ( 'NONE', ( #4509, #4553, #9417, #3199 ) ) ;
#10190 = VERTEX_POINT ( 'NONE', #10332 ) ;
#10191 = CARTESIAN_POINT ( 'NONE',  ( 0.1415288464495142728, -0.09842519685039369248, 0.3562992125984252856 ) ) ;
#10192 = CARTESIAN_POINT ( 'NONE',  ( 0.000000000000000000, -0.1141732283464566844, 0.3346456692913385988 ) ) ;
#10193 = CARTESIAN_POINT ( 'NONE',  ( -0.1313389175166494727, -0.09842519685039370636, 0.06597324254563263768 ) ) ;
#10194 = DIRECTION ( 'NONE',  ( 1.000000000000000000, 0.000000000000000000, 0.000000000000000000 ) ) ;
#10195 = CARTESIAN_POINT ( 'NONE',  ( 0.1188789848262820220, -0.08476555101875737908, 0.3562992125984251190 ) ) ;
#10196 = LINE ( 'NONE', #2198, #5531 ) ;
#10197 = PLANE ( 'NONE',  #11196 ) ;
#10198 = DIRECTION ( 'NONE',  ( 0.000000000000000000, 0.000000000000000000, 1.000000000000000000 ) ) ;
#10199 = EDGE_LOOP ( 'NONE', ( #4496, #8047, #143, #7416, #8690, #6247, #1213, #11017, #4566, #4126, #4692, #4294, #9085, #5542, #8063, #1393, #10342, #951, #3362, #2065 ) ) ;
#10200 = VERTEX_POINT ( 'NONE', #2341 ) ;
#10201 = CARTESIAN_POINT ( 'NONE',  ( 0.03211356252348963186, 0.08887361688635586621, 0.02952776978308085248 ) ) ;
#10202 = EDGE_CURVE ( 'NONE', #8853, #10755, #9601, .T. ) ;
#10203 = VERTEX_POINT ( 'NONE', #5007 ) ;
#10204 = VERTEX_POINT ( 'NONE', #4581 ) ;
#10205 = ORIENTED_EDGE ( 'NONE', *, *, #4798, .T. ) ;
#10206 = EDGE_LOOP ( 'NONE', ( #3226, #6411, #7479, #9129, #639, #5712 ) ) ;
#10207 = DIRECTION ( 'NONE',  ( 0.000000000000000000, -1.000000000000000000, 0.000000000000000000 ) ) ;
#10208 = FACE_OUTER_BOUND ( 'NONE', #151, .T. ) ;
#10209 = CARTESIAN_POINT ( 'NONE',  ( 0.1082677165354331006, -0.03937007874015747977, 0.02952755905511810636 ) ) ;
#10210 = LINE ( 'NONE', #3037, #841 ) ;
#10211 = CARTESIAN_POINT ( 'NONE',  ( 0.000000000000000000, 0.000000000000000000, 0.4330708661417322913 ) ) ;
#10212 = CARTESIAN_POINT ( 'NONE',  ( 0.1086680684105311157, -0.08504579395430483801, 0.3562992125984251746 ) ) ;
#10213 = ADVANCED_FACE ( 'NONE', ( #8038 ), #7048, .F. ) ;
#10214 = CARTESIAN_POINT ( 'NONE',  ( -0.1181102362204724532, 0.08267716535433072833, 0.3838582677165355284 ) ) ;
#10215 = ORIENTED_EDGE ( 'NONE', *, *, #5773, .T. ) ;
#10216 = ADVANCED_FACE ( 'NONE', ( #10828 ), #10605, .F. ) ;
#10217 = CARTESIAN_POINT ( 'NONE',  ( -0.09055118110236221041, 0.08858267716535435377, 0.03149606299212598381 ) ) ;
#10218 = EDGE_LOOP ( 'NONE', ( #1489, #8992, #8716, #3830 ) ) ;
#10219 = CARTESIAN_POINT ( 'NONE',  ( 0.000000000000000000, -0.09842519685039370636, 0.02952755905511811330 ) ) ;
#10220 = CARTESIAN_POINT ( 'NONE',  ( 4.310096162416391336E-44, -0.09842519685039370636, 0.3129921259842520231 ) ) ;
#10221 = CARTESIAN_POINT ( 'NONE',  ( -0.1313389175166534972, -0.09842519685039370636, 0.3297527701046850113 ) ) ;
#10222 = PLANE ( 'NONE',  #10253 ) ;
#10223 = EDGE_CURVE ( 'NONE', #10025, #439, #9641, .T. ) ;
#10224 = DIRECTION ( 'NONE',  ( 1.000000000000000000, 0.000000000000000000, 0.000000000000000000 ) ) ;
#10225 = LINE ( 'NONE', #10170, #7461 ) ;
#10226 = ORIENTED_EDGE ( 'NONE', *, *, #1167, .F. ) ;
#10227 = PLANE ( 'NONE',  #737 ) ;
#10228 = CIRCLE ( 'NONE', #6137, 0.09842519685039370636 ) ;
#10229 = ORIENTED_EDGE ( 'NONE', *, *, #2543, .T. ) ;
#10230 = ORIENTED_EDGE ( 'NONE', *, *, #9488, .F. ) ;
#10231 = CARTESIAN_POINT ( 'NONE',  ( 0.1082677165354330728, 0.09842519685039370636, 0.4527559055118110520 ) ) ;
#10232 = CARTESIAN_POINT ( 'NONE',  ( 0.1346456692913385877, -0.08813714464149606520, 0.3346456692913385988 ) ) ;
#10233 = ORIENTED_EDGE ( 'NONE', *, *, #3528, .F. ) ;
#10234 = CARTESIAN_POINT ( 'NONE',  ( 0.1003937007874015630, 0.08070866141732283006, 0.1118110236220472564 ) ) ;
#10235 = EDGE_CURVE ( 'NONE', #10177, #2431, #7933, .T. ) ;
#10236 = ADVANCED_FACE ( 'NONE', ( #7160 ), #5400, .F. ) ;
#10237 = DIRECTION ( 'NONE',  ( 0.000000000000000000, 1.000000000000000000, 0.000000000000000000 ) ) ;
#10238 = CARTESIAN_POINT ( 'NONE',  ( -0.02553060709766479322, 0.09470147216393912104, 0.03984512460770239101 ) ) ;
#10239 = CARTESIAN_POINT ( 'NONE',  ( -0.04141199542562992025, 0.09842519721870078564, 0.1555118110236220763 ) ) ;
#10240 = ORIENTED_EDGE ( 'NONE', *, *, #2817, .F. ) ;
#10241 = LINE ( 'NONE', #2254, #2608 ) ;
#10242 = ORIENTED_EDGE ( 'NONE', *, *, #7927, .F. ) ;
#10243 = AXIS2_PLACEMENT_3D ( 'NONE', #8563, #3838, #11011 ) ;
#10244 = VECTOR ( 'NONE', #830, 39.37007874015748143 ) ;
#10245 = ORIENTED_EDGE ( 'NONE', *, *, #9083, .F. ) ;
#10246 = ORIENTED_EDGE ( 'NONE', *, *, #7229, .T. ) ;
#10247 = CARTESIAN_POINT ( 'NONE',  ( 0.000000000000000000, 0.09842519685039370636, 0.000000000000000000 ) ) ;
#10248 = EDGE_CURVE ( 'NONE', #9543, #9187, #5459, .T. ) ;
#10249 = DIRECTION ( 'NONE',  ( -1.000000000000000000, 0.000000000000000000, 0.000000000000000000 ) ) ;
#10250 = DIRECTION ( 'NONE',  ( 0.000000000000000000, 0.000000000000000000, 1.000000000000000000 ) ) ;
#10251 = CARTESIAN_POINT ( 'NONE',  ( -0.1259842519685039353, -0.09842519685039369248, 0.09133858267716535306 ) ) ;
#10252 = CIRCLE ( 'NONE', #7838, 0.01377952755905511965 ) ;
#10253 = AXIS2_PLACEMENT_3D ( 'NONE', #2230, #9054, #201 ) ;
#10254 = CARTESIAN_POINT ( 'NONE',  ( 0.1082677165354330728, 0.05905511811023622659, 0.08858267716535435377 ) ) ;
#10255 = FACE_OUTER_BOUND ( 'NONE', #8689, .T. ) ;
#10256 = LINE ( 'NONE', #1386, #2085 ) ;
#10257 = ORIENTED_EDGE ( 'NONE', *, *, #8131, .F. ) ;
#10258 = VERTEX_POINT ( 'NONE', #9025 ) ;
#10259 = CARTESIAN_POINT ( 'NONE',  ( 0.000000000000000000, 0.09842519685039370636, 0.1122047244094488277 ) ) ;
#10260 = ORIENTED_EDGE ( 'NONE', *, *, #4808, .T. ) ;
#10261 = ORIENTED_EDGE ( 'NONE', *, *, #98, .T. ) ;
#10262 = ORIENTED_EDGE ( 'NONE', *, *, #11385, .T. ) ;
#10263 = VECTOR ( 'NONE', #3144, 39.37007874015748143 ) ;
#10264 = LINE ( 'NONE', #3274, #5598 ) ;
#10265 = VECTOR ( 'NONE', #2561, 39.37007874015748143 ) ;
#10266 = CARTESIAN_POINT ( 'NONE',  ( 0.1082677165354330728, -0.02362204724409448092, 0.1791338582677165503 ) ) ;
#10267 = DIRECTION ( 'NONE',  ( 0.000000000000000000, -1.000000000000000000, 0.000000000000000000 ) ) ;
#10268 =( BOUNDED_SURFACE ( )  B_SPLINE_SURFACE ( 3, 3, ( 
 ( #9935, #9058, #4349, #7081, #42, #7028, #11463, #844, #3581, #2595, #7137, #10696, #6157, #9710, #1712, #5273, #10642, #9765, #4402 ),
 ( #2650, #6215, #2710, #6272, #8361, #2175, #2993, #8242, #322, #3990, #8181, #1063, #205, #8306, #9235, #8423, #2054, #10869, #9172 ),
 ( #5611, #5735, #3925, #4789, #6554, #6834, #3808, #10928, #10107, #10046, #2113, #7484, #5675, #1179, #9292, #11046, #1119, #3283, #437 ),
 ( #7307, #6440, #1241, #3054, #376, #4730, #3869, #10394, #7425, #10981, #4849, #2877, #6613, #9992, #1995, #4613, #4672, #10171, #5551 ) ),
 .UNSPECIFIED., .F., .F., .T. ) 
 B_SPLINE_SURFACE_WITH_KNOTS ( ( 4, 4 ),
 ( 4, 1, 1, 1, 1, 1, 1, 1, 1, 1, 1, 1, 1, 1, 1, 1, 4 ),
 ( 0.004333672033715999829, 0.9951228901315000153 ),
 ( -0.03294694855972000319, 0.05906448990443000091, 0.1184046490094999987, 0.1781305699849000113, 0.2384581838778999929, 0.2995811377268000064, 0.3616708060803000002, 0.4249504085192000180, 0.4896817047922999988, 0.5562589233203000250, 0.6251191476238999734, 0.6966744401015000365, 0.7710953404953000412, 0.8473810386037999853, 0.9241427611364000372, 1.000000000000000000, 1.030951472271999902 ),
 .UNSPECIFIED. ) 
 GEOMETRIC_REPRESENTATION_ITEM ( )  RATIONAL_B_SPLINE_SURFACE ( (
 ( 1.124187466061000062, 1.124187466061000062, 1.124187466061000062, 1.124187466061000062, 1.124187466061000062, 1.124187466061000062, 1.124187466061000062, 1.124187466061000062, 1.124187466061000062, 1.124187466061000062, 1.124187466061000062, 1.124187466061000062, 1.124187466061000062, 1.124187466061000062, 1.124187466061000062, 1.124187466061000062, 1.124187466061000062, 1.124187466061000062, 1.124187466061000062),
 ( 0.9586949489463999496, 0.9586949489463999496, 0.9586949489463999496, 0.9586949489463999496, 0.9586949489463999496, 0.9586949489463999496, 0.9586949489463999496, 0.9586949489463999496, 0.9586949489463999496, 0.9586949489463999496, 0.9586949489463999496, 0.9586949489463999496, 0.9586949489463999496, 0.9586949489463999496, 0.9586949489463999496, 0.9586949489463999496, 0.9586949489463999496, 0.9586949489463999496, 0.9586949489463999496),
 ( 0.9586042277394000166, 0.9586042277394000166, 0.9586042277394000166, 0.9586042277394000166, 0.9586042277394000166, 0.9586042277394000166, 0.9586042277394000166, 0.9586042277394000166, 0.9586042277394000166, 0.9586042277394000166, 0.9586042277394000166, 0.9586042277394000166, 0.9586042277394000166, 0.9586042277394000166, 0.9586042277394000166, 0.9586042277394000166, 0.9586042277394000166, 0.9586042277394000166, 0.9586042277394000166),
 ( 1.123915302439000063, 1.123915302439000063, 1.123915302439000063, 1.123915302439000063, 1.123915302439000063, 1.123915302439000063, 1.123915302439000063, 1.123915302439000063, 1.123915302439000063, 1.123915302439000063, 1.123915302439000063, 1.123915302439000063, 1.123915302439000063, 1.123915302439000063, 1.123915302439000063, 1.123915302439000063, 1.123915302439000063, 1.123915302439000063, 1.123915302439000063) ) ) 
 REPRESENTATION_ITEM ( '' )  SURFACE ( )  );
#10269 = EDGE_CURVE ( 'NONE', #4136, #10900, #8970, .T. ) ;
#10270 = CARTESIAN_POINT ( 'NONE',  ( 0.02559055118110236532, 0.04500637731503731587, 0.3711815188767857432 ) ) ;
#10271 = LINE ( 'NONE', #4653, #8480 ) ;
#10272 = LINE ( 'NONE', #9337, #8608 ) ;
#10273 = CARTESIAN_POINT ( 'NONE',  ( 0.03149606299212254212, 0.09842519685039370636, 0.2106299212598425064 ) ) ;
#10274 = VECTOR ( 'NONE', #6931, 39.37007874015748143 ) ;
#10275 = ORIENTED_EDGE ( 'NONE', *, *, #8352, .F. ) ;
#10276 = AXIS2_PLACEMENT_3D ( 'NONE', #2114, #9936, #3809 ) ;
#10277 = EDGE_CURVE ( 'NONE', #5122, #3290, #813, .T. ) ;
#10278 = LINE ( 'NONE', #3043, #6335 ) ;
#10279 = VERTEX_POINT ( 'NONE', #4372 ) ;
#10280 = EDGE_CURVE ( 'NONE', #6159, #3931, #4527, .T. ) ;
#10281 = CARTESIAN_POINT ( 'NONE',  ( 0.02559055118110236879, 0.05216292877700693525, 0.3660023665961397166 ) ) ;
#10282 = VECTOR ( 'NONE', #68, 39.37007874015748143 ) ;
#10283 = CARTESIAN_POINT ( 'NONE',  ( 0.03149606299212598381, 0.08464566929133858497, 0.1968503937007874127 ) ) ;
#10284 = ADVANCED_FACE ( 'NONE', ( #121 ), #11482, .F. ) ;
#10285 = FACE_OUTER_BOUND ( 'NONE', #5206, .T. ) ;
#10286 = CARTESIAN_POINT ( 'NONE',  ( -1.325897125061111362E-18, -0.1141732283464567121, 0.09842519685039370636 ) ) ;
#10287 = LINE ( 'NONE', #1414, #4569 ) ;
#10288 = LINE ( 'NONE', #5201, #8203 ) ;
#10289 = ORIENTED_EDGE ( 'NONE', *, *, #11294, .F. ) ;
#10290 = CARTESIAN_POINT ( 'NONE',  ( 0.02559055118110236879, 0.09472723263650224823, 0.3484251968503968011 ) ) ;
#10291 = VECTOR ( 'NONE', #624, 39.37007874015748143 ) ;
#10292 = ORIENTED_EDGE ( 'NONE', *, *, #3161, .F. ) ;
#10293 = ORIENTED_EDGE ( 'NONE', *, *, #9220, .F. ) ;
#10294 = EDGE_CURVE ( 'NONE', #6129, #615, #10335, .T. ) ;
#10295 = CARTESIAN_POINT ( 'NONE',  ( -0.1181102362204724671, -0.05905511811023623353, 0.3562992125984252301 ) ) ;
#10296 = LINE ( 'NONE', #5685, #11061 ) ;
#10297 = ORIENTED_EDGE ( 'NONE', *, *, #10101, .F. ) ;
#10298 = PRODUCT_DEFINITION_FORMATION_WITH_SPECIFIED_SOURCE ( 'ANY', '', #3376, .NOT_KNOWN. ) ;
#10299 = EDGE_CURVE ( 'NONE', #2118, #1501, #3549, .T. ) ;
#10300 = VECTOR ( 'NONE', #975, 39.37007874015748143 ) ;
#10301 = CARTESIAN_POINT ( 'NONE',  ( 0.05405368652051303208, 0.09842519685039370636, 0.3386596165202921394 ) ) ;
#10302 = PLANE ( 'NONE',  #4103 ) ;
#10303 = LINE ( 'NONE', #8675, #1341 ) ;
#10304 = DIRECTION ( 'NONE',  ( 0.000000000000000000, 0.000000000000000000, -1.000000000000000000 ) ) ;
#10305 = VERTEX_POINT ( 'NONE', #3836 ) ;
#10306 = EDGE_LOOP ( 'NONE', ( #6623, #2983, #10146, #8338 ) ) ;
#10307 = CIRCLE ( 'NONE', #5270, 0.003856965870551185352 ) ;
#10308 = LINE ( 'NONE', #8505, #1124 ) ;
#10309 = EDGE_CURVE ( 'NONE', #6907, #1909, #7392, .T. ) ;
#10310 = EDGE_CURVE ( 'NONE', #7772, #3517, #10947, .T. ) ;
#10311 = VERTEX_POINT ( 'NONE', #1262 ) ;
#10312 = ORIENTED_EDGE ( 'NONE', *, *, #5028, .F. ) ;
#10313 = DIRECTION ( 'NONE',  ( 0.000000000000000000, 0.000000000000000000, -1.000000000000000000 ) ) ;
#10314 = DIRECTION ( 'NONE',  ( 0.000000000000000000, -1.000000000000000000, 0.000000000000000000 ) ) ;
#10315 = DIRECTION ( 'NONE',  ( 0.000000000000000000, 0.000000000000000000, -1.000000000000000000 ) ) ;
#10316 = VECTOR ( 'NONE', #1094, 39.37007874015748143 ) ;
#10317 = FACE_OUTER_BOUND ( 'NONE', #672, .T. ) ;
#10318 = DIRECTION ( 'NONE',  ( 0.9737778058631813005, 0.000000000000000000, -0.2275011753997955855 ) ) ;
#10319 = CARTESIAN_POINT ( 'NONE',  ( -0.1181102362204724532, -0.05905511811023622659, 0.09842519685039370636 ) ) ;
#10320 = ORIENTED_EDGE ( 'NONE', *, *, #5178, .T. ) ;
#10321 = ORIENTED_EDGE ( 'NONE', *, *, #9567, .F. ) ;
#10322 = FACE_OUTER_BOUND ( 'NONE', #794, .T. ) ;
#10323 = EDGE_LOOP ( 'NONE', ( #2391, #1800, #1620, #7979 ) ) ;
#10324 = B_SPLINE_CURVE_WITH_KNOTS ( 'NONE', 3,
 ( #1993, #7246, #9661, #1876, #11411, #2934 ),
 .UNSPECIFIED., .F., .F.,
 ( 4, 2, 4 ),
 ( 7.301310773246887510E-17, 0.0001562175706736390667, 0.0003124351413472051123 ),
 .UNSPECIFIED. ) ;
#10325 = VERTEX_POINT ( 'NONE', #5518 ) ;
#10326 = EDGE_CURVE ( 'NONE', #9383, #4027, #1953, .T. ) ;
#10327 = VERTEX_POINT ( 'NONE', #6459 ) ;
#10328 = ORIENTED_EDGE ( 'NONE', *, *, #4474, .F. ) ;
#10329 = LINE ( 'NONE', #2337, #1691 ) ;
#10330 = LINE ( 'NONE', #7588, #5450 ) ;
#10331 = PLANE ( 'NONE',  #7915 ) ;
#10332 = CARTESIAN_POINT ( 'NONE',  ( 0.07677165354331612346, 0.08858267716535435377, 0.3838582677165355284 ) ) ;
#10333 = LINE ( 'NONE', #8700, #4735 ) ;
#10334 = DIRECTION ( 'NONE',  ( 0.000000000000000000, 0.000000000000000000, -1.000000000000000000 ) ) ;
#10335 = B_SPLINE_CURVE_WITH_KNOTS ( 'NONE', 3,
 ( #10664, #2675, #5348, #462 ),
 .UNSPECIFIED., .F., .F.,
 ( 4, 4 ),
 ( 0.000000000000000000, 1.000000000000000000 ),
 .UNSPECIFIED. ) ;
#10336 = CARTESIAN_POINT ( 'NONE',  ( -0.1238066421755511931, -0.07874015748031495954, 0.3562992125984252301 ) ) ;
#10337 = VECTOR ( 'NONE', #5719, 39.37007874015748143 ) ;
#10338 = CIRCLE ( 'NONE', #11445, 0.007874015748031499423 ) ;
#10339 = ORIENTED_EDGE ( 'NONE', *, *, #9422, .T. ) ;
#10340 = EDGE_CURVE ( 'NONE', #10200, #661, #3088, .T. ) ;
#10341 = LINE ( 'NONE', #11438, #10064 ) ;
#10342 = ORIENTED_EDGE ( 'NONE', *, *, #8366, .F. ) ;
#10343 = CARTESIAN_POINT ( 'NONE',  ( -0.1250000000000000000, -0.01968503937007873988, 0.1811023622047244208 ) ) ;
#10344 = CIRCLE ( 'NONE', #2878, 0.06102362204724411099 ) ;
#10345 = PLANE ( 'NONE',  #657 ) ;
#10346 = FACE_OUTER_BOUND ( 'NONE', #7460, .T. ) ;
#10347 = CARTESIAN_POINT ( 'NONE',  ( 0.06318897637795276023, 0.09153543307086615954, 0.2106299212598425064 ) ) ;
#10348 = CARTESIAN_POINT ( 'NONE',  ( -0.1181102362204724532, -0.06692913385826770867, 0.04330708661417323468 ) ) ;
#10349 = ADVANCED_FACE ( 'NONE', ( #2195 ), #285, .F. ) ;
#10350 = ORIENTED_EDGE ( 'NONE', *, *, #4733, .T. ) ;
#10351 = DIRECTION ( 'NONE',  ( 0.000000000000000000, 1.000000000000000000, 0.000000000000000000 ) ) ;
#10352 = VECTOR ( 'NONE', #8734, 39.37007874015748143 ) ;
#10353 = EDGE_CURVE ( 'NONE', #10763, #8532, #7508, .T. ) ;
#10354 = VERTEX_POINT ( 'NONE', #8328 ) ;
#10355 = ORIENTED_EDGE ( 'NONE', *, *, #5074, .T. ) ;
#10356 = LINE ( 'NONE', #555, #626 ) ;
#10357 = CARTESIAN_POINT ( 'NONE',  ( 0.03149606299212598381, 0.08464566929133858497, 0.03149606299212335397 ) ) ;
#10358 = ORIENTED_EDGE ( 'NONE', *, *, #683, .T. ) ;
#10359 = AXIS2_PLACEMENT_3D ( 'NONE', #8285, #651, #10443 ) ;
#10360 = CARTESIAN_POINT ( 'NONE',  ( 0.1181102362204724532, -0.05905511811023622659, 0.2992125984251968740 ) ) ;
#10361 = CARTESIAN_POINT ( 'NONE',  ( 0.1082677165354330728, -0.09842519685039370636, 0.2263779527559055260 ) ) ;
#10362 = EDGE_CURVE ( 'NONE', #3768, #5148, #2955, .T. ) ;
#10363 = LINE ( 'NONE', #7679, #4120 ) ;
#10364 = CARTESIAN_POINT ( 'NONE',  ( 0.1023622047244094613, 0.08267716535433072833, 0.3858267716535432879 ) ) ;
#10365 = AXIS2_PLACEMENT_3D ( 'NONE', #9232, #7482, #3052 ) ;
#10366 = ORIENTED_EDGE ( 'NONE', *, *, #822, .T. ) ;
#10367 = ORIENTED_EDGE ( 'NONE', *, *, #5343, .T. ) ;
#10368 = VERTEX_POINT ( 'NONE', #4811 ) ;
#10369 = EDGE_LOOP ( 'NONE', ( #7237, #2269, #10565, #9740, #9885, #3721, #175, #4676, #1732 ) ) ;
#10370 = LINE ( 'NONE', #10247, #11283 ) ;
#10371 = CARTESIAN_POINT ( 'NONE',  ( -0.02659386497668275381, 0.09751021913988690282, 0.03508688425969436891 ) ) ;
#10372 = CARTESIAN_POINT ( 'NONE',  ( 0.03149606299212598381, 0.07534629536877952838, 0.3543307086614174151 ) ) ;
#10373 = CARTESIAN_POINT ( 'NONE',  ( 0.09054606099464232449, 0.001567628550061059148, -0.09842519312627130701 ) ) ;
#10374 = EDGE_CURVE ( 'NONE', #2629, #2170, #1960, .T. ) ;
#10375 = COORDINATED_UNIVERSAL_TIME_OFFSET ( 0, 0, .AHEAD. ) ;
#10376 = CARTESIAN_POINT ( 'NONE',  ( -0.03050125951131462884, 0.08670145462893764920, 0.03384961476790554480 ) ) ;
#10377 = CARTESIAN_POINT ( 'NONE',  ( -0.1082677165354330728, -0.05118110236220473758, 0.03937007874015747977 ) ) ;
#10378 = VERTEX_POINT ( 'NONE', #8206 ) ;
#10379 = ORIENTED_EDGE ( 'NONE', *, *, #3696, .T. ) ;
#10380 = DIRECTION ( 'NONE',  ( 0.000000000000000000, 0.000000000000000000, -1.000000000000000000 ) ) ;
#10381 = EDGE_LOOP ( 'NONE', ( #6397, #585, #7548, #3871 ) ) ;
#10382 = EDGE_LOOP ( 'NONE', ( #10292, #4066, #1113, #940 ) ) ;
#10383 = VERTEX_POINT ( 'NONE', #10892 ) ;
#10384 = ORIENTED_EDGE ( 'NONE', *, *, #838, .F. ) ;
#10385 = DIRECTION ( 'NONE',  ( 1.000000000000000000, 0.000000000000000000, 0.000000000000000000 ) ) ;
#10386 = DIRECTION ( 'NONE',  ( -0.8285309289390955234, 0.000000000000000000, 0.5599433005147214093 ) ) ;
#10387 = FACE_OUTER_BOUND ( 'NONE', #4947, .T. ) ;
#10388 = CARTESIAN_POINT ( 'NONE',  ( 0.02539546863195275839, 0.08908503763114179741, 0.03587149537927167287 ) ) ;
#10389 = CARTESIAN_POINT ( 'NONE',  ( -0.1259842519685039353, -0.08070866141732283006, 0.1771653543307087075 ) ) ;
#10390 = DIRECTION ( 'NONE',  ( 1.000000000000000000, 0.000000000000000000, 0.000000000000000000 ) ) ;
#10391 = EDGE_CURVE ( 'NONE', #10041, #7901, #8265, .T. ) ;
#10392 = FACE_OUTER_BOUND ( 'NONE', #1984, .T. ) ;
#10393 = ADVANCED_FACE ( 'NONE', ( #11009 ), #6402, .F. ) ;
#10394 = CARTESIAN_POINT ( 'NONE',  ( 0.03563730755140550460, 0.1105284091783464567, 0.02997149180318897307 ) ) ;
#10395 = ORIENTED_EDGE ( 'NONE', *, *, #166, .F. ) ;
#10396 = ORIENTED_EDGE ( 'NONE', *, *, #1249, .F. ) ;
#10397 = VECTOR ( 'NONE', #1798, 39.37007874015748143 ) ;
#10398 = CARTESIAN_POINT ( 'NONE',  ( -0.1082677165354331006, -0.05905511811023623353, 0.2165354330708662012 ) ) ;
#10399 = ORIENTED_EDGE ( 'NONE', *, *, #5492, .F. ) ;
#10400 = LINE ( 'NONE', #2407, #11245 ) ;
#10401 = PLANE ( 'NONE',  #4368 ) ;
#10402 = FACE_OUTER_BOUND ( 'NONE', #381, .T. ) ;
#10403 = DIRECTION ( 'NONE',  ( 0.000000000000000000, 0.000000000000000000, 1.000000000000000000 ) ) ;
#10404 = DIRECTION ( 'NONE',  ( 0.000000000000000000, 1.000000000000000000, 0.000000000000000000 ) ) ;
#10405 = EDGE_CURVE ( 'NONE', #581, #9907, #2707, .T. ) ;
#10406 = CARTESIAN_POINT ( 'NONE',  ( 0.000000000000000000, 0.08858267716535435377, 0.1240157480314960647 ) ) ;
#10407 = VERTEX_POINT ( 'NONE', #3083 ) ;
#10408 = CARTESIAN_POINT ( 'NONE',  ( 0.02750949998873578398, 0.09749693282254040527, 0.3407745314006135340 ) ) ;
#10409 = VERTEX_POINT ( 'NONE', #9316 ) ;
#10410 = ORIENTED_EDGE ( 'NONE', *, *, #4808, .F. ) ;
#10411 = CARTESIAN_POINT ( 'NONE',  ( -0.1082677165354330728, -0.05118110236220473758, 0.2362204724409449064 ) ) ;
#10412 = CARTESIAN_POINT ( 'NONE',  ( -0.04148596327578740056, 0.09350387691515750499, 0.02952755905511811330 ) ) ;
#10413 = ORIENTED_EDGE ( 'NONE', *, *, #5874, .F. ) ;
#10414 = ADVANCED_FACE ( 'NONE', ( #1322 ), #3473, .F. ) ;
#10415 = CYLINDRICAL_SURFACE ( 'NONE', #4465, 0.01771653543307086243 ) ;
#10416 = CARTESIAN_POINT ( 'NONE',  ( -0.1406663324992913355, -0.09842519685039370636, 0.1771653543307087075 ) ) ;
#10417 = ORIENTED_EDGE ( 'NONE', *, *, #3722, .F. ) ;
#10418 = ORIENTED_EDGE ( 'NONE', *, *, #7945, .T. ) ;
#10419 = ORIENTED_EDGE ( 'NONE', *, *, #9382, .T. ) ;
#10420 = ADVANCED_FACE ( 'NONE', ( #1380 ), #5167, .T. ) ;
#10421 = AXIS2_PLACEMENT_3D ( 'NONE', #9723, #6934, #11362 ) ;
#10422 = ORIENTED_EDGE ( 'NONE', *, *, #1038, .F. ) ;
#10423 = DIRECTION ( 'NONE',  ( 0.000000000000000000, 0.000000000000000000, -1.000000000000000000 ) ) ;
#10424 = EDGE_CURVE ( 'NONE', #10305, #6914, #5997, .T. ) ;
#10425 = CARTESIAN_POINT ( 'NONE',  ( -0.03256412257546804911, 0.09852427496348403757, 0.03069883061974800972 ) ) ;
#10426 = PLANE ( 'NONE',  #11390 ) ;
#10427 = DIRECTION ( 'NONE',  ( -1.000000000000000000, 0.000000000000000000, 0.000000000000000000 ) ) ;
#10428 = COORDINATED_UNIVERSAL_TIME_OFFSET ( 0, 0, .AHEAD. ) ;
#10429 = PLANE ( 'NONE',  #7280 ) ;
#10430 = VERTEX_POINT ( 'NONE', #9547 ) ;
#10431 = AXIS2_PLACEMENT_3D ( 'NONE', #11498, #6140, #4437 ) ;
#10432 = EDGE_LOOP ( 'NONE', ( #10741, #1013, #1534, #7117 ) ) ;
#10433 = DIRECTION ( 'NONE',  ( 0.000000000000000000, 0.000000000000000000, -1.000000000000000000 ) ) ;
#10434 = ORIENTED_EDGE ( 'NONE', *, *, #7718, .T. ) ;
#10435 = ORIENTED_EDGE ( 'NONE', *, *, #10852, .T. ) ;
#10436 = ORIENTED_EDGE ( 'NONE', *, *, #5788, .T. ) ;
#10437 = LINE ( 'NONE', #3215, #8779 ) ;
#10438 = EDGE_CURVE ( 'NONE', #1488, #11137, #1699, .T. ) ;
#10439 = CARTESIAN_POINT ( 'NONE',  ( 0.000000000000000000, 0.09842519685039370636, 0.2362204724409449064 ) ) ;
#10440 = CIRCLE ( 'NONE', #4291, 0.005905511811023620231 ) ;
#10441 = FACE_OUTER_BOUND ( 'NONE', #5356, .T. ) ;
#10442 = CIRCLE ( 'NONE', #7269, 0.01377952755905511965 ) ;
#10443 = DIRECTION ( 'NONE',  ( 1.000000000000000000, 0.000000000000000000, 0.000000000000000000 ) ) ;
#10444 = PLANE ( 'NONE',  #9405 ) ;
#10445 = CARTESIAN_POINT ( 'NONE',  ( -0.02539069452365354251, 0.08907654845015747225, 0.03587992057801182161 ) ) ;
#10446 = CYLINDRICAL_SURFACE ( 'NONE', #11141, 0.007874015748031499423 ) ;
#10447 = LINE ( 'NONE', #11376, #7308 ) ;
#10448 = VERTEX_POINT ( 'NONE', #2494 ) ;
#10449 = ORIENTED_EDGE ( 'NONE', *, *, #1832, .T. ) ;
#10450 = VECTOR ( 'NONE', #4134, 39.37007874015748143 ) ;
#10451 = CIRCLE ( 'NONE', #4473, 0.01771653543307086243 ) ;
#10452 = CARTESIAN_POINT ( 'NONE',  ( 0.1206070764897637787, -0.09842069868271653699, 0.2165380831205117873 ) ) ;
#10453 = VERTEX_POINT ( 'NONE', #9374 ) ;
#10454 = EDGE_CURVE ( 'NONE', #11505, #11422, #2435, .T. ) ;
#10455 = CARTESIAN_POINT ( 'NONE',  ( 0.1181102362204724532, 0.000000000000000000, 0.1968503937007874127 ) ) ;
#10456 = EDGE_CURVE ( 'NONE', #10041, #9229, #6056, .T. ) ;
#10457 = LINE ( 'NONE', #2468, #3059 ) ;
#10458 = CARTESIAN_POINT ( 'NONE',  ( 0.1417322834645669549, -0.01220472440944881873, 0.1968503937007874127 ) ) ;
#10459 = VECTOR ( 'NONE', #8374, 39.37007874015748143 ) ;
#10460 = CARTESIAN_POINT ( 'NONE',  ( 0.1181102362204724671, -0.05905511811023623353, 0.3562992125984252301 ) ) ;
#10461 = LINE ( 'NONE', #7724, #10626 ) ;
#10462 = ORIENTED_EDGE ( 'NONE', *, *, #3478, .T. ) ;
#10463 = CARTESIAN_POINT ( 'NONE',  ( 0.03050125951131553437, 0.08670145462893937005, 0.03384961476790412926 ) ) ;
#10464 = ORIENTED_EDGE ( 'NONE', *, *, #10175, .T. ) ;
#10465 = ORIENTED_EDGE ( 'NONE', *, *, #9648, .F. ) ;
#10466 = AXIS2_PLACEMENT_3D ( 'NONE', #188, #6306, #5478 ) ;
#10467 = DIRECTION ( 'NONE',  ( 0.2275011753997955577, 0.000000000000000000, -0.9737778058631811895 ) ) ;
#10468 = EDGE_CURVE ( 'NONE', #4503, #2221, #8562, .T. ) ;
#10469 = CYLINDRICAL_SURFACE ( 'NONE', #10131, 0.005905511811023620231 ) ;
#10470 = VERTEX_POINT ( 'NONE', #5110 ) ;
#10471 = DIRECTION ( 'NONE',  ( 1.000000000000000000, 0.000000000000000000, 0.000000000000000000 ) ) ;
#10472 = CARTESIAN_POINT ( 'NONE',  ( 0.1059055118110236310, 0.08858267716535435377, 0.03149606299212598381 ) ) ;
#10473 = AXIS2_PLACEMENT_3D ( 'NONE', #9549, #575, #10427 ) ;
#10474 = ORIENTED_EDGE ( 'NONE', *, *, #7371, .T. ) ;
#10475 = CARTESIAN_POINT ( 'NONE',  ( -0.1003937007874015630, 0.08070866141732283006, 0.1574803149606299191 ) ) ;
#10476 = ORIENTED_EDGE ( 'NONE', *, *, #11288, .F. ) ;
#10477 = EDGE_CURVE ( 'NONE', #10554, #9327, #4298, .T. ) ;
#10478 = ORIENTED_EDGE ( 'NONE', *, *, #9997, .F. ) ;
#10479 = ORIENTED_EDGE ( 'NONE', *, *, #57, .T. ) ;
#10480 = LINE ( 'NONE', #11352, #6991 ) ;
#10481 = DIRECTION ( 'NONE',  ( 0.000000000000000000, 1.000000000000000000, 0.000000000000000000 ) ) ;
#10482 = CARTESIAN_POINT ( 'NONE',  ( -0.09054685370319566495, -0.0008828582562784219150, -0.09842519685037277866 ) ) ;
#10483 = CARTESIAN_POINT ( 'NONE',  ( 0.1422251440815793244, -0.08858267716535435377, 0.3468957707501311161 ) ) ;
#10484 = CC_DESIGN_PERSON_AND_ORGANIZATION_ASSIGNMENT ( #521, #6000, ( #9055 ) ) ;
#10485 = DATE_TIME_ROLE ( 'creation_date' ) ;
#10486 = LINE ( 'NONE', #854, #9712 ) ;
#10487 = AXIS2_PLACEMENT_3D ( 'NONE', #1303, #10113, #11111 ) ;
#10488 = EDGE_CURVE ( 'NONE', #993, #1715, #9607, .T. ) ;
#10489 = ORIENTED_EDGE ( 'NONE', *, *, #87, .F. ) ;
#10490 = ORIENTED_EDGE ( 'NONE', *, *, #3075, .T. ) ;
#10491 = LINE ( 'NONE', #700, #559 ) ;
#10492 = ORIENTED_EDGE ( 'NONE', *, *, #10522, .F. ) ;
#10493 = VERTEX_POINT ( 'NONE', #4991 ) ;
#10494 = ADVANCED_FACE ( 'NONE', ( #7861 ), #5937, .F. ) ;
#10495 = EDGE_CURVE ( 'NONE', #7886, #8428, #2538, .T. ) ;
#10496 = ORIENTED_EDGE ( 'NONE', *, *, #9986, .F. ) ;
#10497 = DIRECTION ( 'NONE',  ( 1.000000000000000000, 0.000000000000000000, 0.000000000000000000 ) ) ;
#10498 = CARTESIAN_POINT ( 'NONE',  ( 0.1059055118110236310, 0.08858267716535435377, 0.1574803149606299191 ) ) ;
#10499 = AXIS2_PLACEMENT_3D ( 'NONE', #7285, #356, #2971 ) ;
#10500 = CARTESIAN_POINT ( 'NONE',  ( -0.02559055052219291401, 0.07448961251688976382, 0.05866861494129921306 ) ) ;
#10501 = CARTESIAN_POINT ( 'NONE',  ( 0.02598670175798425963, 0.09018166254893698885, 0.03485800314000001010 ) ) ;
#10502 = LINE ( 'NONE', #4958, #3269 ) ;
#10503 = PLANE ( 'NONE',  #7858 ) ;
#10504 = PLANE ( 'NONE',  #8897 ) ;
#10505 = LINE ( 'NONE', #9514, #3025 ) ;
#10506 = ADVANCED_FACE ( 'NONE', ( #1612 ), #2320, .T. ) ;
#10507 = ORIENTED_EDGE ( 'NONE', *, *, #5152, .T. ) ;
#10508 = ORIENTED_EDGE ( 'NONE', *, *, #9367, .T. ) ;
#10509 = AXIS2_PLACEMENT_3D ( 'NONE', #11398, #2481, #8669 ) ;
#10510 = DIRECTION ( 'NONE',  ( 0.000000000000000000, 0.000000000000000000, -1.000000000000000000 ) ) ;
#10511 = EDGE_CURVE ( 'NONE', #352, #4432, #3202, .T. ) ;
#10512 = ORIENTED_EDGE ( 'NONE', *, *, #9385, .T. ) ;
#10513 = DIRECTION ( 'NONE',  ( 0.9995910588252263640, 0.02859571850230074527, 0.000000000000000000 ) ) ;
#10514 = EDGE_LOOP ( 'NONE', ( #469, #5290, #1998, #442, #11285, #395, #9659 ) ) ;
#10515 = LINE ( 'NONE', #2408, #10699 ) ;
#10516 = DIRECTION ( 'NONE',  ( 0.000000000000000000, 0.000000000000000000, -1.000000000000000000 ) ) ;
#10517 = CARTESIAN_POINT ( 'NONE',  ( 0.1181102362204724532, -0.08070866141732283006, 0.3129921259842520231 ) ) ;
#10518 = VECTOR ( 'NONE', #3170, 39.37007874015748143 ) ;
#10519 = CARTESIAN_POINT ( 'NONE',  ( 0.1082677165354330728, -0.05118110236220473758, 0.2362204724409449064 ) ) ;
#10520 = CARTESIAN_POINT ( 'NONE',  ( 0.000000000000000000, 0.000000000000000000, -0.09055130052448821798 ) ) ;
#10521 = PLANE ( 'NONE',  #7267 ) ;
#10522 = EDGE_CURVE ( 'NONE', #2712, #4428, #6927, .T. ) ;
#10523 = EDGE_LOOP ( 'NONE', ( #2089, #8756, #11325, #4444 ) ) ;
#10524 = ADVANCED_FACE ( 'NONE', ( #573 ), #1491, .T. ) ;
#10525 = CARTESIAN_POINT ( 'NONE',  ( 0.09389763779528238763, 0.09153543307086615954, 0.1555118110236172191 ) ) ;
#10526 = AXIS2_PLACEMENT_3D ( 'NONE', #7602, #4099, #5789 ) ;
#10527 = VECTOR ( 'NONE', #2564, 39.37007874015748143 ) ;
#10528 = ORIENTED_EDGE ( 'NONE', *, *, #5589, .T. ) ;
#10529 = LINE ( 'NONE', #5921, #11236 ) ;
#10530 = CARTESIAN_POINT ( 'NONE',  ( 0.1346456692913385877, -0.08858267716535435377, 0.1967966366946456713 ) ) ;
#10531 = VERTEX_POINT ( 'NONE', #6379 ) ;
#10532 = AXIS2_PLACEMENT_3D ( 'NONE', #8483, #6549, #10166 ) ;
#10533 = CARTESIAN_POINT ( 'NONE',  ( -0.1406312231058267637, -0.09842519685039370636, 0.05118110236220473758 ) ) ;
#10534 = VECTOR ( 'NONE', #9898, 39.37007874015748854 ) ;
#10535 = LINE ( 'NONE', #1479, #8234 ) ;
#10536 = EDGE_CURVE ( 'NONE', #8780, #8798, #9000, .T. ) ;
#10537 = EDGE_CURVE ( 'NONE', #7992, #9954, #9933, .T. ) ;
#10538 = VERTEX_POINT ( 'NONE', #6110 ) ;
#10539 = VECTOR ( 'NONE', #7573, 39.37007874015748143 ) ;
#10540 = VERTEX_POINT ( 'NONE', #1934 ) ;
#10541 = LINE ( 'NONE', #2550, #4209 ) ;
#10542 = DIRECTION ( 'NONE',  ( 0.000000000000000000, 1.000000000000000000, 0.000000000000000000 ) ) ;
#10543 = CARTESIAN_POINT ( 'NONE',  ( -0.02559055118110236185, 0.09473329822164812397, 0.1712598425196844854 ) ) ;
#10544 = DIRECTION ( 'NONE',  ( -1.000000000000000000, 0.000000000000000000, 0.000000000000000000 ) ) ;
#10545 = DATE_AND_TIME ( #3428, #9731 ) ;
#10546 = ADVANCED_FACE ( 'NONE', ( #9056 ), #6437, .F. ) ;
#10547 = B_SPLINE_SURFACE_WITH_KNOTS ( 'NONE', 3, 3, ( 
 ( #10918, #2925, #10036, #7474, #5599 ),
 ( #365, #9160, #3914, #4777, #2982 ),
 ( #6543, #10096, #2101, #8349, #1581 ),
 ( #10452, #7007, #9632, #5015, #3338 ) ),
 .UNSPECIFIED., .F., .F., .F.,
 ( 4, 4 ),
 ( 4, 1, 4 ),
 ( -0.07684719576133000607, 1.077122863779000017 ),
 ( 0.3502040489070000207, 0.5110689171112999807, 0.6719344085249000509 ),
 .UNSPECIFIED. ) ;
#10548 = DIRECTION ( 'NONE',  ( -0.000000000000000000, -1.000000000000000000, -0.000000000000000000 ) ) ;
#10549 = VECTOR ( 'NONE', #5914, 39.37007874015748143 ) ;
#10550 = VERTEX_POINT ( 'NONE', #6490 ) ;
#10551 = DIRECTION ( 'NONE',  ( 0.000000000000000000, 0.000000000000000000, 1.000000000000000000 ) ) ;
#10552 = ORIENTED_EDGE ( 'NONE', *, *, #98, .F. ) ;
#10553 = VERTEX_POINT ( 'NONE', #5223 ) ;
#10554 = VERTEX_POINT ( 'NONE', #6318 ) ;
#10555 = CARTESIAN_POINT ( 'NONE',  ( -0.1313389175166534972, -0.09842519685039370636, 0.3297527701046850113 ) ) ;
#10556 = DIRECTION ( 'NONE',  ( -1.000000000000000000, 0.000000000000000000, 0.000000000000000000 ) ) ;
#10557 = CARTESIAN_POINT ( 'NONE',  ( 0.09055118110236221041, 0.02362204724409448786, 0.1574803149606299191 ) ) ;
#10558 = CARTESIAN_POINT ( 'NONE',  ( 0.02559055118110236879, 0.05905511811023622659, 0.2170084889991732435 ) ) ;
#10559 = DIRECTION ( 'NONE',  ( 1.000000000000000000, 0.000000000000000000, 0.000000000000000000 ) ) ;
#10560 = CARTESIAN_POINT ( 'NONE',  ( -0.04207296895322835961, 0.08926654805708662821, 0.02953759305304330673 ) ) ;
#10561 = DIRECTION ( 'NONE',  ( 0.000000000000000000, 0.000000000000000000, -1.000000000000000000 ) ) ;
#10562 = ADVANCED_FACE ( 'NONE', ( #2051 ), #2759, .T. ) ;
#10563 = CARTESIAN_POINT ( 'NONE',  ( 0.1181102362204724532, -0.06692913385826770867, 0.09842519685039370636 ) ) ;
#10564 = ORIENTED_EDGE ( 'NONE', *, *, #11409, .F. ) ;
#10565 = ORIENTED_EDGE ( 'NONE', *, *, #4701, .F. ) ;
#10566 = DIRECTION ( 'NONE',  ( 0.000000000000000000, 1.000000000000000000, 0.000000000000000000 ) ) ;
#10567 = FACE_OUTER_BOUND ( 'NONE', #8409, .T. ) ;
#10568 = ORIENTED_EDGE ( 'NONE', *, *, #981, .F. ) ;
#10569 = DIRECTION ( 'NONE',  ( 0.000000000000000000, 0.000000000000000000, 1.000000000000000000 ) ) ;
#10570 = PLANE ( 'NONE',  #2508 ) ;
#10571 = ADVANCED_FACE ( 'NONE', ( #1177 ), #4728, .T. ) ;
#10572 = LINE ( 'NONE', #3402, #5312 ) ;
#10573 = CARTESIAN_POINT ( 'NONE',  ( 0.05539912351201074781, 0.09842519685039369248, 0.3413482639294156407 ) ) ;
#10574 = LINE ( 'NONE', #2583, #6155 ) ;
#10575 = CARTESIAN_POINT ( 'NONE',  ( 0.1082677165354330728, -0.01771653543307086937, 0.3346456692913385988 ) ) ;
#10576 = CARTESIAN_POINT ( 'NONE',  ( 0.1427909053053550703, -0.08858267716535435377, 0.05823368374837794431 ) ) ;
#10577 = ORIENTED_EDGE ( 'NONE', *, *, #8106, .T. ) ;
#10578 = AXIS2_PLACEMENT_3D ( 'NONE', #7396, #3087, #5822 ) ;
#10579 = DIRECTION ( 'NONE',  ( 0.000000000000000000, 0.000000000000000000, 1.000000000000000000 ) ) ;
#10580 = VERTEX_POINT ( 'NONE', #2814 ) ;
#10581 = DIRECTION ( 'NONE',  ( 0.000000000000000000, 0.000000000000000000, -1.000000000000000000 ) ) ;
#10582 = CARTESIAN_POINT ( 'NONE',  ( 0.1023622047244094613, 0.08267716535433072833, 0.3858267716535432879 ) ) ;
#10583 = EDGE_CURVE ( 'NONE', #1335, #3336, #7369, .T. ) ;
#10584 = ORIENTED_EDGE ( 'NONE', *, *, #683, .F. ) ;
#10585 = DIRECTION ( 'NONE',  ( 0.000000000000000000, -1.000000000000000000, 0.000000000000000000 ) ) ;
#10586 = LINE ( 'NONE', #8839, #5059 ) ;
#10587 = ORIENTED_EDGE ( 'NONE', *, *, #11032, .F. ) ;
#10588 = ORIENTED_EDGE ( 'NONE', *, *, #2135, .T. ) ;
#10589 = EDGE_CURVE ( 'NONE', #2866, #3570, #5549, .T. ) ;
#10590 = EDGE_CURVE ( 'NONE', #5583, #11167, #10324, .T. ) ;
#10591 = ORIENTED_EDGE ( 'NONE', *, *, #7060, .F. ) ;
#10592 = LINE ( 'NONE', #7971, #10352 ) ;
#10593 = CARTESIAN_POINT ( 'NONE',  ( 0.1131889763779527630, 0.01771653543307086937, 0.05314960629921260116 ) ) ;
#10594 = CARTESIAN_POINT ( 'NONE',  ( -0.1082677165354330728, 0.000000000000000000, 0.2145669291338582751 ) ) ;
#10595 = DIRECTION ( 'NONE',  ( 0.000000000000000000, 0.000000000000000000, 1.000000000000000000 ) ) ;
#10596 = VERTEX_POINT ( 'NONE', #10802 ) ;
#10597 = DIRECTION ( 'NONE',  ( 0.000000000000000000, 0.000000000000000000, 1.000000000000000000 ) ) ;
#10598 = VECTOR ( 'NONE', #673, 39.37007874015748143 ) ;
#10599 = EDGE_LOOP ( 'NONE', ( #8899, #9501, #7853, #9161 ) ) ;
#10600 = VERTEX_POINT ( 'NONE', #10044 ) ;
#10601 = DIRECTION ( 'NONE',  ( -1.000000000000000000, 0.000000000000000000, 0.000000000000000000 ) ) ;
#10602 = FACE_OUTER_BOUND ( 'NONE', #5698, .T. ) ;
#10603 = ADVANCED_FACE ( 'NONE', ( #8179 ), #3423, .T. ) ;
#10604 = CARTESIAN_POINT ( 'NONE',  ( 0.1181102362204724532, 0.02362204724409448786, 0.2362204724409449064 ) ) ;
#10605 = CYLINDRICAL_SURFACE ( 'NONE', #1408, 0.01574803149606299885 ) ;
#10606 = DIRECTION ( 'NONE',  ( 0.000000000000000000, 1.000000000000000000, 0.000000000000000000 ) ) ;
#10607 = CARTESIAN_POINT ( 'NONE',  ( -0.02560856062694488733, 0.08857510949051181082, 0.04607807509236220428 ) ) ;
#10608 = VECTOR ( 'NONE', #1762, 39.37007874015748854 ) ;
#10609 = DIRECTION ( 'NONE',  ( 0.000000000000000000, -1.000000000000000000, 0.000000000000000000 ) ) ;
#10610 = CARTESIAN_POINT ( 'NONE',  ( 0.1082677165354331006, -0.09842519685039370636, 0.4133858267716535861 ) ) ;
#10611 = ORIENTED_EDGE ( 'NONE', *, *, #6562, .F. ) ;
#10612 = ORIENTED_EDGE ( 'NONE', *, *, #4442, .T. ) ;
#10613 = DIRECTION ( 'NONE',  ( 0.000000000000000000, 1.000000000000000000, 0.000000000000000000 ) ) ;
#10614 = ORIENTED_EDGE ( 'NONE', *, *, #8894, .T. ) ;
#10615 = EDGE_LOOP ( 'NONE', ( #6195, #4239, #10700, #3098 ) ) ;
#10616 = VECTOR ( 'NONE', #3878, 39.37007874015748143 ) ;
#10617 = AXIS2_PLACEMENT_3D ( 'NONE', #4138, #5056, #11252 ) ;
#10618 = CARTESIAN_POINT ( 'NONE',  ( -0.1406312231058267637, -0.08812772974917322533, 0.05503806823275591426 ) ) ;
#10619 = ADVANCED_FACE ( 'NONE', ( #8793 ), #9108, .F. ) ;
#10620 = DIRECTION ( 'NONE',  ( 0.000000000000000000, -1.000000000000000000, 0.000000000000000000 ) ) ;
#10621 = DIRECTION ( 'NONE',  ( 5.667802964485947722E-14, 0.000000000000000000, -1.000000000000000000 ) ) ;
#10622 = DIRECTION ( 'NONE',  ( -1.000000000000000000, 0.000000000000000000, 0.000000000000000000 ) ) ;
#10623 = DIRECTION ( 'NONE',  ( 0.000000000000000000, -1.084202172485504434E-15, -1.000000000000000000 ) ) ;
#10624 = LINE ( 'NONE', #11330, #6270 ) ;
#10625 = FACE_OUTER_BOUND ( 'NONE', #5514, .T. ) ;
#10626 = VECTOR ( 'NONE', #8661, 39.37007874015748143 ) ;
#10627 = EDGE_LOOP ( 'NONE', ( #5557, #4751, #2120, #6921 ) ) ;
#10628 = B_SPLINE_CURVE_WITH_KNOTS ( 'NONE', 3,
 ( #596, #2976, #10212, #6536, #10093, #361, #2098, #2217, #9218, #2162, #3908, #7468, #6596, #10155, #5720, #1280 ),
 .UNSPECIFIED., .F., .F.,
 ( 4, 2, 1, 2, 2, 1, 2, 2, 4 ),
 ( 0.000000000000000000, 0.2499999999999998335, 0.3750000000000000555, 0.4374999999999995004, 0.4999999999999988898, 0.6249999999999976685, 0.6874999999999983347, 0.7499999999999990008, 1.000000000000000000 ),
 .UNSPECIFIED. ) ;
#10629 = VECTOR ( 'NONE', #8484, 39.37007874015748143 ) ;
#10630 = DIRECTION ( 'NONE',  ( 0.000000000000000000, -1.000000000000000000, 0.000000000000000000 ) ) ;
#10631 = ADVANCED_FACE ( 'NONE', ( #799 ), #1663, .F. ) ;
#10632 = VERTEX_POINT ( 'NONE', #7192 ) ;
#10633 = DIRECTION ( 'NONE',  ( 0.000000000000000000, -1.000000000000000000, 0.000000000000000000 ) ) ;
#10634 = EDGE_CURVE ( 'NONE', #4092, #443, #10746, .T. ) ;
#10635 = VECTOR ( 'NONE', #1480, 39.37007874015748143 ) ;
#10636 = DIRECTION ( 'NONE',  ( 0.000000000000000000, 0.000000000000000000, 1.000000000000000000 ) ) ;
#10637 = AXIS2_PLACEMENT_3D ( 'NONE', #5470, #10843, #6769 ) ;
#10638 = PRODUCT_DEFINITION_SHAPE ( 'NONE', 'NONE',  #9055 ) ;
#10639 = ORIENTED_EDGE ( 'NONE', *, *, #222, .T. ) ;
#10640 =( BOUNDED_CURVE ( )  B_SPLINE_CURVE ( 3, ( #6631, #9444, #10201, #3093 ),
 .UNSPECIFIED., .F., .F. ) 
 B_SPLINE_CURVE_WITH_KNOTS ( ( 4, 4 ),
 ( 0.000000000000000000, 1.000000000000000000 ),
 .UNSPECIFIED. ) 
 CURVE ( )  GEOMETRIC_REPRESENTATION_ITEM ( )  RATIONAL_B_SPLINE_CURVE ( ( 1.171578477553337772, 0.9428086072301862242, 0.9428071741578646359, 1.171574178336373340 ) ) 
 REPRESENTATION_ITEM ( '' )  );
#10641 = PLANE ( 'NONE',  #5033 ) ;
#10642 = CARTESIAN_POINT ( 'NONE',  ( 0.02547989336953936784, 0.09347345305606298560, 0.04139380016224410153 ) ) ;
#10643 = CIRCLE ( 'NONE', #599, 0.01771653543307086243 ) ;
#10644 = EDGE_CURVE ( 'NONE', #11132, #3048, #6149, .T. ) ;
#10645 = ORIENTED_EDGE ( 'NONE', *, *, #4403, .T. ) ;
#10646 = EDGE_LOOP ( 'NONE', ( #1092, #34, #6836, #8662, #2075, #10068, #3666, #5055, #4690, #4407, #2334, #254 ) ) ;
#10647 = FACE_OUTER_BOUND ( 'NONE', #628, .T. ) ;
#10648 = EDGE_CURVE ( 'NONE', #3692, #3856, #3234, .T. ) ;
#10649 = ORIENTED_EDGE ( 'NONE', *, *, #11112, .T. ) ;
#10650 = ORIENTED_EDGE ( 'NONE', *, *, #7760, .F. ) ;
#10651 = PLANE ( 'NONE',  #7362 ) ;
#10652 = LINE ( 'NONE', #10757, #9873 ) ;
#10653 = CARTESIAN_POINT ( 'NONE',  ( -0.02782687126475533179, 0.1064868729813426285, 0.02814928270255646209 ) ) ;
#10654 = DIRECTION ( 'NONE',  ( 0.000000000000000000, 1.000000000000000000, 0.000000000000000000 ) ) ;
#10655 = ADVANCED_FACE ( 'NONE', ( #8303 ), #374, .F. ) ;
#10656 = ORIENTED_EDGE ( 'NONE', *, *, #2360, .F. ) ;
#10657 = CARTESIAN_POINT ( 'NONE',  ( 0.1313389175165994016, -0.08813714464149606520, 0.3395385684779557711 ) ) ;
#10658 = EDGE_CURVE ( 'NONE', #7359, #5630, #1415, .T. ) ;
#10659 = VECTOR ( 'NONE', #7221, 39.37007874015748854 ) ;
#10660 = VERTEX_POINT ( 'NONE', #6730 ) ;
#10661 = ORIENTED_EDGE ( 'NONE', *, *, #10438, .F. ) ;
#10662 = DIRECTION ( 'NONE',  ( 1.000000000000000000, 0.000000000000000000, 0.000000000000000000 ) ) ;
#10663 = FACE_OUTER_BOUND ( 'NONE', #3213, .T. ) ;
#10664 = CARTESIAN_POINT ( 'NONE',  ( 0.05539912351201074781, 0.09842519685039369248, 0.3413482639294156407 ) ) ;
#10665 = CARTESIAN_POINT ( 'NONE',  ( 0.1082677165354330728, -0.05905511811023622659, 0.1653543307086614567 ) ) ;
#10666 = PLANE ( 'NONE',  #9341 ) ;
#10667 = AXIS2_PLACEMENT_3D ( 'NONE', #3609, #7168, #6295 ) ;
#10668 = CARTESIAN_POINT ( 'NONE',  ( -0.1082677165354330728, 0.000000000000000000, 0.07086614173228347746 ) ) ;
#10669 = LINE ( 'NONE', #7051, #10397 ) ;
#10670 = DIRECTION ( 'NONE',  ( 0.000000000000000000, 0.000000000000000000, -1.000000000000000000 ) ) ;
#10671 = VERTEX_POINT ( 'NONE', #1293 ) ;
#10672 = VERTEX_POINT ( 'NONE', #7663 ) ;
#10673 = FACE_OUTER_BOUND ( 'NONE', #7501, .T. ) ;
#10674 = VERTEX_POINT ( 'NONE', #9468 ) ;
#10675 = ORIENTED_EDGE ( 'NONE', *, *, #11345, .T. ) ;
#10676 = AXIS2_PLACEMENT_3D ( 'NONE', #10163, #10921, #8235 ) ;
#10677 = DIRECTION ( 'NONE',  ( -1.000000000000000000, 0.000000000000000000, 0.000000000000000000 ) ) ;
#10678 = FACE_BOUND ( 'NONE', #4879, .T. ) ;
#10679 = DIRECTION ( 'NONE',  ( -0.000000000000000000, -1.000000000000000000, -0.000000000000000000 ) ) ;
#10680 = CARTESIAN_POINT ( 'NONE',  ( 0.01929276175359632972, -0.09659993411341195879, 0.1097547803450727583 ) ) ;
#10681 = LINE ( 'NONE', #4654, #1139 ) ;
#10682 = DIRECTION ( 'NONE',  ( 0.000000000000000000, 0.000000000000000000, -1.000000000000000000 ) ) ;
#10683 = CARTESIAN_POINT ( 'NONE',  ( 0.1406312231057873785, -0.08267716535433072833, 0.09055118110236221041 ) ) ;
#10684 = CARTESIAN_POINT ( 'NONE',  ( 0.1181102362204724532, 0.02362204724409448786, 0.1574803149606299191 ) ) ;
#10685 = VECTOR ( 'NONE', #4268, 39.37007874015748143 ) ;
#10686 = EDGE_LOOP ( 'NONE', ( #2573, #5342, #164, #7441, #870, #4469, #11310, #10462, #11254, #7729, #3688, #5012, #3405, #2255, #7032, #7101, #7786, #10701 ) ) ;
#10687 = EDGE_CURVE ( 'NONE', #1091, #5616, #6551, .T. ) ;
#10688 = ORIENTED_EDGE ( 'NONE', *, *, #7473, .F. ) ;
#10689 = DIRECTION ( 'NONE',  ( 1.000000000000000000, 0.000000000000000000, 0.000000000000000000 ) ) ;
#10690 = AXIS2_PLACEMENT_3D ( 'NONE', #10234, #3731, #4598 ) ;
#10691 = AXIS2_PLACEMENT_3D ( 'NONE', #5741, #4055, #3002 ) ;
#10692 = CARTESIAN_POINT ( 'NONE',  ( -0.1406663324992913355, -0.08858267716535435377, 0.2164279190586220203 ) ) ;
#10693 = EDGE_LOOP ( 'NONE', ( #9264, #6339, #7652, #7131 ) ) ;
#10694 = EDGE_CURVE ( 'NONE', #10453, #4603, #4101, .T. ) ;
#10695 = CARTESIAN_POINT ( 'NONE',  ( 0.1003937007874015908, 0.08858267716535435377, 0.2362204724409449064 ) ) ;
#10696 = CARTESIAN_POINT ( 'NONE',  ( 0.02545119333521259422, 0.09520948103429133225, 0.03933847686947638395 ) ) ;
#10697 = EDGE_CURVE ( 'NONE', #793, #9668, #1353, .T. ) ;
#10698 = AXIS2_PLACEMENT_3D ( 'NONE', #8405, #4712, #8286 ) ;
#10699 = VECTOR ( 'NONE', #7831, 39.37007874015748143 ) ;
#10700 = ORIENTED_EDGE ( 'NONE', *, *, #10035, .T. ) ;
#10701 = ORIENTED_EDGE ( 'NONE', *, *, #5511, .T. ) ;
#10702 = CARTESIAN_POINT ( 'NONE',  ( -0.09842519685039370636, 0.1031496062992126317, 0.2165354330708661457 ) ) ;
#10703 = DIRECTION ( 'NONE',  ( 0.000000000000000000, 0.000000000000000000, 1.000000000000000000 ) ) ;
#10704 = VERTEX_POINT ( 'NONE', #11043 ) ;
#10705 = VECTOR ( 'NONE', #11144, 39.37007874015748143 ) ;
#10706 = VECTOR ( 'NONE', #5655, 39.37007874015748143 ) ;
#10707 = DIRECTION ( 'NONE',  ( 0.000000000000000000, 0.000000000000000000, -1.000000000000000000 ) ) ;
#10708 = EDGE_CURVE ( 'NONE', #8428, #7886, #7008, .T. ) ;
#10709 = LINE ( 'NONE', #8190, #6902 ) ;
#10710 = CARTESIAN_POINT ( 'NONE',  ( 0.1082677165354330728, 0.03937007874015747977, 0.2263779527559055260 ) ) ;
#10711 = EDGE_CURVE ( 'NONE', #5682, #4579, #4847, .T. ) ;
#10712 = LINE ( 'NONE', #2771, #8598 ) ;
#10713 = ORIENTED_EDGE ( 'NONE', *, *, #780, .T. ) ;
#10714 = CARTESIAN_POINT ( 'NONE',  ( -0.09842519685039370636, 0.000000000000000000, 0.001811023622047244156 ) ) ;
#10715 = AXIS2_PLACEMENT_3D ( 'NONE', #9077, #4633, #11125 ) ;
#10716 = ORIENTED_EDGE ( 'NONE', *, *, #689, .T. ) ;
#10717 = ORIENTED_EDGE ( 'NONE', *, *, #8086, .T. ) ;
#10718 = CARTESIAN_POINT ( 'NONE',  ( 0.04133844389566929123, 0.09350393700787401619, 0.02952755905511811330 ) ) ;
#10719 = EDGE_CURVE ( 'NONE', #2505, #1036, #10979, .T. ) ;
#10720 = VECTOR ( 'NONE', #247, 39.37007874015748143 ) ;
#10721 = DIRECTION ( 'NONE',  ( -1.000000000000000000, 0.000000000000000000, 0.000000000000000000 ) ) ;
#10722 = CARTESIAN_POINT ( 'NONE',  ( 0.1082677165354330728, 0.08070866141732283006, 0.2362204724409449064 ) ) ;
#10723 = CARTESIAN_POINT ( 'NONE',  ( -0.03149606299212687199, 0.06348234447479129960, 0.1102362204724409295 ) ) ;
#10724 = LINE ( 'NONE', #2841, #5995 ) ;
#10725 = LINE ( 'NONE', #5463, #6472 ) ;
#10726 = CARTESIAN_POINT ( 'NONE',  ( -0.1082677165354330728, -0.05118110236220473758, 0.2283464566929133688 ) ) ;
#10727 = ORIENTED_EDGE ( 'NONE', *, *, #222, .F. ) ;
#10728 = ORIENTED_EDGE ( 'NONE', *, *, #6620, .T. ) ;
#10729 = ORIENTED_EDGE ( 'NONE', *, *, #2776, .T. ) ;
#10730 = EDGE_LOOP ( 'NONE', ( #2986, #4279, #5249, #8393 ) ) ;
#10731 = FACE_OUTER_BOUND ( 'NONE', #4367, .T. ) ;
#10732 = CARTESIAN_POINT ( 'NONE',  ( 0.1003937007874015630, 0.08858267716535435377, 0.1102362204724409434 ) ) ;
#10733 = EDGE_CURVE ( 'NONE', #1645, #5984, #10287, .T. ) ;
#10734 = EDGE_CURVE ( 'NONE', #8033, #11332, #11217, .T. ) ;
#10735 = LINE ( 'NONE', #8115, #91 ) ;
#10736 = DIRECTION ( 'NONE',  ( -1.000000000000000000, 0.000000000000000000, 0.000000000000000000 ) ) ;
#10737 = LINE ( 'NONE', #1698, #10244 ) ;
#10738 = DIRECTION ( 'NONE',  ( 0.000000000000000000, 0.000000000000000000, -1.000000000000000000 ) ) ;
#10739 = DIRECTION ( 'NONE',  ( 0.000000000000000000, 0.000000000000000000, -1.000000000000000000 ) ) ;
#10740 = ORIENTED_EDGE ( 'NONE', *, *, #3316, .T. ) ;
#10741 = ORIENTED_EDGE ( 'NONE', *, *, #7596, .T. ) ;
#10742 = DIRECTION ( 'NONE',  ( -0.000000000000000000, -1.000000000000000000, -0.000000000000000000 ) ) ;
#10743 = LINE ( 'NONE', #3745, #274 ) ;
#10744 = EDGE_CURVE ( 'NONE', #582, #4136, #2356, .T. ) ;
#10745 = ORIENTED_EDGE ( 'NONE', *, *, #1425, .F. ) ;
#10746 = LINE ( 'NONE', #9875, #4953 ) ;
#10747 = CARTESIAN_POINT ( 'NONE',  ( 0.1406663324992913355, -0.08858267716537640557, 0.2164279190585826906 ) ) ;
#10748 = CARTESIAN_POINT ( 'NONE',  ( -0.09842519685039370636, 0.1007874015748031621, 0.2165354330708661457 ) ) ;
#10749 = EDGE_LOOP ( 'NONE', ( #4265, #8144, #11336, #10413 ) ) ;
#10750 = VERTEX_POINT ( 'NONE', #2111 ) ;
#10751 = AXIS2_PLACEMENT_3D ( 'NONE', #9681, #2345, #6775 ) ;
#10752 = CARTESIAN_POINT ( 'NONE',  ( 0.1181102362204724532, -0.05905511811023622659, 0.1653543307086614567 ) ) ;
#10753 = ORIENTED_EDGE ( 'NONE', *, *, #127, .T. ) ;
#10754 = ADVANCED_FACE ( 'NONE', ( #10105 ), #5673, .T. ) ;
#10755 = VERTEX_POINT ( 'NONE', #6611 ) ;
#10756 = DIRECTION ( 'NONE',  ( 0.000000000000000000, -1.000000000000000000, 0.000000000000000000 ) ) ;
#10757 = CARTESIAN_POINT ( 'NONE',  ( 0.000000000000000000, 0.08464566929133858497, 0.2381889763779527491 ) ) ;
#10758 = FACE_OUTER_BOUND ( 'NONE', #3506, .T. ) ;
#10759 = CARTESIAN_POINT ( 'NONE',  ( 0.09389763779527557364, 0.02362204724409448786, 0.2362204724409449064 ) ) ;
#10760 = EDGE_LOOP ( 'NONE', ( #8964, #2597, #6062, #8906, #7599, #10478, #9301, #8732 ) ) ;
#10761 = FACE_OUTER_BOUND ( 'NONE', #7827, .T. ) ;
#10762 = EDGE_CURVE ( 'NONE', #9926, #10051, #2173, .T. ) ;
#10763 = VERTEX_POINT ( 'NONE', #2471 ) ;
#10764 = ORIENTED_EDGE ( 'NONE', *, *, #3110, .F. ) ;
#10765 = ADVANCED_FACE ( 'NONE', ( #5146 ), #11278, .F. ) ;
#10766 = DIRECTION ( 'NONE',  ( 0.000000000000000000, 0.000000000000000000, 1.000000000000000000 ) ) ;
#10767 = CARTESIAN_POINT ( 'NONE',  ( -0.1250000000000000000, -0.01968503937007873988, 0.1968503937007874127 ) ) ;
#10768 = DIRECTION ( 'NONE',  ( -1.000000000000000000, 0.000000000000000000, 0.000000000000000000 ) ) ;
#10769 = DIRECTION ( 'NONE',  ( -1.000000000000000000, 0.000000000000000000, 0.000000000000000000 ) ) ;
#10770 = DIRECTION ( 'NONE',  ( -1.000000000000000000, 0.000000000000000000, 0.000000000000000000 ) ) ;
#10771 = CARTESIAN_POINT ( 'NONE',  ( -0.005740088145234773821, -0.09842519685039349819, 0.3129921259842530779 ) ) ;
#10772 = LINE ( 'NONE', #2844, #4689 ) ;
#10773 = ORIENTED_EDGE ( 'NONE', *, *, #2928, .T. ) ;
#10774 = AXIS2_PLACEMENT_3D ( 'NONE', #10364, #9239, #3870 ) ;
#10775 = ORIENTED_EDGE ( 'NONE', *, *, #4935, .F. ) ;
#10776 = EDGE_CURVE ( 'NONE', #9629, #7595, #1588, .T. ) ;
#10777 = CARTESIAN_POINT ( 'NONE',  ( -0.1082677165354330728, -0.02362204724409448092, 0.2145669291338582751 ) ) ;
#10778 = ORIENTED_EDGE ( 'NONE', *, *, #3687, .F. ) ;
#10779 = DIRECTION ( 'NONE',  ( 0.000000000000000000, 0.000000000000000000, -1.000000000000000000 ) ) ;
#10780 = ORIENTED_EDGE ( 'NONE', *, *, #7309, .T. ) ;
#10781 = CARTESIAN_POINT ( 'NONE',  ( -0.1422251440816939827, -0.09842519685039370636, 0.3468957707501952870 ) ) ;
#10782 = DIRECTION ( 'NONE',  ( -1.000000000000000000, 0.000000000000000000, 0.000000000000000000 ) ) ;
#10783 = VECTOR ( 'NONE', #6988, 39.37007874015748143 ) ;
#10784 = LINE ( 'NONE', #1046, #8490 ) ;
#10785 = CARTESIAN_POINT ( 'NONE',  ( 0.1082677165354330728, -0.02362204724409448092, 0.2145669291338582751 ) ) ;
#10786 = LINE ( 'NONE', #9919, #8027 ) ;
#10787 = PLANE ( 'NONE',  #1477 ) ;
#10788 = DIRECTION ( 'NONE',  ( -0.5807246816279284518, 0.000000000000000000, -0.8141000209729397641 ) ) ;
#10789 = CARTESIAN_POINT ( 'NONE',  ( 0.02587705380675781389, 0.08560375140291009988, 0.1676671487206114752 ) ) ;
#10790 = ORIENTED_EDGE ( 'NONE', *, *, #6741, .T. ) ;
#10791 = VECTOR ( 'NONE', #10194, 39.37007874015748143 ) ;
#10792 = EDGE_CURVE ( 'NONE', #3517, #3482, #5259, .T. ) ;
#10793 = AXIS2_PLACEMENT_3D ( 'NONE', #470, #2387, #4197 ) ;
#10794 = EDGE_CURVE ( 'NONE', #6004, #4081, #4753, .T. ) ;
#10795 = ORIENTED_EDGE ( 'NONE', *, *, #10821, .F. ) ;
#10796 = EDGE_LOOP ( 'NONE', ( #9431, #9937, #11421, #9651, #8803, #2547, #6935, #7338, #2297, #563 ) ) ;
#10797 = CARTESIAN_POINT ( 'NONE',  ( 0.1415288464495120246, -0.09842519685039370636, 0.3129921259842666781 ) ) ;
#10798 = DIRECTION ( 'NONE',  ( 0.000000000000000000, -1.000000000000000000, 0.000000000000000000 ) ) ;
#10799 = ORIENTED_EDGE ( 'NONE', *, *, #7004, .T. ) ;
#10800 = VECTOR ( 'NONE', #2484, 39.37007874015748143 ) ;
#10801 = VECTOR ( 'NONE', #10971, 39.37007874015748143 ) ;
#10802 = CARTESIAN_POINT ( 'NONE',  ( -0.09842519685039370636, 0.000000000000000000, 0.000000000000000000 ) ) ;
#10803 = CARTESIAN_POINT ( 'NONE',  ( 0.02559055118110236879, 0.05905511811023622659, 0.2170084889991732435 ) ) ;
#10804 = CARTESIAN_POINT ( 'NONE',  ( -0.1422251440816940105, -0.08858267716535435377, 0.3223955678324820218 ) ) ;
#10805 = EDGE_CURVE ( 'NONE', #4214, #7711, #7895, .T. ) ;
#10806 = ORIENTED_EDGE ( 'NONE', *, *, #6020, .T. ) ;
#10807 = VERTEX_POINT ( 'NONE', #3464 ) ;
#10808 = VECTOR ( 'NONE', #10106, 39.37007874015748143 ) ;
#10809 = PLANE ( 'NONE',  #4660 ) ;
#10810 = CARTESIAN_POINT ( 'NONE',  ( 0.03149606299212336785, 0.09842519685039370636, 0.1102362204724409434 ) ) ;
#10811 = EDGE_LOOP ( 'NONE', ( #9698, #6204, #1360, #7255 ) ) ;
#10812 = DIRECTION ( 'NONE',  ( 0.000000000000000000, 1.000000000000000000, 0.000000000000000000 ) ) ;
#10813 = CARTESIAN_POINT ( 'NONE',  ( 0.1313660227851574935, -0.09541178818188979227, 0.2164918609837401531 ) ) ;
#10814 = CYLINDRICAL_SURFACE ( 'NONE', #4498, 0.007874015748031495954 ) ;
#10815 = VECTOR ( 'NONE', #10654, 39.37007874015748143 ) ;
#10816 = AXIS2_PLACEMENT_3D ( 'NONE', #10593, #4299, #2604 ) ;
#10817 = CARTESIAN_POINT ( 'NONE',  ( 0.1181102362204724532, 0.05905511811023622659, 0.3346456692913385988 ) ) ;
#10818 = EDGE_LOOP ( 'NONE', ( #7667, #5977, #7200, #8016, #10639, #9943, #11514, #9984 ) ) ;
#10819 = CARTESIAN_POINT ( 'NONE',  ( 0.1417322834645669549, -0.004724409448818898440, 0.3503937007874015630 ) ) ;
#10820 = CARTESIAN_POINT ( 'NONE',  ( 0.1181102362204724532, -0.05905511811023622659, 0.04330708661417323468 ) ) ;
#10821 = EDGE_CURVE ( 'NONE', #9591, #588, #7723, .T. ) ;
#10822 = ORIENTED_EDGE ( 'NONE', *, *, #10309, .F. ) ;
#10823 = EDGE_LOOP ( 'NONE', ( #11320, #45, #5565, #1106 ) ) ;
#10824 = VECTOR ( 'NONE', #1903, 39.37007874015748143 ) ;
#10825 = ORIENTED_EDGE ( 'NONE', *, *, #2067, .F. ) ;
#10826 = DIRECTION ( 'NONE',  ( 0.000000000000000000, 0.000000000000000000, -1.000000000000000000 ) ) ;
#10827 = EDGE_CURVE ( 'NONE', #5764, #10204, #11106, .T. ) ;
#10828 = FACE_OUTER_BOUND ( 'NONE', #3298, .T. ) ;
#10829 = PLANE ( 'NONE',  #4186 ) ;
#10830 = DIRECTION ( 'NONE',  ( 0.000000000000000000, 0.000000000000000000, -1.000000000000000000 ) ) ;
#10831 = DIRECTION ( 'NONE',  ( 1.000000000000000000, 0.000000000000000000, 0.000000000000000000 ) ) ;
#10832 = EDGE_CURVE ( 'NONE', #2221, #9716, #7952, .T. ) ;
#10833 = CARTESIAN_POINT ( 'NONE',  ( 0.1417322834645669549, -0.004724409448818898440, 0.05432866131531496889 ) ) ;
#10834 = LINE ( 'NONE', #1799, #10659 ) ;
#10835 = VECTOR ( 'NONE', #6916, 39.37007874015748143 ) ;
#10836 = VERTEX_POINT ( 'NONE', #6843 ) ;
#10837 = DIRECTION ( 'NONE',  ( 0.000000000000000000, 1.000000000000000000, 0.000000000000000000 ) ) ;
#10838 = EDGE_CURVE ( 'NONE', #40, #2834, #7378, .T. ) ;
#10839 = EDGE_CURVE ( 'NONE', #9400, #3526, #11472, .T. ) ;
#10840 = ORIENTED_EDGE ( 'NONE', *, *, #10326, .T. ) ;
#10841 = ORIENTED_EDGE ( 'NONE', *, *, #10495, .F. ) ;
#10842 = ORIENTED_EDGE ( 'NONE', *, *, #3455, .F. ) ;
#10843 = DIRECTION ( 'NONE',  ( 0.000000000000000000, 0.000000000000000000, 1.000000000000000000 ) ) ;
#10844 = FACE_OUTER_BOUND ( 'NONE', #1985, .T. ) ;
#10845 = ORGANIZATION ( 'UNSPECIFIED', 'UNSPECIFIED', '' ) ;
#10846 = VECTOR ( 'NONE', #8919, 39.37007874015748143 ) ;
#10847 = LINE ( 'NONE', #2854, #10706 ) ;
#10848 = CARTESIAN_POINT ( 'NONE',  ( -0.02559055087030794734, 0.08887361631915889626, 0.03605071072142610605 ) ) ;
#10849 = DIRECTION ( 'NONE',  ( 0.2275011753996300234, 0.000000000000000000, 0.9737778058632198253 ) ) ;
#10850 = CARTESIAN_POINT ( 'NONE',  ( 5.916090015078739612E-15, 0.09153530560842519648, 0.000000000000000000 ) ) ;
#10851 = DIRECTION ( 'NONE',  ( -1.000000000000000000, 0.000000000000000000, 0.000000000000000000 ) ) ;
#10852 = EDGE_CURVE ( 'NONE', #11189, #10177, #11391, .T. ) ;
#10853 = CARTESIAN_POINT ( 'NONE',  ( -0.1259842519685039353, -0.08858267716535435377, 0.1967966366946456713 ) ) ;
#10854 = DIRECTION ( 'NONE',  ( 0.000000000000000000, 1.000000000000000000, 0.000000000000000000 ) ) ;
#10855 = EDGE_LOOP ( 'NONE', ( #4887, #4949, #6395, #10328 ) ) ;
#10856 = EDGE_CURVE ( 'NONE', #10493, #5045, #10624, .T. ) ;
#10857 = EDGE_CURVE ( 'NONE', #9851, #10176, #6701, .T. ) ;
#10858 = VECTOR ( 'NONE', #4677, 39.37007874015748143 ) ;
#10859 = VERTEX_POINT ( 'NONE', #6092 ) ;
#10860 = ORIENTED_EDGE ( 'NONE', *, *, #1703, .F. ) ;
#10861 = PLANE ( 'NONE',  #8061 ) ;
#10862 = DIRECTION ( 'NONE',  ( 0.000000000000000000, 0.000000000000000000, 1.000000000000000000 ) ) ;
#10863 = ORIENTED_EDGE ( 'NONE', *, *, #10583, .F. ) ;
#10864 = CIRCLE ( 'NONE', #1175, 0.007874015748031499423 ) ;
#10865 = DIRECTION ( 'NONE',  ( 0.2275011753996300234, 0.000000000000000000, -0.9737778058632198253 ) ) ;
#10866 = EDGE_CURVE ( 'NONE', #1882, #6003, #2584, .T. ) ;
#10867 = CARTESIAN_POINT ( 'NONE',  ( -0.04141199542562992025, 0.09350393700787401619, 0.1555118110236220763 ) ) ;
#10868 = CARTESIAN_POINT ( 'NONE',  ( -0.1427909053053550703, -0.09842519685039370636, 0.05823368374837794431 ) ) ;
#10869 = CARTESIAN_POINT ( 'NONE',  ( 0.02721622257965748345, 0.09364659800161416470, 0.03412974465278346275 ) ) ;
#10870 = VERTEX_POINT ( 'NONE', #5084 ) ;
#10871 = AXIS2_PLACEMENT_3D ( 'NONE', #6235, #7103, #4679 ) ;
#10872 = VERTEX_POINT ( 'NONE', #6141 ) ;
#10873 = CARTESIAN_POINT ( 'NONE',  ( -0.02559030674872507516, 0.06359292276439040825, 0.3715082224111438958 ) ) ;
#10874 = CARTESIAN_POINT ( 'NONE',  ( -0.1003937007874015630, 0.08858267716535435377, 0.2362204724409449064 ) ) ;
#10875 = ORIENTED_EDGE ( 'NONE', *, *, #1723, .F. ) ;
#10876 = CARTESIAN_POINT ( 'NONE',  ( -0.04148596327578740056, 0.08858267716535435377, 0.04527559055118110520 ) ) ;
#10877 = EDGE_CURVE ( 'NONE', #797, #6035, #670, .T. ) ;
#10878 = EDGE_CURVE ( 'NONE', #3180, #94, #5328, .T. ) ;
#10879 = VECTOR ( 'NONE', #8880, 39.37007874015748143 ) ;
#10880 = CARTESIAN_POINT ( 'NONE',  ( -0.1219273623670688728, -0.08781392855954477106, 0.3562992125984251190 ) ) ;
#10881 = AXIS2_PLACEMENT_3D ( 'NONE', #8539, #4098, #5019 ) ;
#10882 = CARTESIAN_POINT ( 'NONE',  ( -0.02757628626462741220, 0.09456862775798136056, 0.03359264606303279804 ) ) ;
#10883 = LINE ( 'NONE', #277, #7470 ) ;
#10884 = VERTEX_POINT ( 'NONE', #10460 ) ;
#10885 = CARTESIAN_POINT ( 'NONE',  ( 0.03149606299212598381, 0.08095377066255905751, 0.2362204724409449064 ) ) ;
#10886 = ORIENTED_EDGE ( 'NONE', *, *, #5126, .F. ) ;
#10887 = VECTOR ( 'NONE', #970, 39.37007874015748854 ) ;
#10888 = ORIENTED_EDGE ( 'NONE', *, *, #3630, .F. ) ;
#10889 = AXIS2_PLACEMENT_3D ( 'NONE', #6418, #9974, #5533 ) ;
#10890 = CARTESIAN_POINT ( 'NONE',  ( 0.1449020737449467355, -0.09842519685039370636, 0.3505747840351666755 ) ) ;
#10891 = EDGE_CURVE ( 'NONE', #408, #2788, #3403, .T. ) ;
#10892 = CARTESIAN_POINT ( 'NONE',  ( 0.04133848442894893366, 0.08887361748325463273, 0.02952771768361272392 ) ) ;
#10893 = CARTESIAN_POINT ( 'NONE',  ( -0.1367820307991732265, -0.09350393700787401619, 0.3432171696140945416 ) ) ;
#10894 = LINE ( 'NONE', #123, #5988 ) ;
#10895 = CARTESIAN_POINT ( 'NONE',  ( -0.04132303292603151795, 0.09842519685039370636, 0.3326771653543307283 ) ) ;
#10896 = CARTESIAN_POINT ( 'NONE',  ( -0.03149606299212775323, 0.06348234447479086939, 0.3029921271622834644 ) ) ;
#10897 = VECTOR ( 'NONE', #774, 39.37007874015748143 ) ;
#10898 = FACE_OUTER_BOUND ( 'NONE', #3092, .T. ) ;
#10899 = VECTOR ( 'NONE', #5280, 39.37007874015748143 ) ;
#10900 = VERTEX_POINT ( 'NONE', #5200 ) ;
#10901 = FACE_OUTER_BOUND ( 'NONE', #8649, .T. ) ;
#10902 = ORIENTED_EDGE ( 'NONE', *, *, #1403, .T. ) ;
#10903 = ORIENTED_EDGE ( 'NONE', *, *, #10049, .T. ) ;
#10904 = EDGE_LOOP ( 'NONE', ( #8739, #771, #6021, #1874 ) ) ;
#10905 = CARTESIAN_POINT ( 'NONE',  ( 0.1181102362204724532, -0.05905511811023622659, 0.09842519685039370636 ) ) ;
#10906 = CYLINDRICAL_SURFACE ( 'NONE', #10499, 0.02165354330708662081 ) ;
#10907 = AXIS2_PLACEMENT_3D ( 'NONE', #10767, #64, #864 ) ;
#10908 = DIRECTION ( 'NONE',  ( 0.000000000000000000, -1.084202172485504040E-15, 1.000000000000000000 ) ) ;
#10909 = EDGE_CURVE ( 'NONE', #4778, #840, #10914, .T. ) ;
#10910 = CARTESIAN_POINT ( 'NONE',  ( -0.09051437083081437240, -0.002589382120906392418, -0.09842519685038741972 ) ) ;
#10911 = DIRECTION ( 'NONE',  ( -0.7071052813952098948, 0.000000000000000000, -0.7071082809747040177 ) ) ;
#10912 = DIRECTION ( 'NONE',  ( 0.000000000000000000, 1.000000000000000000, 0.000000000000000000 ) ) ;
#10913 = DIRECTION ( 'NONE',  ( 0.000000000000000000, 0.000000000000000000, -1.000000000000000000 ) ) ;
#10914 = LINE ( 'NONE', #7293, #2158 ) ;
#10915 = DIRECTION ( 'NONE',  ( 0.000000000000000000, -1.000000000000000000, 0.000000000000000000 ) ) ;
#10916 = ORIENTED_EDGE ( 'NONE', *, *, #2643, .F. ) ;
#10917 = AXIS2_PLACEMENT_3D ( 'NONE', #880, #8118, #9921 ) ;
#10918 = CARTESIAN_POINT ( 'NONE',  ( 0.1267972730641732382, -0.08786910854523623249, 0.2164984310928347033 ) ) ;
#10919 = VERTEX_POINT ( 'NONE', #6368 ) ;
#10920 = ADVANCED_FACE ( 'NONE', ( #9045 ), #4439, .F. ) ;
#10921 = DIRECTION ( 'NONE',  ( 0.000000000000000000, -1.000000000000000000, 0.000000000000000000 ) ) ;
#10922 = DIRECTION ( 'NONE',  ( -1.000000000000000000, 0.000000000000000000, 0.000000000000000000 ) ) ;
#10923 = ORIENTED_EDGE ( 'NONE', *, *, #320, .F. ) ;
#10924 = DIRECTION ( 'NONE',  ( 0.000000000000000000, 0.000000000000000000, 1.000000000000000000 ) ) ;
#10925 = DIRECTION ( 'NONE',  ( 1.000000000000000000, 0.000000000000000000, 0.000000000000000000 ) ) ;
#10926 = UNCERTAINTY_MEASURE_WITH_UNIT (LENGTH_MEASURE( 1.000000000000000082E-05 ), #9550, 'distance_accuracy_value', 'NONE');
#10927 = DIRECTION ( 'NONE',  ( 1.000000000000000000, 0.000000000000000000, 0.000000000000000000 ) ) ;
#10928 = CARTESIAN_POINT ( 'NONE',  ( 0.03137503321649606075, 0.1043494518125197001, 0.02815178203842126636 ) ) ;
#10929 = DIRECTION ( 'NONE',  ( 0.000000000000000000, 0.000000000000000000, 1.000000000000000000 ) ) ;
#10930 = ORIENTED_EDGE ( 'NONE', *, *, #9911, .F. ) ;
#10931 = ORIENTED_EDGE ( 'NONE', *, *, #9059, .T. ) ;
#10932 = EDGE_CURVE ( 'NONE', #8705, #9326, #2921, .T. ) ;
#10933 = LINE ( 'NONE', #7613, #9552 ) ;
#10934 = DIRECTION ( 'NONE',  ( 1.000000000000000000, -0.000000000000000000, 1.224646799147353207E-16 ) ) ;
#10935 = ORIENTED_EDGE ( 'NONE', *, *, #9476, .T. ) ;
#10936 = DIRECTION ( 'NONE',  ( 0.000000000000000000, 0.000000000000000000, -1.000000000000000000 ) ) ;
#10937 = DIRECTION ( 'NONE',  ( 0.000000000000000000, 0.000000000000000000, -1.000000000000000000 ) ) ;
#10938 = CARTESIAN_POINT ( 'NONE',  ( -0.02555804520060625529, 0.09611609806836439451, 0.03776149909293433776 ) ) ;
#10939 = CARTESIAN_POINT ( 'NONE',  ( 0.05748031496062992046, 0.08464566929133858497, 0.3543307086614174151 ) ) ;
#10940 = ORIENTED_EDGE ( 'NONE', *, *, #8536, .T. ) ;
#10941 = LINE ( 'NONE', #9894, #6885 ) ;
#10942 = EDGE_CURVE ( 'NONE', #1801, #2820, #8313, .T. ) ;
#10943 = EDGE_CURVE ( 'NONE', #10672, #4629, #934, .T. ) ;
#10944 = ORIENTED_EDGE ( 'NONE', *, *, #9772, .F. ) ;
#10945 = ORIENTED_EDGE ( 'NONE', *, *, #369, .F. ) ;
#10946 = CARTESIAN_POINT ( 'NONE',  ( -0.04148596327578740056, 0.08858267716535435377, 0.02952755905511811330 ) ) ;
#10947 = LINE ( 'NONE', #402, #6996 ) ;
#10948 = DIRECTION ( 'NONE',  ( 0.000000000000000000, 0.000000000000000000, 1.000000000000000000 ) ) ;
#10949 = DIRECTION ( 'NONE',  ( 0.000000000000000000, 1.000000000000000000, 0.000000000000000000 ) ) ;
#10950 = LINE ( 'NONE', #10251, #9534 ) ;
#10951 = CARTESIAN_POINT ( 'NONE',  ( -0.1082677165354331006, 0.08464566929133858497, 0.1555118110236220763 ) ) ;
#10952 = CARTESIAN_POINT ( 'NONE',  ( 0.04148596373968504308, 0.09842519685039370636, 0.1555118110236220763 ) ) ;
#10953 = ORIENTED_EDGE ( 'NONE', *, *, #10838, .T. ) ;
#10954 = LINE ( 'NONE', #3779, #11169 ) ;
#10955 = ORIENTED_EDGE ( 'NONE', *, *, #9488, .T. ) ;
#10956 = VERTEX_POINT ( 'NONE', #1104 ) ;
#10957 = EDGE_CURVE ( 'NONE', #11081, #11238, #83, .T. ) ;
#10958 = DIRECTION ( 'NONE',  ( 0.4493189986157944404, 0.000000000000000000, -0.8933713883278888712 ) ) ;
#10959 = VERTEX_POINT ( 'NONE', #8226 ) ;
#10960 = CARTESIAN_POINT ( 'NONE',  ( 0.1082677165354330728, -0.05905511811023622659, 0.09842519685039370636 ) ) ;
#10961 = DIRECTION ( 'NONE',  ( 0.000000000000000000, 0.4251026817763923771, 0.9051451319796838257 ) ) ;
#10962 = EDGE_LOOP ( 'NONE', ( #924, #7222, #4605, #11490, #10321, #1257, #2683 ) ) ;
#10963 = DIRECTION ( 'NONE',  ( 0.000000000000000000, 0.000000000000000000, -1.000000000000000000 ) ) ;
#10964 = DIRECTION ( 'NONE',  ( 0.000000000000000000, 0.000000000000000000, -1.000000000000000000 ) ) ;
#10965 = DIRECTION ( 'NONE',  ( 0.000000000000000000, 0.000000000000000000, 1.000000000000000000 ) ) ;
#10966 = CARTESIAN_POINT ( 'NONE',  ( -0.1131889763779527630, -0.02362204724409448092, 0.1791338582677165503 ) ) ;
#10967 = CLOSED_SHELL ( 'NONE', ( #6771, #954, #7074, #276, #5632, #8454, #3834, #8985, #3479, #5298, #4489, #9425, #7199, #1599, #148, #10546, #2599, #6965, #380, #4966, #584, #9118, #409, #11284, #8947, #1289, #5662, #6670, #10213, #412, #2220, #6298, #4219, #4461, #5014, #1535, #11070, #10174, #5260, #3103, #4510, #10754, #3709, #5444, #5635, #8718, #1558, #3649, #11239, #5872, #893, #2898, #2396, #3821, #8066, #6482, #4585, #3018, #8486, #10655, #2290, #8051, #11138, #1525, #1474, #7507, #9541, #9753, #2233, #7526, #4289, #1802, #8821, #7568, #4364, #2743, #6643, #7890, #6432, #3587 ) ) ;
#10968 = CARTESIAN_POINT ( 'NONE',  ( -0.1259842519685039353, -0.08070866141732283006, 0.09133858267716535306 ) ) ;
#10969 = ORIENTED_EDGE ( 'NONE', *, *, #2816, .F. ) ;
#10970 = ADVANCED_FACE ( 'NONE', ( #3568 ), #5423, .F. ) ;
#10971 = DIRECTION ( 'NONE',  ( 0.000000000000000000, 1.000000000000000000, 0.000000000000000000 ) ) ;
#10972 = EDGE_LOOP ( 'NONE', ( #3266, #3408, #2115, #3412, #5189, #9895, #10986, #7517, #2549, #4675, #6978, #11267, #2165, #8981, #6006, #1687, #10023, #8091, #10240, #146 ) ) ;
#10973 = CIRCLE ( 'NONE', #2032, 0.09842519685039370636 ) ;
#10974 = CARTESIAN_POINT ( 'NONE',  ( -0.1181102362204724532, -0.02362204724409448786, 0.1968503937007874127 ) ) ;
#10975 = LINE ( 'NONE', #4045, #10518 ) ;
#10976 = ORIENTED_EDGE ( 'NONE', *, *, #4759, .T. ) ;
#10977 = FACE_BOUND ( 'NONE', #2592, .T. ) ;
#10978 = LINE ( 'NONE', #9169, #2973 ) ;
#10979 = LINE ( 'NONE', #8359, #8875 ) ;
#10980 = CARTESIAN_POINT ( 'NONE',  ( -0.1449020737449485119, -0.09842519685039370636, 0.3187165545473502615 ) ) ;
#10981 = CARTESIAN_POINT ( 'NONE',  ( 0.03778227985786221377, 0.1081851689846062975, 0.02986985620064567040 ) ) ;
#10982 = EDGE_CURVE ( 'NONE', #5087, #515, #4549, .T. ) ;
#10983 = AXIS2_PLACEMENT_3D ( 'NONE', #5537, #1921, #10851 ) ;
#10984 = PLANE ( 'NONE',  #3699 ) ;
#10985 = ADVANCED_FACE ( 'NONE', ( #1811 ), #3792, .F. ) ;
#10986 = ORIENTED_EDGE ( 'NONE', *, *, #2613, .T. ) ;
#10987 = ORIENTED_EDGE ( 'NONE', *, *, #5680, .T. ) ;
#10988 = CARTESIAN_POINT ( 'NONE',  ( -0.1082677165354330728, 0.000000000000000000, 0.08661417322834646937 ) ) ;
#10989 = VECTOR ( 'NONE', #7849, 39.37007874015748143 ) ;
#10990 = FACE_OUTER_BOUND ( 'NONE', #8896, .T. ) ;
#10991 = VECTOR ( 'NONE', #10403, 39.37007874015748143 ) ;
#10992 = ORIENTED_EDGE ( 'NONE', *, *, #3005, .T. ) ;
#10993 = PLANE ( 'NONE',  #4535 ) ;
#10994 = CARTESIAN_POINT ( 'NONE',  ( -0.1082677165354330728, 0.09153543307086615954, 0.1122047244094488277 ) ) ;
#10995 = DIRECTION ( 'NONE',  ( 0.000000000000000000, 0.000000000000000000, -1.000000000000000000 ) ) ;
#10996 = EDGE_CURVE ( 'NONE', #10327, #11121, #1050, .T. ) ;
#10997 = CARTESIAN_POINT ( 'NONE',  ( 0.1280069851550805216, -0.09350413746327629338, 0.2165107953448318912 ) ) ;
#10998 = AXIS2_PLACEMENT_3D ( 'NONE', #4049, #4102, #2413 ) ;
#10999 = AXIS2_PLACEMENT_3D ( 'NONE', #9685, #4326, #7055 ) ;
#11000 = ORIENTED_EDGE ( 'NONE', *, *, #290, .T. ) ;
#11001 = CARTESIAN_POINT ( 'NONE',  ( 0.02559055118110236879, 0.05557062161325905525, 0.07628418892726739065 ) ) ;
#11002 = EDGE_LOOP ( 'NONE', ( #10434, #236, #733, #5878 ) ) ;
#11003 = ADVANCED_FACE ( 'NONE', ( #4494 ), #5318, .F. ) ;
#11004 = ORIENTED_EDGE ( 'NONE', *, *, #10866, .F. ) ;
#11005 = ORIENTED_EDGE ( 'NONE', *, *, #564, .T. ) ;
#11006 = VECTOR ( 'NONE', #3319, 39.37007874015748854 ) ;
#11007 = LINE ( 'NONE', #1958, #3280 ) ;
#11008 = AXIS2_PLACEMENT_3D ( 'NONE', #8759, #8816, #2684 ) ;
#11009 = FACE_OUTER_BOUND ( 'NONE', #3198, .T. ) ;
#11010 = DIRECTION ( 'NONE',  ( 0.000000000000000000, 0.000000000000000000, 1.000000000000000000 ) ) ;
#11011 = DIRECTION ( 'NONE',  ( 1.000000000000000000, 0.000000000000000000, 0.000000000000000000 ) ) ;
#11012 = LINE ( 'NONE', #3022, #6007 ) ;
#11013 = EDGE_CURVE ( 'NONE', #10051, #4850, #2749, .T. ) ;
#11014 = DIRECTION ( 'NONE',  ( 1.000000000000000000, 0.000000000000000000, 0.000000000000000000 ) ) ;
#11015 = ADVANCED_FACE ( 'NONE', ( #2696 ), #6261, .T. ) ;
#11016 = FACE_OUTER_BOUND ( 'NONE', #7283, .T. ) ;
#11017 = ORIENTED_EDGE ( 'NONE', *, *, #10821, .T. ) ;
#11018 = ORIENTED_EDGE ( 'NONE', *, *, #11341, .T. ) ;
#11019 = ORIENTED_EDGE ( 'NONE', *, *, #4989, .F. ) ;
#11020 = AXIS2_PLACEMENT_3D ( 'NONE', #6241, #10770, #4584 ) ;
#11021 = VERTEX_POINT ( 'NONE', #140 ) ;
#11022 = ORIENTED_EDGE ( 'NONE', *, *, #5992, .T. ) ;
#11023 = CARTESIAN_POINT ( 'NONE',  ( -0.1181102362204724532, -0.05905511811023622659, 0.1712598425196850405 ) ) ;
#11024 = DIRECTION ( 'NONE',  ( 0.000000000000000000, 0.000000000000000000, 1.000000000000000000 ) ) ;
#11025 = DIRECTION ( 'NONE',  ( -1.000000000000000000, 0.000000000000000000, 0.000000000000000000 ) ) ;
#11026 = DIRECTION ( 'NONE',  ( -0.3422818791946308226, 0.000000000000000000, 0.9395973154362415869 ) ) ;
#11027 = CARTESIAN_POINT ( 'NONE',  ( 0.1181102362204724532, -0.05905511811023622659, 0.1673228346456692994 ) ) ;
#11028 = VECTOR ( 'NONE', #1545, 39.37007874015748143 ) ;
#11029 = CARTESIAN_POINT ( 'NONE',  ( 0.05682104683267736461, 0.08858267716535435377, 0.04169289487557506502 ) ) ;
#11030 = EDGE_CURVE ( 'NONE', #7003, #4214, #6308, .T. ) ;
#11031 = CARTESIAN_POINT ( 'NONE',  ( 0.1003937007874015630, 0.08070866141732283006, 0.1102362204724409434 ) ) ;
#11032 = EDGE_CURVE ( 'NONE', #9869, #9724, #1230, .T. ) ;
#11033 = ORIENTED_EDGE ( 'NONE', *, *, #3941, .T. ) ;
#11034 = CARTESIAN_POINT ( 'NONE',  ( 0.000000000000000000, 0.05634701029052532201, 0.3749112753755012295 ) ) ;
#11035 = CC_DESIGN_APPROVAL ( #5483, ( #10298 ) ) ;
#11036 = VERTEX_POINT ( 'NONE', #8169 ) ;
#11037 = CIRCLE ( 'NONE', #56, 0.007874015748031499423 ) ;
#11038 = CARTESIAN_POINT ( 'NONE',  ( 0.09594951366374016022, -0.004724409448818898440, 0.2125984251968504046 ) ) ;
#11039 = CARTESIAN_POINT ( 'NONE',  ( 0.005740088145230719772, -0.09842519685039370636, 0.3562992125984252856 ) ) ;
#11040 = ORIENTED_EDGE ( 'NONE', *, *, #6989, .F. ) ;
#11041 = CYLINDRICAL_SURFACE ( 'NONE', #2136, 0.007874015748031499423 ) ;
#11042 = CARTESIAN_POINT ( 'NONE',  ( -0.1346456692913385877, -0.08858267716535435377, 0.07086614173228347746 ) ) ;
#11043 = CARTESIAN_POINT ( 'NONE',  ( -0.1181102362204724532, -0.01771653543307087283, 0.3523622047244094890 ) ) ;
#11044 = EDGE_CURVE ( 'NONE', #6822, #234, #190, .T. ) ;
#11045 = DIRECTION ( 'NONE',  ( 1.000000000000000000, 0.000000000000000000, 0.000000000000000000 ) ) ;
#11046 = CARTESIAN_POINT ( 'NONE',  ( 0.03343376150020078291, 0.09652493568929133849, 0.02909582761949999763 ) ) ;
#11047 = VECTOR ( 'NONE', #2121, 39.37007874015748143 ) ;
#11048 = ORIENTED_EDGE ( 'NONE', *, *, #6454, .F. ) ;
#11049 = LINE ( 'NONE', #11161, #5948 ) ;
#11050 = ORIENTED_EDGE ( 'NONE', *, *, #6966, .F. ) ;
#11051 = ORIENTED_EDGE ( 'NONE', *, *, #2278, .F. ) ;
#11052 = PLANE ( 'NONE',  #10487 ) ;
#11053 = AXIS2_PLACEMENT_3D ( 'NONE', #7523, #8282, #11088 ) ;
#11054 = DIRECTION ( 'NONE',  ( 0.8285309289399143129, 0.000000000000000000, -0.5599433005135096009 ) ) ;
#11055 = ORIENTED_EDGE ( 'NONE', *, *, #10708, .F. ) ;
#11056 = LINE ( 'NONE', #448, #1929 ) ;
#11057 = EDGE_CURVE ( 'NONE', #571, #7901, #6425, .T. ) ;
#11058 = CARTESIAN_POINT ( 'NONE',  ( 0.04133858267716536417, 0.08858267716535435377, 0.3484251968503936925 ) ) ;
#11059 = CARTESIAN_POINT ( 'NONE',  ( -0.02737983220193250522, 0.09384445781762021377, 0.03404286915793571650 ) ) ;
#11060 = DIRECTION ( 'NONE',  ( -1.000000000000000000, 0.000000000000000000, 0.000000000000000000 ) ) ;
#11061 = VECTOR ( 'NONE', #2304, 39.37007874015748143 ) ;
#11062 = ORIENTED_EDGE ( 'NONE', *, *, #8614, .T. ) ;
#11063 = CARTESIAN_POINT ( 'NONE',  ( 0.1181102362204724532, -0.01771653543307087283, 0.3169291338582677642 ) ) ;
#11064 = VERTEX_POINT ( 'NONE', #2977 ) ;
#11065 = ORIENTED_EDGE ( 'NONE', *, *, #824, .F. ) ;
#11066 = EDGE_CURVE ( 'NONE', #7444, #9142, #8351, .T. ) ;
#11067 = AXIS2_PLACEMENT_3D ( 'NONE', #8166, #4545, #137 ) ;
#11068 = CIRCLE ( 'NONE', #3995, 0.03543307086614172485 ) ;
#11069 = CARTESIAN_POINT ( 'NONE',  ( 0.1440340579563196277, -0.08858267716535438152, 0.3211730555882987281 ) ) ;
#11070 = ADVANCED_FACE ( 'NONE', ( #2219 ), #1404, .F. ) ;
#11071 = DIRECTION ( 'NONE',  ( 0.000000000000000000, -6.987080667128808018E-15, 1.000000000000000000 ) ) ;
#11072 = DIRECTION ( 'NONE',  ( 0.000000000000000000, 0.000000000000000000, 1.000000000000000000 ) ) ;
#11073 = DIRECTION ( 'NONE',  ( 1.000000000000000000, 0.000000000000000000, 0.000000000000000000 ) ) ;
#11074 = LINE ( 'NONE', #4757, #2459 ) ;
#11075 = CARTESIAN_POINT ( 'NONE',  ( 0.04133858267716536417, 0.09887649084480314154, 0.3484251968503936925 ) ) ;
#11076 = DIRECTION ( 'NONE',  ( -1.000000000000000000, 0.000000000000000000, 0.000000000000000000 ) ) ;
#11077 = ORIENTED_EDGE ( 'NONE', *, *, #2477, .T. ) ;
#11078 = ORIENTED_EDGE ( 'NONE', *, *, #9787, .T. ) ;
#11079 = LINE ( 'NONE', #3148, #6510 ) ;
#11080 = VECTOR ( 'NONE', #7706, 39.37007874015748143 ) ;
#11081 = VERTEX_POINT ( 'NONE', #8472 ) ;
#11082 = VECTOR ( 'NONE', #9563, 39.37007874015748143 ) ;
#11083 = VERTEX_POINT ( 'NONE', #10273 ) ;
#11084 = ORIENTED_EDGE ( 'NONE', *, *, #1070, .T. ) ;
#11085 = VERTEX_POINT ( 'NONE', #5722 ) ;
#11086 = CARTESIAN_POINT ( 'NONE',  ( 0.1091907852032171361, 0.09687204831003516647, 0.3838582677165355284 ) ) ;
#11087 = ADVANCED_FACE ( 'NONE', ( #8531 ), #7469, .F. ) ;
#11088 = DIRECTION ( 'NONE',  ( 0.8285309289394326981, 0.000000000000000000, -0.5599433005142222530 ) ) ;
#11089 = FACE_OUTER_BOUND ( 'NONE', #5653, .T. ) ;
#11090 = AXIS2_PLACEMENT_3D ( 'NONE', #1236, #5848, #2931 ) ;
#11091 = CARTESIAN_POINT ( 'NONE',  ( 0.02559055118110236879, 0.03999908637236313652, 0.3792204233796500068 ) ) ;
#11092 = CARTESIAN_POINT ( 'NONE',  ( 0.000000000000000000, 0.08858267716535435377, 0.02952755905511811330 ) ) ;
#11093 = DIRECTION ( 'NONE',  ( 1.000000000000000000, 0.000000000000000000, 0.000000000000000000 ) ) ;
#11094 = CARTESIAN_POINT ( 'NONE',  ( -0.1043180544915535968, 0.09842519685039370636, 0.3838582677165355284 ) ) ;
#11095 = ORIENTED_EDGE ( 'NONE', *, *, #9772, .T. ) ;
#11096 = CARTESIAN_POINT ( 'NONE',  ( 0.1131889763779527630, 0.01771653543307086937, 0.2145669291338582751 ) ) ;
#11097 = VECTOR ( 'NONE', #9434, 39.37007874015748143 ) ;
#11098 = VECTOR ( 'NONE', #9065, 39.37007874015748143 ) ;
#11099 = VERTEX_POINT ( 'NONE', #3223 ) ;
#11100 = ADVANCED_FACE ( 'NONE', ( #10033 ), #2037, .F. ) ;
#11101 = DIRECTION ( 'NONE',  ( -1.000000000000000000, 0.000000000000000000, 0.000000000000000000 ) ) ;
#11102 = CARTESIAN_POINT ( 'NONE',  ( 0.1181102362204724532, 0.0009842519685039369942, 0.3562992125984252301 ) ) ;
#11103 = PLANE ( 'NONE',  #5486 ) ;
#11104 = CARTESIAN_POINT ( 'NONE',  ( -0.02558981788397048096, 0.07808474771212303711, 0.3647021164824346129 ) ) ;
#11105 = DIRECTION ( 'NONE',  ( 1.000000000000000000, 0.000000000000000000, 0.000000000000000000 ) ) ;
#11106 = CIRCLE ( 'NONE', #3475, 0.007874015748031499423 ) ;
#11107 = FACE_OUTER_BOUND ( 'NONE', #282, .T. ) ;
#11108 = ORIENTED_EDGE ( 'NONE', *, *, #2593, .T. ) ;
#11109 = DIRECTION ( 'NONE',  ( 0.000000000000000000, 0.000000000000000000, -1.000000000000000000 ) ) ;
#11110 = ORIENTED_EDGE ( 'NONE', *, *, #8740, .F. ) ;
#11111 = DIRECTION ( 'NONE',  ( 1.000000000000000000, 0.000000000000000000, 0.000000000000000000 ) ) ;
#11112 = EDGE_CURVE ( 'NONE', #3348, #8307, #337, .T. ) ;
#11113 = LINE ( 'NONE', #3875, #9004 ) ;
#11114 = VERTEX_POINT ( 'NONE', #3040 ) ;
#11115 = CARTESIAN_POINT ( 'NONE',  ( -0.07086614173228347746, 0.09842519685039370636, 0.003937007874015749712 ) ) ;
#11116 = PLANE ( 'NONE',  #7078 ) ;
#11117 = CARTESIAN_POINT ( 'NONE',  ( -0.02922446457623717464, 0.1058679951171418582, 0.02818237112742533884 ) ) ;
#11118 = DIRECTION ( 'NONE',  ( 0.000000000000000000, 0.000000000000000000, -1.000000000000000000 ) ) ;
#11119 = EDGE_LOOP ( 'NONE', ( #500, #9814, #48, #10875 ) ) ;
#11120 = DIRECTION ( 'NONE',  ( 0.000000000000000000, 0.000000000000000000, -1.000000000000000000 ) ) ;
#11121 = VERTEX_POINT ( 'NONE', #424 ) ;
#11122 = EDGE_CURVE ( 'NONE', #4415, #4167, #9278, .T. ) ;
#11123 = ORIENTED_EDGE ( 'NONE', *, *, #3611, .T. ) ;
#11124 = LINE ( 'NONE', #11242, #7551 ) ;
#11125 = DIRECTION ( 'NONE',  ( 1.000000000000000000, 0.000000000000000000, 0.000000000000000000 ) ) ;
#11126 = FACE_OUTER_BOUND ( 'NONE', #6147, .T. ) ;
#11127 = DIRECTION ( 'NONE',  ( 1.000000000000000000, 0.000000000000000000, 0.000000000000000000 ) ) ;
#11128 = DIRECTION ( 'NONE',  ( -1.000000000000000000, -0.000000000000000000, -0.000000000000000000 ) ) ;
#11129 = FACE_OUTER_BOUND ( 'NONE', #1522, .T. ) ;
#11130 = CARTESIAN_POINT ( 'NONE',  ( -0.09842519685035439059, -6.427456518701603419E-19, -0.09055118110236221041 ) ) ;
#11131 = EDGE_CURVE ( 'NONE', #1715, #6249, #6658, .T. ) ;
#11132 = VERTEX_POINT ( 'NONE', #1164 ) ;
#11133 = VERTEX_POINT ( 'NONE', #4714 ) ;
#11134 = FACE_OUTER_BOUND ( 'NONE', #5827, .T. ) ;
#11135 = EDGE_LOOP ( 'NONE', ( #9633, #3, #1329, #5739 ) ) ;
#11136 = ORIENTED_EDGE ( 'NONE', *, *, #3297, .F. ) ;
#11137 = VERTEX_POINT ( 'NONE', #8290 ) ;
#11138 = ADVANCED_FACE ( 'NONE', ( #308 ), #7410, .T. ) ;
#11139 = ORIENTED_EDGE ( 'NONE', *, *, #2827, .T. ) ;
#11140 = CARTESIAN_POINT ( 'NONE',  ( 0.1181102362204724532, -0.05118110236220473758, 0.2362204724409449064 ) ) ;
#11141 = AXIS2_PLACEMENT_3D ( 'NONE', #654, #5187, #1574 ) ;
#11142 = DIRECTION ( 'NONE',  ( 1.000000000000000000, 0.000000000000000000, 0.000000000000000000 ) ) ;
#11143 = CARTESIAN_POINT ( 'NONE',  ( 8.437527159479655922E-19, -0.1220472440944882220, 0.3208661417322835052 ) ) ;
#11144 = DIRECTION ( 'NONE',  ( 0.000000000000000000, 0.000000000000000000, -1.000000000000000000 ) ) ;
#11145 = FACE_OUTER_BOUND ( 'NONE', #10514, .T. ) ;
#11146 = CYLINDRICAL_SURFACE ( 'NONE', #8415, 0.003821856477086623891 ) ;
#11147 = CARTESIAN_POINT ( 'NONE',  ( 0.000000000000000000, 0.08858267716535435377, 0.003937007874015749712 ) ) ;
#11148 = EDGE_CURVE ( 'NONE', #7612, #6117, #2099, .T. ) ;
#11149 = ORIENTED_EDGE ( 'NONE', *, *, #1112, .T. ) ;
#11150 = LINE ( 'NONE', #9342, #8389 ) ;
#11151 = VERTEX_POINT ( 'NONE', #362 ) ;
#11152 = FACE_OUTER_BOUND ( 'NONE', #9033, .T. ) ;
#11153 = DIRECTION ( 'NONE',  ( 0.000000000000000000, 1.000000000000000000, 0.000000000000000000 ) ) ;
#11154 = CYLINDRICAL_SURFACE ( 'NONE', #4011, 0.01771653543307086243 ) ;
#11155 = LINE ( 'NONE', #4272, #10629 ) ;
#11156 = CARTESIAN_POINT ( 'NONE',  ( -0.02557500142956697919, 0.08575581643604079929, 0.3450974798729007365 ) ) ;
#11157 = DIRECTION ( 'NONE',  ( -1.000000000000000000, 0.000000000000000000, 0.000000000000000000 ) ) ;
#11158 = EDGE_CURVE ( 'NONE', #5713, #2501, #1060, .T. ) ;
#11159 = EDGE_LOOP ( 'NONE', ( #8364, #3120, #784, #2479 ) ) ;
#11160 = EDGE_CURVE ( 'NONE', #5266, #5893, #6948, .T. ) ;
#11161 = CARTESIAN_POINT ( 'NONE',  ( 0.03149606299213194432, 0.05226739388720805235, 0.4556692913385826382 ) ) ;
#11162 = AXIS2_PLACEMENT_3D ( 'NONE', #2537, #5203, #8663 ) ;
#11163 = EDGE_LOOP ( 'NONE', ( #6992, #4032, #4202, #886 ) ) ;
#11164 = VERTEX_POINT ( 'NONE', #11431 ) ;
#11165 = CARTESIAN_POINT ( 'NONE',  ( -0.02559055118110236879, 0.04704135792117932618, 0.3684077195376289637 ) ) ;
#11166 = CARTESIAN_POINT ( 'NONE',  ( 0.1076911550810758927, 0.08571983255540853441, 0.3838582677165355284 ) ) ;
#11167 = VERTEX_POINT ( 'NONE', #711 ) ;
#11168 = CARTESIAN_POINT ( 'NONE',  ( -0.02559055118110236879, 0.05940884125086643569, 0.3625993136317985366 ) ) ;
#11169 = VECTOR ( 'NONE', #885, 39.37007874015748143 ) ;
#11170 = DIRECTION ( 'NONE',  ( 1.000000000000000000, 0.000000000000000000, 0.000000000000000000 ) ) ;
#11171 = CARTESIAN_POINT ( 'NONE',  ( 0.1417322834645669549, -0.01968503937007873988, 0.3188976377952755792 ) ) ;
#11172 = ADVANCED_FACE ( 'NONE', ( #4211 ), #10504, .T. ) ;
#11173 = PLANE ( 'NONE',  #4855 ) ;
#11174 = VERTEX_POINT ( 'NONE', #8812 ) ;
#11175 = VERTEX_POINT ( 'NONE', #11318 ) ;
#11176 = AXIS2_PLACEMENT_3D ( 'NONE', #8499, #7560, #10060 ) ;
#11177 = CARTESIAN_POINT ( 'NONE',  ( 0.02742356326501433142, 0.09754319287640647596, 0.1636115918753444642 ) ) ;
#11178 = VECTOR ( 'NONE', #9498, 39.37007874015748143 ) ;
#11179 = ORIENTED_EDGE ( 'NONE', *, *, #10792, .T. ) ;
#11180 = ORIENTED_EDGE ( 'NONE', *, *, #10856, .F. ) ;
#11181 = DIRECTION ( 'NONE',  ( 0.000000000000000000, 1.000000000000000000, 0.000000000000000000 ) ) ;
#11182 = CARTESIAN_POINT ( 'NONE',  ( 0.1082677165354330728, -0.09842519685039370636, 0.01476377952755905665 ) ) ;
#11183 = LINE ( 'NONE', #3203, #401 ) ;
#11184 = CARTESIAN_POINT ( 'NONE',  ( 5.516923087892980751E-44, -0.09842519685039370636, 0.07677165354330708902 ) ) ;
#11185 = PERSON_AND_ORGANIZATION ( #2389, #10845 ) ;
#11186 = EDGE_CURVE ( 'NONE', #1596, #3768, #3333, .T. ) ;
#11187 = CARTESIAN_POINT ( 'NONE',  ( 0.03149606299212499849, 0.08464566929133858497, 0.2106299212598425064 ) ) ;
#11188 = PLANE ( 'NONE',  #3227 ) ;
#11189 = VERTEX_POINT ( 'NONE', #5132 ) ;
#11190 = ORIENTED_EDGE ( 'NONE', *, *, #8164, .F. ) ;
#11191 = DIRECTION ( 'NONE',  ( 0.000000000000000000, 0.000000000000000000, 1.000000000000000000 ) ) ;
#11192 = ORIENTED_EDGE ( 'NONE', *, *, #1215, .T. ) ;
#11193 = EDGE_LOOP ( 'NONE', ( #833, #11227, #7866, #2100 ) ) ;
#11194 = VERTEX_POINT ( 'NONE', #4261 ) ;
#11195 = ORIENTED_EDGE ( 'NONE', *, *, #11013, .T. ) ;
#11196 = AXIS2_PLACEMENT_3D ( 'NONE', #191, #10318, #2862 ) ;
#11197 = DIRECTION ( 'NONE',  ( -0.4657464328327953762, 0.000000000000000000, 0.8849182223818913284 ) ) ;
#11198 = VECTOR ( 'NONE', #5218, 39.37007874015748143 ) ;
#11199 = CARTESIAN_POINT ( 'NONE',  ( -0.1082677165354330728, 0.08464566929133858497, 0.3858267716535433989 ) ) ;
#11200 = CARTESIAN_POINT ( 'NONE',  ( 0.07322834645668319098, 0.09153543307086615954, 0.1122047244094522972 ) ) ;
#11201 = ADVANCED_FACE ( 'NONE', ( #11375 ), #9568, .T. ) ;
#11202 = CARTESIAN_POINT ( 'NONE',  ( 0.000000000000000000, 0.07534629536877952838, 0.4330708661417322913 ) ) ;
#11203 = DIRECTION ( 'NONE',  ( 0.000000000000000000, 0.000000000000000000, -1.000000000000000000 ) ) ;
#11204 = CARTESIAN_POINT ( 'NONE',  ( 0.07342519685039371191, 0.09842519685039370636, 0.3858267716535433989 ) ) ;
#11205 = CARTESIAN_POINT ( 'NONE',  ( -0.1165570876801134831, 0.08950574583313872234, 0.3838582677165355284 ) ) ;
#11206 = ADVANCED_FACE ( 'NONE', ( #5904 ), #10446, .F. ) ;
#11207 = AXIS2_PLACEMENT_3D ( 'NONE', #6747, #3942, #10304 ) ;
#11208 = ORIENTED_EDGE ( 'NONE', *, *, #5354, .F. ) ;
#11209 = CARTESIAN_POINT ( 'NONE',  ( 0.02559055034911773482, 0.09340858812917152143, 0.04105305495531192533 ) ) ;
#11210 = ORIENTED_EDGE ( 'NONE', *, *, #10454, .T. ) ;
#11211 = LINE ( 'NONE', #2525, #7142 ) ;
#11212 = VECTOR ( 'NONE', #8811, 39.37007874015748143 ) ;
#11213 = LINE ( 'NONE', #9576, #7534 ) ;
#11214 = EDGE_CURVE ( 'NONE', #5714, #4732, #2570, .T. ) ;
#11215 = CARTESIAN_POINT ( 'NONE',  ( 0.1131889763779527630, -0.05905511811023622659, 0.1692913385826771699 ) ) ;
#11216 = DIRECTION ( 'NONE',  ( 0.000000000000000000, 1.000000000000000000, 0.000000000000000000 ) ) ;
#11217 = LINE ( 'NONE', #10347, #3835 ) ;
#11218 = ADVANCED_FACE ( 'NONE', ( #816 ), #9457, .T. ) ;
#11219 = DIRECTION ( 'NONE',  ( 0.000000000000000000, 1.000000000000000000, 0.000000000000000000 ) ) ;
#11220 = CARTESIAN_POINT ( 'NONE',  ( 0.1181102362204724532, -0.08070866141732283006, 0.07086614173228347746 ) ) ;
#11221 = AXIS2_PLACEMENT_3D ( 'NONE', #5302, #7988, #7110 ) ;
#11222 = ORIENTED_EDGE ( 'NONE', *, *, #4227, .F. ) ;
#11223 = VERTEX_POINT ( 'NONE', #3446 ) ;
#11224 = CARTESIAN_POINT ( 'NONE',  ( -0.1082677165354330451, 0.08428761307077947684, 0.3838582677165354173 ) ) ;
#11225 = DIRECTION ( 'NONE',  ( 0.000000000000000000, 0.000000000000000000, -1.000000000000000000 ) ) ;
#11226 = EDGE_CURVE ( 'NONE', #10540, #4914, #3134, .T. ) ;
#11227 = ORIENTED_EDGE ( 'NONE', *, *, #9580, .F. ) ;
#11228 = CC_DESIGN_SECURITY_CLASSIFICATION ( #1718, ( #10298 ) ) ;
#11229 = CIRCLE ( 'NONE', #6762, 0.003856965870551185352 ) ;
#11230 = CARTESIAN_POINT ( 'NONE',  ( 0.1082677165354330728, 0.09842519685039370636, 0.02952755905511810636 ) ) ;
#11231 = PLANE ( 'NONE',  #5392 ) ;
#11232 = CARTESIAN_POINT ( 'NONE',  ( 0.09842519685039370636, 0.1031496062992126317, 0.000000000000000000 ) ) ;
#11233 = CARTESIAN_POINT ( 'NONE',  ( -0.07283464566929134798, 0.08858267716535435377, 0.2362204724409449341 ) ) ;
#11234 = VERTEX_POINT ( 'NONE', #6833 ) ;
#11235 = ORIENTED_EDGE ( 'NONE', *, *, #7650, .T. ) ;
#11236 = VECTOR ( 'NONE', #1421, 39.37007874015748143 ) ;
#11237 = ORIENTED_EDGE ( 'NONE', *, *, #9441, .F. ) ;
#11238 = VERTEX_POINT ( 'NONE', #9627 ) ;
#11239 = ADVANCED_FACE ( 'NONE', ( #3391 ), #6127, .T. ) ;
#11240 = EDGE_CURVE ( 'NONE', #6035, #7699, #8754, .T. ) ;
#11241 = ORIENTED_EDGE ( 'NONE', *, *, #2579, .F. ) ;
#11242 = CARTESIAN_POINT ( 'NONE',  ( -0.1131889763779527630, -0.05905511811023622659, 0.1023622047244094752 ) ) ;
#11243 = CARTESIAN_POINT ( 'NONE',  ( -0.02804193388636077450, 0.09786793003338332964, 0.03381320141803044466 ) ) ;
#11244 = DIRECTION ( 'NONE',  ( 0.000000000000000000, 0.000000000000000000, 1.000000000000000000 ) ) ;
#11245 = VECTOR ( 'NONE', #6956, 39.37007874015748143 ) ;
#11246 = FACE_OUTER_BOUND ( 'NONE', #2864, .T. ) ;
#11247 = CALENDAR_DATE ( 2024, 1, 10 ) ;
#11248 = DIRECTION ( 'NONE',  ( 0.000000000000000000, 0.000000000000000000, 1.000000000000000000 ) ) ;
#11249 = DIRECTION ( 'NONE',  ( 0.000000000000000000, 1.000000000000000000, 0.000000000000000000 ) ) ;
#11250 = ORIENTED_EDGE ( 'NONE', *, *, #4413, .T. ) ;
#11251 = VERTEX_POINT ( 'NONE', #8702 ) ;
#11252 = DIRECTION ( 'NONE',  ( 0.5812381937191153369, 0.000000000000000000, -0.8137334712067214593 ) ) ;
#11253 = ORIENTED_EDGE ( 'NONE', *, *, #7020, .F. ) ;
#11254 = ORIENTED_EDGE ( 'NONE', *, *, #5433, .T. ) ;
#11255 = EDGE_LOOP ( 'NONE', ( #4984, #5426, #1999, #3254 ) ) ;
#11256 = AXIS2_PLACEMENT_3D ( 'NONE', #4281, #4112, #9590 ) ;
#11257 = LINE ( 'NONE', #7642, #2252 ) ;
#11258 = DIRECTION ( 'NONE',  ( 0.000000000000000000, 0.000000000000000000, -1.000000000000000000 ) ) ;
#11259 = EDGE_CURVE ( 'NONE', #3308, #7367, #6077, .T. ) ;
#11260 = DIRECTION ( 'NONE',  ( 0.000000000000000000, -0.7318681006979860237, 0.6814463171671870656 ) ) ;
#11261 = CARTESIAN_POINT ( 'NONE',  ( 0.02559242960493307226, 0.08909599058940945171, 0.04559434750362204719 ) ) ;
#11262 = CARTESIAN_POINT ( 'NONE',  ( -0.1181102362204724532, 0.05905511811023622659, 0.08858267716535435377 ) ) ;
#11263 = CARTESIAN_POINT ( 'NONE',  ( -0.02511328593585827190, 0.08858324243870079051, 0.03637021459995275902 ) ) ;
#11264 = CARTESIAN_POINT ( 'NONE',  ( -0.1082677165354330728, -0.08534683954762273261, 0.3129921259842520787 ) ) ;
#11265 = VECTOR ( 'NONE', #5638, 39.37007874015748143 ) ;
#11266 = CARTESIAN_POINT ( 'NONE',  ( 0.09055118110236221041, 0.02362204724409448786, 0.03149606299212598381 ) ) ;
#11267 = ORIENTED_EDGE ( 'NONE', *, *, #3228, .T. ) ;
#11268 = ORIENTED_EDGE ( 'NONE', *, *, #8625, .T. ) ;
#11269 = CARTESIAN_POINT ( 'NONE',  ( -0.1244494698206299321, -0.08267716535433072833, 0.09055118110236221041 ) ) ;
#11270 = VERTEX_POINT ( 'NONE', #5244 ) ;
#11271 = DIRECTION ( 'NONE',  ( 1.000000000000000000, 0.000000000000000000, 0.000000000000000000 ) ) ;
#11272 = EDGE_CURVE ( 'NONE', #31, #10409, #720, .T. ) ;
#11273 = VECTOR ( 'NONE', #1838, 39.37007874015748143 ) ;
#11274 = VECTOR ( 'NONE', #10267, 39.37007874015748143 ) ;
#11275 = FACE_OUTER_BOUND ( 'NONE', #5529, .T. ) ;
#11276 = DIRECTION ( 'NONE',  ( 0.000000000000000000, 0.000000000000000000, -1.000000000000000000 ) ) ;
#11277 = DIRECTION ( 'NONE',  ( 6.195440985631205840E-16, 1.000000000000000000, -0.000000000000000000 ) ) ;
#11278 = PLANE ( 'NONE',  #5898 ) ;
#11279 = DIRECTION ( 'NONE',  ( 1.000000000000000000, 0.000000000000000000, 0.000000000000000000 ) ) ;
#11280 = ORIENTED_EDGE ( 'NONE', *, *, #1215, .F. ) ;
#11281 = CARTESIAN_POINT ( 'NONE',  ( 0.1406312231058267637, -0.08812772974917322533, 0.08669421523181103373 ) ) ;
#11282 = VECTOR ( 'NONE', #722, 39.37007874015748143 ) ;
#11283 = VECTOR ( 'NONE', #2375, 39.37007874015748143 ) ;
#11284 = ADVANCED_FACE ( 'NONE', ( #10392 ), #5071, .T. ) ;
#11285 = ORIENTED_EDGE ( 'NONE', *, *, #7589, .F. ) ;
#11286 = ORIENTED_EDGE ( 'NONE', *, *, #2885, .T. ) ;
#11287 = CARTESIAN_POINT ( 'NONE',  ( -0.1040129294428360773, 0.08858267716535438152, 0.3838582677165355284 ) ) ;
#11288 = EDGE_CURVE ( 'NONE', #5873, #1430, #2680, .T. ) ;
#11289 = CARTESIAN_POINT ( 'NONE',  ( 0.1131889763779527630, -0.05905511811023622659, 0.04133858267716536417 ) ) ;
#11290 = EDGE_LOOP ( 'NONE', ( #3452, #4458, #11235, #4228, #525, #4608, #9064, #7382 ) ) ;
#11291 = AXIS2_PLACEMENT_3D ( 'NONE', #3689, #5435, #9990 ) ;
#11292 = DIRECTION ( 'NONE',  ( -1.000000000000000000, 0.000000000000000000, 0.000000000000000000 ) ) ;
#11293 = DIRECTION ( 'NONE',  ( 1.000000000000000000, 0.000000000000000000, 0.000000000000000000 ) ) ;
#11294 = EDGE_CURVE ( 'NONE', #4229, #8476, #7531, .T. ) ;
#11295 = AXIS2_PLACEMENT_3D ( 'NONE', #2801, #9812, #3679 ) ;
#11296 = ORIENTED_EDGE ( 'NONE', *, *, #1991, .F. ) ;
#11297 = VERTEX_POINT ( 'NONE', #6294 ) ;
#11298 = ORIENTED_EDGE ( 'NONE', *, *, #7759, .T. ) ;
#11299 = ORIENTED_EDGE ( 'NONE', *, *, #4798, .F. ) ;
#11300 = DIRECTION ( 'NONE',  ( 0.000000000000000000, 0.000000000000000000, 1.000000000000000000 ) ) ;
#11301 = CARTESIAN_POINT ( 'NONE',  ( 0.000000000000000000, 0.09842519685039370636, 0.2470472440944881942 ) ) ;
#11302 = CARTESIAN_POINT ( 'NONE',  ( -0.09053040675204687693, -0.002020648553824807951, -0.09842519685038113308 ) ) ;
#11303 = DIRECTION ( 'NONE',  ( 0.000000000000000000, 0.000000000000000000, -1.000000000000000000 ) ) ;
#11304 = CARTESIAN_POINT ( 'NONE',  ( 0.02559055118110236879, 0.05216292877700787894, 0.3660023665961417150 ) ) ;
#11305 = EDGE_LOOP ( 'NONE', ( #9839, #5054, #3224, #4804 ) ) ;
#11306 = EDGE_CURVE ( 'NONE', #1024, #6189, #8152, .T. ) ;
#11307 = VERTEX_POINT ( 'NONE', #69 ) ;
#11308 = LINE ( 'NONE', #3322, #3358 ) ;
#11309 = EDGE_CURVE ( 'NONE', #1823, #5428, #7986, .T. ) ;
#11310 = ORIENTED_EDGE ( 'NONE', *, *, #2817, .T. ) ;
#11311 = EDGE_LOOP ( 'NONE', ( #9952, #982, #7059, #2447 ) ) ;
#11312 = DIRECTION ( 'NONE',  ( 0.000000000000000000, 1.000000000000000000, 0.000000000000000000 ) ) ;
#11313 = CARTESIAN_POINT ( 'NONE',  ( 0.1181102362204724532, -0.08070866141732283006, 0.3346456692913385988 ) ) ;
#11314 = CARTESIAN_POINT ( 'NONE',  ( -0.1003937007874015630, 0.08070866141732283006, 0.03149606299212598381 ) ) ;
#11315 = CARTESIAN_POINT ( 'NONE',  ( 0.1082677165354330728, -0.05905511811023622659, 0.2992125984251968740 ) ) ;
#11316 = LINE ( 'NONE', #5129, #1938 ) ;
#11317 = FACE_OUTER_BOUND ( 'NONE', #8535, .T. ) ;
#11318 = CARTESIAN_POINT ( 'NONE',  ( 0.1082677165354330728, -0.08070866141732283006, 0.1771653543307087075 ) ) ;
#11319 = CARTESIAN_POINT ( 'NONE',  ( 0.04133774990314372649, 0.08858267716535435377, 0.1555118110236220763 ) ) ;
#11320 = ORIENTED_EDGE ( 'NONE', *, *, #5390, .T. ) ;
#11321 = ADVANCED_FACE ( 'NONE', ( #9737 ), #9848, .T. ) ;
#11322 = ORIENTED_EDGE ( 'NONE', *, *, #10932, .F. ) ;
#11323 = VECTOR ( 'NONE', #6186, 39.37007874015748143 ) ;
#11324 = CARTESIAN_POINT ( 'NONE',  ( -0.04024363234510665299, 0.09734024217479503305, 0.02952755913125195211 ) ) ;
#11325 = ORIENTED_EDGE ( 'NONE', *, *, #4985, .T. ) ;
#11326 = CYLINDRICAL_SURFACE ( 'NONE', #9755, 0.007874015748031499423 ) ;
#11327 = CARTESIAN_POINT ( 'NONE',  ( -0.03149606299212598381, 0.08464566929133858497, 0.2106299212598425064 ) ) ;
#11328 = DIRECTION ( 'NONE',  ( 0.000000000000000000, 0.000000000000000000, -1.000000000000000000 ) ) ;
#11329 = CARTESIAN_POINT ( 'NONE',  ( -0.09055118110236221041, 0.09842519685039370636, 0.03149606299212598381 ) ) ;
#11330 = CARTESIAN_POINT ( 'NONE',  ( -0.1406663324992913355, -0.07874015748031495954, 0.1771653543307087075 ) ) ;
#11331 = FACE_OUTER_BOUND ( 'NONE', #310, .T. ) ;
#11332 = VERTEX_POINT ( 'NONE', #1743 ) ;
#11333 = EDGE_CURVE ( 'NONE', #10083, #1633, #2735, .T. ) ;
#11334 = CARTESIAN_POINT ( 'NONE',  ( 0.1313389175165354250, -0.09842519685039370636, 0.3297527701047638371 ) ) ;
#11335 = ORIENTED_EDGE ( 'NONE', *, *, #3791, .T. ) ;
#11336 = ORIENTED_EDGE ( 'NONE', *, *, #9035, .T. ) ;
#11337 = DIRECTION ( 'NONE',  ( 0.000000000000000000, 0.000000000000000000, 1.000000000000000000 ) ) ;
#11338 = DIRECTION ( 'NONE',  ( 0.000000000000000000, 1.000000000000000000, 0.000000000000000000 ) ) ;
#11339 = CC_DESIGN_PERSON_AND_ORGANIZATION_ASSIGNMENT ( #11185, #6813, ( #3376 ) ) ;
#11340 = ORIENTED_EDGE ( 'NONE', *, *, #869, .T. ) ;
#11341 = EDGE_CURVE ( 'NONE', #10550, #8979, #5404, .T. ) ;
#11342 = CARTESIAN_POINT ( 'NONE',  ( -0.02558283220313263898, 0.08314926127263774780, 0.3484251968503936370 ) ) ;
#11343 = FACE_BOUND ( 'NONE', #5454, .T. ) ;
#11344 = AXIS2_PLACEMENT_3D ( 'NONE', #9112, #11109, #6494 ) ;
#11345 = EDGE_CURVE ( 'NONE', #2149, #4405, #3866, .T. ) ;
#11346 = ORIENTED_EDGE ( 'NONE', *, *, #6818, .T. ) ;
#11347 = CARTESIAN_POINT ( 'NONE',  ( 0.1406663324992519504, -0.08858267716535435377, 0.1771653543307087075 ) ) ;
#11348 = ORIENTED_EDGE ( 'NONE', *, *, #8317, .T. ) ;
#11349 = ORIENTED_EDGE ( 'NONE', *, *, #512, .T. ) ;
#11350 = VECTOR ( 'NONE', #113, 39.37007874015748143 ) ;
#11351 = ORIENTED_EDGE ( 'NONE', *, *, #551, .T. ) ;
#11352 = CARTESIAN_POINT ( 'NONE',  ( 0.1082677165354330728, -0.08070866141732283006, 0.3346456692913385988 ) ) ;
#11353 = EDGE_CURVE ( 'NONE', #8336, #6313, #10725, .T. ) ;
#11354 = DIRECTION ( 'NONE',  ( 1.000000000000000000, 0.000000000000000000, 0.000000000000000000 ) ) ;
#11355 = DIRECTION ( 'NONE',  ( 0.000000000000000000, 1.000000000000000000, 0.000000000000000000 ) ) ;
#11356 = CARTESIAN_POINT ( 'NONE',  ( 0.09842519685039370636, 0.1007874015748031621, 0.2165354330708661457 ) ) ;
#11357 = DIRECTION ( 'NONE',  ( 1.000000000000000000, 0.000000000000000000, 0.000000000000000000 ) ) ;
#11358 = EDGE_CURVE ( 'NONE', #5649, #5989, #3717, .T. ) ;
#11359 = ORIENTED_EDGE ( 'NONE', *, *, #11044, .F. ) ;
#11360 = AXIS2_PLACEMENT_3D ( 'NONE', #8057, #1758, #1642 ) ;
#11361 = ORIENTED_EDGE ( 'NONE', *, *, #7356, .F. ) ;
#11362 = DIRECTION ( 'NONE',  ( 1.000000000000000000, 0.000000000000000000, 0.000000000000000000 ) ) ;
#11363 = ORIENTED_EDGE ( 'NONE', *, *, #3501, .T. ) ;
#11364 = ORIENTED_EDGE ( 'NONE', *, *, #11510, .T. ) ;
#11365 = ORIENTED_EDGE ( 'NONE', *, *, #5029, .T. ) ;
#11366 = DIRECTION ( 'NONE',  ( 0.000000000000000000, 0.000000000000000000, 1.000000000000000000 ) ) ;
#11367 = VECTOR ( 'NONE', #8138, 39.37007874015748143 ) ;
#11368 = CARTESIAN_POINT ( 'NONE',  ( -0.1059055118110236310, 0.02362204724409448786, 0.03149606299212598381 ) ) ;
#11369 = ADVANCED_FACE ( 'NONE', ( #6242 ), #5300, .T. ) ;
#11370 = AXIS2_PLACEMENT_3D ( 'NONE', #8592, #3287, #8534 ) ;
#11371 = EDGE_CURVE ( 'NONE', #8033, #976, #4479, .T. ) ;
#11372 = CARTESIAN_POINT ( 'NONE',  ( 0.03337349107985827096, 0.09069428043370078574, 0.02852520594937402870 ) ) ;
#11373 = CARTESIAN_POINT ( 'NONE',  ( -0.04744094488188976833, 0.09153543307086615954, 0.08464566929133858497 ) ) ;
#11374 = DIRECTION ( 'NONE',  ( 0.000000000000000000, 0.000000000000000000, -1.000000000000000000 ) ) ;
#11375 = FACE_OUTER_BOUND ( 'NONE', #4567, .T. ) ;
#11376 = CARTESIAN_POINT ( 'NONE',  ( 0.1244494698206299321, -0.09842519685039370636, 0.05118110236220473758 ) ) ;
#11377 = VERTEX_POINT ( 'NONE', #9961 ) ;
#11378 = VERTEX_POINT ( 'NONE', #8210 ) ;
#11379 = VECTOR ( 'NONE', #11045, 39.37007874015748143 ) ;
#11380 = AXIS2_PLACEMENT_3D ( 'NONE', #9728, #10601, #1734 ) ;
#11381 = CYLINDRICAL_SURFACE ( 'NONE', #2050, 0.01574803149606299191 ) ;
#11382 = ORIENTED_EDGE ( 'NONE', *, *, #9165, .T. ) ;
#11383 = CARTESIAN_POINT ( 'NONE',  ( 0.1238066421755118218, -0.08858267716535435377, 0.3129921259842520231 ) ) ;
#11384 = DIRECTION ( 'NONE',  ( 1.000000000000000000, 0.000000000000000000, 0.000000000000000000 ) ) ;
#11385 = EDGE_CURVE ( 'NONE', #5893, #4290, #5288, .T. ) ;
#11386 = EDGE_CURVE ( 'NONE', #117, #6954, #10669, .T. ) ;
#11387 = DIRECTION ( 'NONE',  ( 1.453678890483372537E-16, 0.000000000000000000, 1.000000000000000000 ) ) ;
#11388 = VECTOR ( 'NONE', #6569, 39.37007874015748143 ) ;
#11389 = CARTESIAN_POINT ( 'NONE',  ( 0.1244494698206299321, -0.06692913385826770867, 0.09055118110236221041 ) ) ;
#11390 = AXIS2_PLACEMENT_3D ( 'NONE', #2378, #7688, #8794 ) ;
#11391 = LINE ( 'NONE', #11500, #9048 ) ;
#11392 = CARTESIAN_POINT ( 'NONE',  ( -0.1181102362204724532, -0.01771653543307087283, 0.3169291338582677642 ) ) ;
#11393 = EDGE_LOOP ( 'NONE', ( #600, #6097, #3832, #681 ) ) ;
#11394 = CARTESIAN_POINT ( 'NONE',  ( 0.04133598451196850154, 0.09842519685039370636, 0.3326771655686600049 ) ) ;
#11395 = EDGE_LOOP ( 'NONE', ( #7698, #3538, #2912, #3504 ) ) ;
#11396 = AXIS2_PLACEMENT_3D ( 'NONE', #4260, #6185, #9566 ) ;
#11397 = CARTESIAN_POINT ( 'NONE',  ( 0.000000000000000000, 0.09842519685039370636, 0.2106299212598425064 ) ) ;
#11398 = CARTESIAN_POINT ( 'NONE',  ( 0.000000000000000000, 0.09842519685039370636, 0.2165354330708661457 ) ) ;
#11399 = EDGE_CURVE ( 'NONE', #7197, #1824, #5352, .T. ) ;
#11400 = ORIENTED_EDGE ( 'NONE', *, *, #5334, .F. ) ;
#11401 = DIRECTION ( 'NONE',  ( 0.000000000000000000, 0.000000000000000000, 1.000000000000000000 ) ) ;
#11402 = CARTESIAN_POINT ( 'NONE',  ( -0.02559055118110236532, 0.08450238218536144930, 0.1695446396609202044 ) ) ;
#11403 = VECTOR ( 'NONE', #2485, 39.37007874015748143 ) ;
#11404 = EDGE_LOOP ( 'NONE', ( #7683, #2926, #1981, #3872 ) ) ;
#11405 = LINE ( 'NONE', #1605, #2630 ) ;
#11406 = ORIENTED_EDGE ( 'NONE', *, *, #5552, .F. ) ;
#11407 = EDGE_LOOP ( 'NONE', ( #6722, #7389, #2025, #2351, #2789, #8495 ) ) ;
#11408 = VECTOR ( 'NONE', #9063, 39.37007874015748143 ) ;
#11409 = EDGE_CURVE ( 'NONE', #8979, #1653, #4875, .T. ) ;
#11410 = CARTESIAN_POINT ( 'NONE',  ( 0.1082677165354330728, 0.000000000000000000, 0.2165354330708661457 ) ) ;
#11411 = CARTESIAN_POINT ( 'NONE',  ( 0.1181102362204798223, -0.08278827590172778417, 0.2165354330708653408 ) ) ;
#11412 = CARTESIAN_POINT ( 'NONE',  ( 0.1393455678156299282, -0.07874015748031495954, 0.3562992125984252301 ) ) ;
#11413 = DIRECTION ( 'NONE',  ( 0.4657464328327953762, 0.000000000000000000, -0.8849182223818913284 ) ) ;
#11414 = PERSON_AND_ORGANIZATION ( #2389, #10845 ) ;
#11415 = LINE ( 'NONE', #6869, #7851 ) ;
#11416 = VECTOR ( 'NONE', #1597, 39.37007874015748143 ) ;
#11417 = ORIENTED_EDGE ( 'NONE', *, *, #1547, .T. ) ;
#11418 = ORIENTED_EDGE ( 'NONE', *, *, #3430, .T. ) ;
#11419 = CARTESIAN_POINT ( 'NONE',  ( 0.000000000000000000, 0.05148199376639924635, 0.2054966182813504905 ) ) ;
#11420 = ADVANCED_FACE ( 'NONE', ( #2265 ), #2959, .T. ) ;
#11421 = ORIENTED_EDGE ( 'NONE', *, *, #6088, .F. ) ;
#11422 = VERTEX_POINT ( 'NONE', #9140 ) ;
#11423 = CYLINDRICAL_SURFACE ( 'NONE', #11380, 0.01377952755905510404 ) ;
#11424 = CARTESIAN_POINT ( 'NONE',  ( 0.1428063554290708026, -0.08813603796283467351, 0.2094395362842870201 ) ) ;
#11425 = EDGE_CURVE ( 'NONE', #10327, #2829, #5732, .T. ) ;
#11426 = VECTOR ( 'NONE', #8466, 39.37007874015748143 ) ;
#11427 = DIRECTION ( 'NONE',  ( 0.000000000000000000, -1.000000000000000000, 0.000000000000000000 ) ) ;
#11428 = LINE ( 'NONE', #594, #11467 ) ;
#11429 = CARTESIAN_POINT ( 'NONE',  ( -0.1181102362204724532, 0.0009842519685039369942, 0.3562992125984252301 ) ) ;
#11430 = CARTESIAN_POINT ( 'NONE',  ( -0.04158159303492126035, 0.08831279740263779654, 0.02952973201241733403 ) ) ;
#11431 = CARTESIAN_POINT ( 'NONE',  ( -0.09389763779527558751, 0.09842519685039370636, 0.1555118110236220763 ) ) ;
#11432 = CARTESIAN_POINT ( 'NONE',  ( -0.1131889763779527630, -0.02362204724409448786, 0.1968503937007874127 ) ) ;
#11433 = ORIENTED_EDGE ( 'NONE', *, *, #8792, .F. ) ;
#11434 = EDGE_LOOP ( 'NONE', ( #5274, #8761 ) ) ;
#11435 = VECTOR ( 'NONE', #6852, 39.37007874015748143 ) ;
#11436 = ADVANCED_FACE ( 'NONE', ( #9260 ), #9378, .T. ) ;
#11437 = FACE_OUTER_BOUND ( 'NONE', #3339, .T. ) ;
#11438 = CARTESIAN_POINT ( 'NONE',  ( 0.05413385826771653642, 0.08464566929133858497, 0.000000000000000000 ) ) ;
#11439 = ORIENTED_EDGE ( 'NONE', *, *, #551, .F. ) ;
#11440 = FACE_OUTER_BOUND ( 'NONE', #4365, .T. ) ;
#11441 = CARTESIAN_POINT ( 'NONE',  ( 0.03149606299213396354, 0.06348234447478777465, 0.3029921271622834644 ) ) ;
#11442 = CIRCLE ( 'NONE', #11067, 0.01574803149606299885 ) ;
#11443 = DIRECTION ( 'NONE',  ( -1.000000000000000000, 0.000000000000000000, 0.000000000000000000 ) ) ;
#11444 = CARTESIAN_POINT ( 'NONE',  ( 0.02559055118110236879, 0.06156455950039370351, 0.1870824264912204771 ) ) ;
#11445 = AXIS2_PLACEMENT_3D ( 'NONE', #9536, #7789, #10636 ) ;
#11446 = CARTESIAN_POINT ( 'NONE',  ( -0.1181102362204724532, -0.05905511811023622659, 0.04133858267716536417 ) ) ;
#11447 = DIRECTION ( 'NONE',  ( 0.000000000000000000, 1.000000000000000000, 0.000000000000000000 ) ) ;
#11448 = DIRECTION ( 'NONE',  ( -0.5599433005135097119, 0.000000000000000000, 0.8285309289399144239 ) ) ;
#11449 = ORIENTED_EDGE ( 'NONE', *, *, #5057, .T. ) ;
#11450 = PLANE ( 'NONE',  #367 ) ;
#11451 = EDGE_CURVE ( 'NONE', #4404, #353, #2144, .T. ) ;
#11452 = ADVANCED_FACE ( 'NONE', ( #9320 ), #5577, .F. ) ;
#11453 = AXIS2_PLACEMENT_3D ( 'NONE', #4373, #10768, #1741 ) ;
#11454 = ORIENTED_EDGE ( 'NONE', *, *, #11066, .F. ) ;
#11455 = CIRCLE ( 'NONE', #283, 0.007874015748031499423 ) ;
#11456 = ORIENTED_EDGE ( 'NONE', *, *, #9359, .F. ) ;
#11457 = DIRECTION ( 'NONE',  ( -1.000000000000000000, 0.000000000000000000, 0.000000000000000000 ) ) ;
#11458 = DIRECTION ( 'NONE',  ( 0.000000000000000000, 0.000000000000000000, -1.000000000000000000 ) ) ;
#11459 = ORIENTED_EDGE ( 'NONE', *, *, #110, .T. ) ;
#11460 = VECTOR ( 'NONE', #186, 39.37007874015748143 ) ;
#11461 = CARTESIAN_POINT ( 'NONE',  ( -0.02559055118110236879, 0.05216292877700969693, 0.3660023665961456008 ) ) ;
#11462 = AXIS2_PLACEMENT_3D ( 'NONE', #7089, #6165, #10707 ) ;
#11463 = CARTESIAN_POINT ( 'NONE',  ( 0.02548937325961811093, 0.09589300402539370494, 0.03820400622359056142 ) ) ;
#11464 = EDGE_CURVE ( 'NONE', #1824, #5798, #715, .T. ) ;
#11465 = EDGE_LOOP ( 'NONE', ( #4630, #9908, #7569, #10987 ) ) ;
#11466 = VERTEX_POINT ( 'NONE', #6581 ) ;
#11467 = VECTOR ( 'NONE', #7647, 39.37007874015748143 ) ;
#11468 = VERTEX_POINT ( 'NONE', #10254 ) ;
#11469 = DIRECTION ( 'NONE',  ( 0.000000000000000000, 0.000000000000000000, -1.000000000000000000 ) ) ;
#11470 = CARTESIAN_POINT ( 'NONE',  ( 0.03149606299212598381, 0.08464566929133858497, 0.3799212598425197318 ) ) ;
#11471 = LINE ( 'NONE', #1727, #8961 ) ;
#11472 = CIRCLE ( 'NONE', #2900, 0.007874015748031482076 ) ;
#11473 = ORIENTED_EDGE ( 'NONE', *, *, #9994, .F. ) ;
#11474 = PLANE ( 'NONE',  #10421 ) ;
#11475 = EDGE_CURVE ( 'NONE', #2326, #4052, #348, .T. ) ;
#11476 = ORIENTED_EDGE ( 'NONE', *, *, #2244, .F. ) ;
#11477 = ORIENTED_EDGE ( 'NONE', *, *, #6870, .F. ) ;
#11478 = EDGE_LOOP ( 'NONE', ( #2943, #3438, #10587, #9343 ) ) ;
#11479 = CARTESIAN_POINT ( 'NONE',  ( 0.1078210773329134065, -0.05118110236220473758, 0.2362204724409448509 ) ) ;
#11480 = LINE ( 'NONE', #2510, #6589 ) ;
#11481 = CARTESIAN_POINT ( 'NONE',  ( 0.07283464566929134798, 0.08858267716535435377, 0.1102362204724409434 ) ) ;
#11482 = PLANE ( 'NONE',  #6624 ) ;
#11483 = DIRECTION ( 'NONE',  ( 0.000000000000000000, 0.000000000000000000, 1.000000000000000000 ) ) ;
#11484 = CARTESIAN_POINT ( 'NONE',  ( -0.02545515992249606022, 0.09364268617503938852, 0.04130478400161417818 ) ) ;
#11485 = ADVANCED_FACE ( 'NONE', ( #4815 ), #1384, .T. ) ;
#11486 = CARTESIAN_POINT ( 'NONE',  ( -0.1259842519685039353, -0.09842519685039369248, 0.3129921259842520231 ) ) ;
#11487 = FACE_OUTER_BOUND ( 'NONE', #10972, .T. ) ;
#11488 = ORIENTED_EDGE ( 'NONE', *, *, #4809, .F. ) ;
#11489 = EDGE_CURVE ( 'NONE', #3725, #8033, #4939, .T. ) ;
#11490 = ORIENTED_EDGE ( 'NONE', *, *, #1608, .F. ) ;
#11491 = CARTESIAN_POINT ( 'NONE',  ( -0.1131889763779527630, -0.05905511811023622659, 0.04133858267716536417 ) ) ;
#11492 = CARTESIAN_POINT ( 'NONE',  ( 0.1131889763779527630, -0.02362204724409448786, 0.05314960629921260116 ) ) ;
#11493 = ORIENTED_EDGE ( 'NONE', *, *, #6634, .T. ) ;
#11494 = CARTESIAN_POINT ( 'NONE',  ( -0.09389763779527558751, 0.08464566929133858497, 0.02952755905511811677 ) ) ;
#11495 = DIRECTION ( 'NONE',  ( -1.000000000000000000, 0.000000000000000000, 0.000000000000000000 ) ) ;
#11496 = CARTESIAN_POINT ( 'NONE',  ( -0.1078210773329134065, -0.05118110236220473758, 0.2362204724409448509 ) ) ;
#11497 = CARTESIAN_POINT ( 'NONE',  ( 0.04299097086775590520, 0.06299212598425196763, 0.1555118110236220763 ) ) ;
#11498 = CARTESIAN_POINT ( 'NONE',  ( 0.000000000000000000, 0.09350393700787401619, 0.1240157480314960647 ) ) ;
#11499 = EDGE_CURVE ( 'NONE', #10704, #10553, #4699, .T. ) ;
#11500 = CARTESIAN_POINT ( 'NONE',  ( 0.1181102362204724532, 0.01771653543307086937, 0.05314960629921260116 ) ) ;
#11501 = PLANE ( 'NONE',  #8017 ) ;
#11502 = ORIENTED_EDGE ( 'NONE', *, *, #528, .F. ) ;
#11503 = DIRECTION ( 'NONE',  ( 0.000000000000000000, -1.000000000000000000, 0.000000000000000000 ) ) ;
#11504 = ADVANCED_FACE ( 'NONE', ( #6692 ), #4604, .T. ) ;
#11505 = VERTEX_POINT ( 'NONE', #1266 ) ;
#11506 = FACE_BOUND ( 'NONE', #1055, .T. ) ;
#11507 = CARTESIAN_POINT ( 'NONE',  ( 0.1427909053053543209, -0.09842519685039370636, 0.08349859971618110721 ) ) ;
#11508 = ORIENTED_EDGE ( 'NONE', *, *, #2855, .F. ) ;
#11509 = ADVANCED_FACE ( 'NONE', ( #8390 ), #8453, .F. ) ;
#11510 = EDGE_CURVE ( 'NONE', #2627, #9851, #10196, .T. ) ;
#11511 = LINE ( 'NONE', #9764, #1865 ) ;
#11512 = LINE ( 'NONE', #6381, #9162 ) ;
#11513 = EDGE_LOOP ( 'NONE', ( #339, #7420, #11382, #658, #3323, #10507 ) ) ;
#11514 = ORIENTED_EDGE ( 'NONE', *, *, #7004, .F. ) ;
#11515 = CARTESIAN_POINT ( 'NONE',  ( 0.1082677165354331006, -0.01968503937007873988, 0.1811023622047244208 ) ) ;
#11516 = ORIENTED_EDGE ( 'NONE', *, *, #4317, .T. ) ;
#11517 = DIRECTION ( 'NONE',  ( 0.000000000000000000, 0.000000000000000000, -1.000000000000000000 ) ) ;
#11518 = EDGE_CURVE ( 'NONE', #994, #1460, #8270, .T. ) ;
#11519 = DIRECTION ( 'NONE',  ( 1.000000000000000000, 0.000000000000000000, 0.000000000000000000 ) ) ;
#11520 = CARTESIAN_POINT ( 'NONE',  ( -0.03657584318737995555, 0.1091779587369422905, 0.02985601929189800677 ) ) ;
#11521 = LINE ( 'NONE', #7094, #10815 ) ;
#11522 = VERTEX_POINT ( 'NONE', #10951 ) ;
#11523 = CARTESIAN_POINT ( 'NONE',  ( 0.02832362918155196044, 0.09414194284221646947, 0.03487436838531091099 ) ) ;
ENDSEC;
END-ISO-10303-21;
